date,ticker,label,score,close,vix_high_stress,sector_above_sma200,fwd_10,fwd_30,fwd_60
2016-04-11,AAPL,Strong Sell,-1.0,101.8978089576,False,True,-0.03614015776955862,-0.11007612101421373,-0.1183819541686062
2016-04-12,AAPL,Mild Buy,0.40327037267893195,103.225041472,False,True,-0.05514306410759847,-0.10812669527798204,-0.1259823814604861
2016-04-13,AAPL,Strong Buy,1.0,104.7205147277,False,True,-0.1269189575152494,-0.10541768498756177,-0.1318187290168908
2016-04-14,AAPL,Strong Buy,1.0,104.7765949747,False,True,-0.15405887600277238,-0.0988061369640787,-0.1295908690645908
2016-04-15,AAPL,Hold,0.06865154300481904,102.673585709,False,True,-0.1466545289036311,-0.08089699361957638,-0.10773278643107134
2016-04-18,AAPL,Strong Sell,-1.0,100.458415949,False,True,-0.12876814290967095,-0.06521706591437865,-0.09320626051632666
2016-04-19,AAPL,Strong Sell,-1.0,99.9256536017,False,True,-0.10971845477539593,-0.07340836968591222,-0.07030279140031052
2016-04-20,AAPL,Strong Sell,-1.0,100.1312811744,False,True,-0.12078782787303598,-0.0822609223620509,-0.07230591394700979
2016-04-21,AAPL,Strong Sell,-1.0,99.047063064,False,True,-0.1147494573933609,-0.07031603247538769,-0.05218187828810595
2016-04-22,AAPL,Strong Sell,-1.0,98.7760085364,False,True,-0.11727080708906493,-0.06100538937832662,-0.04920012407273076
2016-04-25,AAPL,Strong Sell,-1.0,98.2152060655,False,True,-0.11156024900250985,-0.05181389652745007,-0.04290939207203249
2016-04-26,AAPL,Strong Sell,-1.0,97.5328963926,False,True,-0.09927071982591702,-0.04604843737564576,-0.04132399563605894
2016-04-27,AAPL,Strong Sell,-1.0,91.429496168,False,True,-0.048501969709552714,0.024935452583166928,0.014752952853655762
2016-04-28,AAPL,Strong Sell,-1.0,88.63483052149999,False,True,-0.04152407932914385,0.04855186229702489,0.03274348149282045
2016-04-29,AAPL,Strong Sell,-1.0,87.61603936600001,False,True,-0.028447066957550834,0.04475212662741711,0.037561003504765454
2016-05-02,AAPL,Strong Sell,-1.0,87.5225722876,False,True,0.008691931693920088,0.047157175788179455,0.10614437971810142
2016-05-03,AAPL,Strong Sell,-1.0,88.9619652961,False,True,-0.01175112088655521,0.02683170517821995,0.10294029357961437
2016-05-04,AAPL,Strong Sell,-1.0,88.0366412192,False,True,0.010065500563494185,0.042003908418004436,0.11314430852034398
2016-05-05,AAPL,Strong Sell,-1.0,87.681466321,False,True,0.010296010295892883,0.022415272414636575,0.13738738738696096
2016-05-06,AAPL,Strong Sell,-1.0,87.1924662943,False,True,0.02696289905098934,0.025668679896560163,0.12683347713520227
2016-05-09,AAPL,Strong Sell,-1.0,87.258293221,False,True,0.03922836512548469,0.03362431296437375,0.14010130401975215
2016-05-10,AAPL,Strong Sell,-1.0,87.85073556100001,False,True,0.047955469920621295,0.02280025690404355,0.1393705844568414
2016-05-11,AAPL,Strong Sell,-1.0,86.9949855143,False,True,0.07685655604829038,0.038806615501362066,0.16807553970333752
2016-05-12,AAPL,Strong Sell,-1.0,84.9543507876,False,True,0.11146778835466292,0.033872038963541906,0.20603785591820284
2016-05-13,AAPL,Strong Sell,-1.0,85.1236200276,False,True,0.1085947856823145,0.016791869200775935,0.2085266112101984
2016-05-16,AAPL,Strong Sell,-1.0,88.2833125076,False,True,0.06369833830505499,-0.003089049850463213,0.15659850700900982
2016-05-17,AAPL,Strong Sell,-1.0,87.9165624876,False,True,0.0531607658575049,0.009733661354431286,0.16067056327631452
2016-05-18,AAPL,Strong Sell,-1.0,88.922774081,False,True,0.033417935702198635,0.010998307952124219,0.15019497621536415
2016-05-19,AAPL,Strong Sell,-1.0,88.584235601,False,True,0.03949044585942682,0.0179405520171588,0.1684653513895821
2016-05-20,AAPL,Strong Sell,-1.0,89.543427961,False,True,0.035811804243150676,-0.0024154589367988,0.15489285554201485
2016-05-23,AAPL,Strong Sell,-1.0,90.6812934077,False,True,0.026962563516902675,-0.009333195063670315,0.13873313565167741
2016-05-24,AAPL,Strong Sell,-1.0,92.0636588677,False,True,0.010623084779906932,-0.020020429009330404,0.12019696135151509
2016-05-25,AAPL,Strong Sell,-1.0,93.6811204944,False,True,0.0003011443485209737,-0.02951214615612198,0.10368189144237029
2016-05-26,AAPL,Strong Sell,-1.0,94.424024381,False,True,-0.015735484512974966,-0.03415994422865375,0.08648753767842225
2016-05-27,AAPL,Strong Sell,-1.0,94.367601301,False,True,-0.029995017438998888,-0.02919780767248131,0.09054353966300795
2016-05-31,AAPL,Strong Sell,-1.0,93.9068128144,False,True,-0.024033647105675366,-0.029941918686530428,0.0876389881505807
2016-06-01,AAPL,Strong Sell,-1.0,92.590274281,False,True,-0.013406459475784649,0.0033516148689460854,0.09840699506891652
2016-06-02,AAPL,Strong Sell,-1.0,91.8943896277,False,True,-0.0017396643467318539,0.010847318870482268,0.10024315225902836
2016-06-03,AAPL,Strong Sell,-1.0,92.082466561,False,True,-0.026450163398767608,0.019505718954760456,0.09676383541048396
2016-06-06,AAPL,Strong Sell,-1.0,92.7501396744,False,True,-0.035790327486873136,0.012572239682802905,0.08050998595704592
2016-06-07,AAPL,Strong Sell,-1.0,93.126293541,False,True,-0.0315056043619761,0.009391093607896736,0.07716084329219446
2016-06-08,AAPL,Strong Sell,-1.0,93.041658921,False,True,-0.03426318981163907,0.004952496462807525,0.08454245206095096
2016-06-09,AAPL,Strong Sell,-1.0,93.7093320344,False,True,-0.03562468640235869,-0.009934771700840273,0.08690430675688182
2016-06-10,AAPL,Strong Sell,-1.0,92.9382166077,False,True,-0.05494283112461767,-0.015076393808097957,0.09561724829959507
2016-06-13,AAPL,Strong Sell,-1.0,91.5370434543,False,True,-0.05444832545622128,-0.006883090198500432,0.11920491128105595
2016-06-14,AAPL,Strong Sell,-1.0,91.6498896144,False,True,-0.039708598399972206,0.056330802379808156,0.08852981339461621
2016-06-15,AAPL,Strong Sell,-1.0,91.348966521,False,True,-0.0282067119621726,0.0741198270540203,0.067379534132825
2016-06-16,AAPL,Strong Sell,-1.0,91.7345242344,False,True,-0.019989748847602823,0.06827268067578232,0.0867010240547744
2016-06-17,AAPL,Strong Sell,-1.0,89.6468702743,False,True,0.005874331271004394,0.11245148431790825,0.13847895352860864
2016-06-20,AAPL,Strong Sell,-1.0,89.430581801,False,True,-0.0011566771815280379,0.0986330178755626,0.18161688089027256
2016-06-21,AAPL,Strong Sell,-1.0,90.192293381,False,True,-0.003962047752688217,0.10301324158098474,0.2114714255676966
2016-06-22,AAPL,Strong Sell,-1.0,89.853754901,False,True,0.004081632653015774,0.11397174254301558,0.2091964924249459
2016-06-23,AAPL,Strong Sell,-1.0,90.3709664677,False,True,0.006035379811888373,0.12443983535817786,0.18825713155873688
2016-06-24,AAPL,Strong Sell,-1.0,87.8319278676,True,True,0.038329764453933574,0.166525266634793,0.22249953429644556
2016-06-27,AAPL,Strong Sell,-1.0,86.55300472100001,False,False,0.058452846588149476,0.18856832732162854,0.24034494593638006
2016-06-28,AAPL,Strong Sell,-1.0,88.0106009543,False,True,0.03504647932470795,0.16018236817994613,0.23129725037748905
2016-06-29,AAPL,Strong Sell,-1.0,88.7723125343,False,True,0.04650423728800472,0.1494818957698412,0.20039010907175162
2016-06-30,AAPL,Strong Sell,-1.0,89.90077413430001,False,True,0.03326359832711434,0.1376823948847119,0.1871102674674535
2016-07-01,AAPL,Strong Sell,-1.0,90.1734856877,False,True,0.041088747523102515,0.14787189593158676,0.18572189176872855
2016-07-05,AAPL,Strong Sell,-1.0,89.32713948770001,False,True,0.05137382882311927,0.15768920628136268,0.20605855783319363
2016-07-06,AAPL,Strong Sell,-1.0,89.83494720770001,False,True,0.04637286716124338,0.14946128201485864,0.18061313510750596
2016-07-07,AAPL,Strong Sell,-1.0,90.220504921,False,True,0.03637690223052707,0.1430819524320273,0.18468477009954773
2016-07-08,AAPL,Strong Sell,-1.0,90.9163895743,False,True,0.0204799338031164,0.13724441482800787,0.17010553727566533
2016-07-11,AAPL,Strong Sell,-1.0,91.1985049743,False,True,0.003712105588741967,0.12491455617951529,0.17146202975154676
2016-07-12,AAPL,Strong Sell,-1.0,91.6122742277,False,True,-0.0076986245123335535,0.12334268327969763,0.16668709549710936
2016-07-13,AAPL,Strong Sell,-1.0,91.095062661,False,True,0.06276452978222508,0.12121017194960662,0.18202931114837625
2016-07-14,AAPL,Strong Sell,-1.0,92.900601221,False,True,0.05617977528137059,0.0947378553951759,0.16078646264264948
2016-07-15,AAPL,Strong Sell,-1.0,92.8911973744,False,True,0.05497064182969892,0.08843653410332702,0.18115821753028305
2016-07-18,AAPL,Strong Sell,-1.0,93.8786012744,False,True,0.06230592006375615,0.07577997358850692,0.17125267673096523
2016-07-19,AAPL,Strong Sell,-1.0,93.916216661,False,True,0.046160008010631796,0.06709422163847303,0.1812531695004796
2016-07-20,AAPL,Strong Sell,-1.0,94.000851281,False,True,0.05832332933253074,0.0671392388078899,0.1765687856334851
2016-07-21,AAPL,Strong Sell,-1.0,93.5024474077,False,True,0.07050186060538485,0.07919772912479052,0.18941280686671644
2016-07-22,AAPL,Strong Sell,-1.0,92.7783512144,False,True,0.0952632087767497,0.09781080649007608,0.19788044465647417
2016-07-25,AAPL,Strong Sell,-1.0,91.5370434543,False,True,0.11930819707927728,0.11238804858752216,0.21329827360818934
2016-07-26,AAPL,Strong Sell,-1.0,90.9069857277,False,True,0.1316419659325863,0.12696189163142774,0.21806733802042164
2016-07-27,AAPL,Hold,-0.13119684310076507,96.8126014344,False,True,0.054700998911679864,0.03048193893642681,0.14317869382006565
2016-07-28,AAPL,Strong Buy,1.0,98.1197361211,False,True,0.03997595323594131,-0.0062751778259990286,0.12351705871632271
2016-07-29,AAPL,Strong Buy,1.0,97.9974861144,False,True,0.043685221677037714,0.017250598758487792,0.13504868118300933
2016-08-01,AAPL,Strong Buy,1.0,99.7277939011,False,True,0.0379013305132212,0.023396498254176865,0.12104340823152264
2016-08-02,AAPL,Strong Buy,1.0,98.2513899744,False,True,0.05253539150789522,0.07553374208175234,0.11229261203505314
2016-08-03,AAPL,Strong Buy,1.0,99.4832938878,False,True,0.037981248425102365,0.09832899542643317,0.08797009082319127
2016-08-04,AAPL,Strong Buy,1.0,100.0945439211,False,True,0.030320204024230052,0.08548219514486766,0.07414753943481912
2016-08-05,AAPL,Strong Buy,1.0,101.6167146561,False,True,0.017491626349221842,0.05675474506844622,0.056382582806283145
2016-08-08,AAPL,Strong Buy,1.0,102.4581630748,False,True,0.0012918704437767821,0.0479837593429312,0.02879025560556354
2016-08-09,AAPL,Strong Buy,1.0,102.8741600459,False,True,0.0003676132702627606,0.04356217259417235,0.025549122323111084
2016-08-10,AAPL,Strong Buy,1.0,102.1083474401,False,True,0.0002777777773421921,0.06129629629616374,0.022222222221656356
2016-08-11,AAPL,Strong Buy,1.0,102.0421661038,False,True,-0.003335495229038674,0.044287964420540706,0.013664987117007865
2016-08-12,AAPL,Strong Buy,1.0,102.2785280191,False,True,-0.011462377518583982,0.04344610833830334,0.02591061292850362
2016-08-15,AAPL,Strong Buy,1.0,103.5076099791,False,True,-0.024296675192363105,0.03297405918839367,0.019696597568156202
2016-08-16,AAPL,Strong Buy,1.0,103.4130652129,False,True,-0.0309014445053058,0.04178094715696549,0.01897466932500547
2016-08-17,AAPL,Strong Buy,1.0,103.2617935871,False,True,-0.02856619666703628,0.02710126350497173,-0.007970951027552487
2016-08-18,AAPL,Strong Buy,1.0,103.1294309145,False,True,-0.021543821048930278,0.0363953061974306,-0.0008000162666310202
2016-08-19,AAPL,Strong Buy,1.0,103.3941562597,False,True,-0.014904901243443557,0.02889539136811433,-0.028359383102223492
2016-08-22,AAPL,Strong Buy,1.0,102.5905257474,False,True,-0.007464749792642544,0.041378674776969805,-0.007779157327500245
2016-08-23,AAPL,Strong Buy,1.0,102.9119779523,False,True,-0.004501607716788159,0.03858520900395586,0.015717320847236153
2016-08-24,AAPL,Strong Buy,1.0,102.1367108699,False,True,-0.023234286771998947,0.05424419142845878,0.023054917899201312
2016-08-25,AAPL,Strong Buy,1.0,101.7018049456,False,True,-0.04127544854435362,0.06033280654539117,0.028457689532138567
2016-08-26,AAPL,Strong Buy,1.0,101.1061729189,False,True,-0.01402655694759168,0.08518795586307817,0.050213771215258454
2016-08-29,AAPL,Strong Buy,0.7999999999999999,100.9927191995,False,True,0.0105785433441947,0.08874742557624266,0.0520522746913623
2016-08-30,AAPL,Strong Buy,0.7999999999999999,100.2174521171,False,True,0.05443396226463414,0.10698113207540459,0.05478552617347148
2016-08-31,AAPL,Strong Buy,0.7999999999999999,100.3119968833,False,True,0.08925541941524807,0.10254476908546616,0.05909681511870013
2016-09-01,AAPL,Strong Buy,0.7999999999999999,100.90762891,False,True,0.07673568818474773,0.10212686217502359,0.050773262620902426
2016-09-02,AAPL,Strong Buy,0.7999999999999999,101.8530765715,False,True,0.05430242272276752,0.09115381045149394,0.03999312575247048
2016-09-06,AAPL,Strong Buy,1.0,101.8247131416,False,True,0.054503249767886314,0.09071494893243418,0.03150957278355643
2016-09-07,AAPL,Strong Buy,1.0,102.4487085982,False,True,0.04789590254714267,0.08084163898133824,0.015672161819990038
2016-09-08,AAPL,Strong Buy,1.0,99.7636372396,False,True,0.08623957543605795,0.109363153904429,0.046913981128809644
2016-09-09,AAPL,Strong Buy,1.0,97.5040173287,False,True,0.09289246581878,0.13061184912174323,0.06347583938655044
2016-09-12,AAPL,Strong Buy,1.0,99.6880014267,False,True,0.07056145675236716,0.11580045523520872,0.04818496567344634
2016-09-13,AAPL,Strong Buy,1.0,102.061075057,False,True,0.047614636405563786,0.095414543770594,0.033869641561872964
2016-09-14,AAPL,Strong Buy,1.0,105.6726851239,False,True,0.019504339267838337,0.03417732844173914,0.008337521078100615
2016-09-15,AAPL,Strong Buy,1.0,109.2653862375,False,True,-0.029332871852330623,-0.009431513368378299,-0.008900388197833797
2016-09-16,AAPL,Strong Buy,1.0,108.6508452575,False,True,-0.016272189348457505,-0.010442046641341565,-0.008980084051694483
2016-09-19,AAPL,Strong Buy,1.0,107.3839453911,False,True,-0.009332628983317862,-0.0003521746780885932,0.019438435782906202
2016-09-20,AAPL,Strong Buy,1.0,107.3744909145,False,True,-0.00501893105532034,-0.018314695782501125,0.019528198786708688
2016-09-21,AAPL,Strong Buy,0.7999999999999999,107.3555819613,False,True,-0.004403346542990326,-0.017261118449975008,0.025284783220480545
2016-09-22,AAPL,Strong Buy,1.0,108.3672109591,False,True,-0.006368871052337881,-0.03681730937050536,0.017029014224574687
2016-09-23,AAPL,Strong Buy,1.0,106.5614059256,False,True,0.011977641736363093,-0.02932426528589273,0.040239045360322925
2016-09-26,AAPL,Strong Buy,1.0,106.7221320281,False,True,0.0280829199149701,-0.016805367588868716,0.04143295227306485
2016-09-27,AAPL,Strong Buy,1.0,106.920676037,False,True,0.028384472544391394,-0.01285362541501725,0.04047681081255364
2016-09-28,AAPL,Strong Buy,1.0,107.7337610259,False,True,0.029749890302534686,-0.021891625004468222,0.025831736365640866
2016-09-29,AAPL,Strong Buy,1.0,106.0603186651,False,True,0.04278837582441955,-0.03414679328972946,0.04407844555004469
2016-09-30,AAPL,Strong Buy,1.0,106.8828581306,False,True,0.04051304732335089,-0.03588912670835274,0.04262326848738829
2016-10-03,AAPL,Strong Buy,1.0,106.38177087,False,True,0.04470316388144564,-0.0556468373273658,0.04306759316686687
2016-10-04,AAPL,Strong Buy,1.0,106.8355857475,False,True,0.039557522123651497,-0.04720456957215692,0.038369999008461594
2016-10-05,AAPL,Strong Buy,1.0,106.8828581306,False,True,0.03600176912838705,-0.022018307172553427,0.029819435069799397
2016-10-06,AAPL,Strong Buy,1.0,107.6770341662,False,True,0.027833874791480678,-0.02958448695552901,0.025136533334697092
2016-10-07,AAPL,Strong Buy,1.0,107.8377602687,False,True,0.02226898123733591,-0.03006142676760429,0.02246295899009959
2016-10-10,AAPL,Strong Buy,1.0,109.719201115,False,True,0.01378716070685264,-0.032228688550089785,0.010040388688624838
2016-10-11,AAPL,Strong Buy,1.0,109.9555630304,False,True,0.016766981943335462,-0.03370400702941609,0.019105192586929
2016-10-12,AAPL,Strong Buy,1.0,110.9388285983,False,True,-0.014913925345209139,-0.04715130582585006,0.019324517843636577
2016-10-13,AAPL,Strong Buy,1.0,110.5984674402,False,True,-0.021371174559701712,-0.039406974832237464,0.023492577401263336
2016-10-14,AAPL,Strong Buy,1.0,111.2130084201,False,True,-0.033239819773923866,-0.04659499855831111,0.023305986579457996
2016-10-17,AAPL,Strong Buy,1.0,111.1373726072,False,True,-0.0341131433428757,-0.04688677637285102,0.01972682502715532
2016-10-18,AAPL,Strong Buy,1.0,111.0617367943,False,True,-0.05090661445508899,-0.05428125488407999,0.018624316129964853
2016-10-19,AAPL,Strong Buy,1.0,110.7308301128,False,True,-0.04721653005467382,-0.06029512077529557,0.029907621763752792
2016-10-20,AAPL,Strong Buy,1.0,110.6741032531,False,True,-0.05689390056407461,-0.05629281318369739,0.030349639181792235
2016-10-21,AAPL,Strong Buy,1.0,110.2391973288,False,True,-0.06170787255925359,-0.05938024600338648,0.032604107174145684
2016-10-24,AAPL,Strong Buy,1.0,111.2319173734,False,True,-0.05666799739449027,-0.06059819141004846,0.025268003918020494
2016-10-25,AAPL,Strong Buy,1.0,111.7991859703,False,True,-0.05592910357917184,-0.056184120029001555,0.020745842266831398
2016-10-26,AAPL,Strong Buy,1.0,109.2842951907,False,True,-0.035769103462476845,-0.024985857505282007,0.04327904633549294
2016-10-27,AAPL,Strong Buy,1.0,108.2348482865,False,True,-0.05355160090174903,0.0005361821799425173,0.07016542241457768
2016-10-28,AAPL,Strong Buy,1.0,107.5163080637,False,True,-0.0415693437766857,0.0014773895603436213,0.07784777478353432
2016-10-31,AAPL,Strong Buy,1.0,107.3461274847,False,True,-0.06413054549994081,0.019797582668297935,0.07964506646798754
2016-11-01,AAPL,Strong Buy,1.0,105.4079597786,False,True,-0.034300083967985305,0.038548906056380644,0.09661171493775068
2016-11-02,AAPL,Strong Buy,1.0,105.5025045448,False,True,-0.009222776465812006,0.04329319056080291,0.09310679221675545
2016-11-03,AAPL,Strong Buy,1.0,104.3774218276,True,True,0.0010925976509399494,0.05590457980498841,0.1722662296276938
2016-11-04,AAPL,Strong Buy,1.0,103.436570989,True,True,0.011209114295980475,0.07166482910660593,0.18090775450193514
2016-11-07,AAPL,Strong Buy,1.0,104.9286273695,False,True,0.01195543881825943,0.05923376505739579,0.16909700208236458
2016-11-08,AAPL,Strong Buy,1.0,105.5463577181,False,True,0.006663065009579161,0.05402485143096649,0.1731496488378205
2016-11-09,AAPL,Strong Buy,1.0,105.3752939292,False,True,0.0031565656568748324,0.04879148629141132,0.18623737373758223
2016-11-10,AAPL,Strong Buy,1.0,102.4386988874,False,True,0.03710919380261265,0.0809908154741361,0.22497448742913195
2016-11-11,AAPL,Strong Buy,1.0,103.0469256922,False,True,0.028958775245886526,0.08143502720562175,0.22650557963580997
2016-11-14,AAPL,Strong Buy,1.0,100.4619617718,False,True,0.05439409705847401,0.10453126478113213,0.25521434731127296
2016-11-15,AAPL,Strong Buy,1.0,101.7924579073,False,True,0.03183642983796729,0.0898142096905231,0.24977821774432865
2016-11-16,AAPL,Strong Buy,1.0,104.5294785288,False,True,-0.004545867805789185,0.053004818620361424,0.23285018331545504
2016-11-17,AAPL,Strong Buy,1.0,104.4914643535,False,True,-0.00045475215984384264,0.05638926784934694,0.2377744507584535
2016-11-18,AAPL,Strong Buy,1.0,104.5960033356,False,True,-0.008631655461090858,0.054152280574492756,0.23503171561654573
2016-11-21,AAPL,Strong Buy,1.0,106.1830951543,False,True,-0.015931262865730225,0.04367672066594669,0.21994276204195046
2016-11-22,AAPL,Strong Buy,1.0,106.2496199611,False,True,-0.006887298747684099,0.05465116279122634,0.2279823184164661
2016-11-23,AAPL,Strong Buy,1.0,105.7079179631,False,True,0.008001438460790159,0.06976535107402583,0.23797705689162602
2016-11-25,AAPL,Strong Buy,1.0,106.2401164173,False,True,0.01932194292819627,0.06547991770241691,0.22656491131894543
2016-11-28,AAPL,Strong Buy,1.0,106.0310384531,False,True,0.015505960383734507,0.0733171999644102,0.23015372429455377
2016-11-29,AAPL,Strong Buy,1.0,105.9264994711,False,True,0.033464920150289096,0.06989054369270307,0.2338005852374723
2016-11-30,AAPL,Strong Buy,1.0,105.0331663515,False,True,0.04225479551237599,0.0770901194362057,0.24483959011802892
2016-12-01,AAPL,Strong Buy,1.0,104.0543013376,False,True,0.05781349894976638,0.0959905014151564,0.2822333003910915
2016-12-02,AAPL,Strong Buy,0.9999999999999999,104.4439466344,False,True,0.055232029116946614,0.09181073703357842,0.26986488932348174
2016-12-05,AAPL,Strong Buy,0.9999999999999999,103.6931666722,False,True,0.06901292273889605,0.09779121987040827,0.2866069197601975
2016-12-06,AAPL,Strong Buy,1.0,104.4914643535,False,True,0.06366530241067642,0.09140518417454901,0.27275840874312846
2016-12-07,AAPL,Strong Buy,1.0,105.5178470866,False,True,0.054309646041174234,0.08150950193611582,0.2620063212520842
2016-12-08,AAPL,Strong Buy,1.0,106.5537333635,False,True,0.0371922939704102,0.07001427042494901,0.24507958897708046
2016-12-09,AAPL,Strong Buy,1.0,108.2928818834,False,True,0.02255375164574312,0.06959192628389387,0.22226367775968833
2016-12-12,AAPL,Strong Buy,1.0,107.6751515348,False,True,0.03495145631054618,0.07625772285954242,0.23335327576464396
2016-12-13,AAPL,Strong Buy,1.0,109.4713213177,False,True,0.01362965535210689,0.05868564979640255,0.21363993760910743
2016-12-14,AAPL,Strong Buy,1.0,109.4713213177,False,True,0.013369216077629965,0.05590763087108576,0.21180901529002533
2016-12-15,AAPL,Strong Buy,1.0,110.0700445787,False,True,0.0,0.04774650319453936,0.21796415183193826
2016-12-16,AAPL,Strong Buy,1.0,110.212597736,False,True,0.001552125550200358,0.11020091402974676,0.2183805992673585
2016-12-19,AAPL,Strong Buy,1.0,110.8493351723,False,True,-0.005315500685539945,0.10193758573415125,0.20535480930144848
2016-12-20,AAPL,Strong Buy,1.0,111.1439450309,False,True,-0.0029072253104760882,0.10371953826360106,0.214783348020112
2016-12-21,AAPL,Strong Buy,1.0,111.2484840129,False,True,0.007261233556282344,0.11301896463363993,0.1997432024954455
2016-12-22,AAPL,Strong Buy,1.0,110.5167111384,False,True,0.023217817525230642,0.13105168114225232,0.2213323619535476
2016-12-23,AAPL,Strong Buy,1.0,110.7352926464,False,True,0.022227943700476784,0.13319601785131063,0.2146119818799487
2016-12-27,AAPL,Strong Buy,1.0,111.4385548894,False,True,0.021234862698538904,0.13414634146356794,0.2045487197058784
2016-12-28,AAPL,Strong Buy,1.0,110.9633776982,False,True,0.02132579650590779,0.13642265034480427,0.21177129110392248
2016-12-29,AAPL,Strong Buy,1.0,110.9348670667,False,True,0.01978925726102019,0.14678098948556642,0.23720538891148088
2016-12-30,AAPL,Strong Buy,1.0,110.0700445787,False,True,0.03609048523515106,0.1707925372371283,0.2497009366517384
2017-01-03,AAPL,Strong Buy,1.0,110.3836615249,False,True,0.033060697373920554,0.17170297770856768,0.2445074871348761
2017-01-04,AAPL,Strong Buy,1.0,110.2601154552,False,True,0.032408205481626644,0.1715875764585712,0.24356475107367098
2017-01-05,AAPL,Strong Buy,1.0,110.8208245408,False,True,0.029071263184961105,0.16888950178320772,0.23761731068518807
2017-01-06,AAPL,Strong Buy,1.0,112.0562852381,False,True,0.018403867355749226,0.16434927655747683,0.23308591636517512
2017-01-09,AAPL,Strong Buy,1.0,113.0826679711,False,True,0.008235986217958947,0.15724168449531345,0.2155637619500611
2017-01-10,AAPL,Strong Buy,1.0,113.196710497,False,True,0.023255813953796542,0.15118538692300226,0.21130368919186848
2017-01-11,AAPL,Strong Buy,1.0,113.8049373018,False,True,0.018288100208523134,0.14612318179131392,0.2021461794086516
2017-01-12,AAPL,Strong Buy,1.0,113.3297601106,False,True,0.022641509434025493,0.15320262667154474,0.2057549117111294
2017-01-13,AAPL,Strong Buy,1.0,113.1301856903,False,True,0.02175739247293613,0.1557432081631483,0.19488948516055002
2017-01-17,AAPL,Strong Buy,1.0,114.0425258974,False,True,0.01125000000047569,0.16993103383237002,0.18675313396829601
2017-01-18,AAPL,Strong Buy,1.0,114.0330223536,False,True,0.07300608384021473,0.1630815179320107,0.1805746121500562
2017-01-19,AAPL,Strong Buy,1.0,113.8334479333,False,True,0.07305059275348036,0.17199600112677024,0.1891843814545495
2017-01-20,AAPL,Strong Buy,1.0,114.0425258974,False,True,0.07566666666663809,0.16616489201097243,0.1817316115397662
2017-01-23,AAPL,Strong Buy,1.0,114.118554248,False,True,0.08502664890069841,0.16689341979228417,0.17659522861553598
2017-01-24,AAPL,Strong Buy,1.0,114.014015266,False,True,0.09635742268850828,0.16361026520011313,0.19240752643979428
2017-01-25,AAPL,Strong Buy,1.0,115.8291921365,False,True,0.08336068263880549,0.14273831703855994,0.1723203083725065
2017-01-26,AAPL,Strong Buy,1.0,115.8862133994,False,True,0.09061833688712423,0.14596462312735792,0.1830268683773373
2017-01-27,AAPL,Strong Buy,1.0,115.8957169433,False,True,0.088058291547503,0.14636477583549412,0.19025934663476568
2017-01-30,AAPL,Strong Buy,1.0,115.5916035409,False,True,0.10058164024159601,0.14764680153919008,0.1863723465370683
2017-01-31,AAPL,Strong Buy,1.0,115.3255043138,False,True,0.11743874464617754,0.16246071747165156,0.19002012363173093
2017-02-01,AAPL,Strong Buy,1.0,122.3581267441,False,True,0.057035346492312136,0.09744153861749855,0.12053079126034529
2017-02-02,AAPL,Strong Buy,1.0,122.14904878,False,True,0.057555361555554886,0.09385034588723723,0.14534312236745672
2017-02-03,AAPL,Strong Buy,1.0,122.6717436903,False,True,0.055966879477420094,0.10062684033956605,0.14769875030750607
2017-02-06,AAPL,Strong Buy,1.0,123.8216724931,False,True,0.05371420062162898,0.07791802351755221,0.1335713997323178
2017-02-07,AAPL,Strong Buy,1.0,125.0001119274,False,True,0.04691087993669731,0.0798201199083322,0.11883780349434925
2017-02-08,AAPL,Strong Buy,1.0,125.4847926625,False,True,0.038455706121926794,0.07184632027123913,0.1329990623587927
2017-02-09,AAPL,Strong Buy,1.0,126.3876293258,False,True,0.03201933242744902,0.06207521522439438,0.15549010723463544
2017-02-10,AAPL,Strong Buy,1.0,126.101295775,False,True,0.0364062973055519,0.06630336058178403,0.16553133515015217
2017-02-13,AAPL,Strong Buy,1.0,127.2179966232,False,True,0.027759021681968577,0.07885062645351129,0.1498236927001263
2017-02-14,AAPL,Strong Buy,1.0,128.8691867661,False,True,0.03532809954146177,0.06739742260470886,0.1448674270482089
2017-02-15,AAPL,Strong Buy,1.0,129.3368648991,False,True,0.025459375692064735,0.06213563574677264,0.15665853672196914
2017-02-16,AAPL,Strong Buy,1.0,129.1793814462,False,True,0.03276811112354577,0.06143559052808459,0.15510112243527358
2017-02-17,AAPL,Strong Buy,1.0,129.5372983847,False,True,0.026672561155622273,0.058797524314430215,0.1502079295711033
2017-02-21,AAPL,Strong Buy,1.0,130.4726546507,False,True,0.020629114849435328,0.0590343818574144,0.1036200345305649
2017-02-22,AAPL,Strong Buy,1.0,130.8639771701,False,True,0.013784552549211227,0.050397491065302065,0.1170901461949531
2017-02-23,AAPL,Strong Buy,1.0,130.3103989719,False,True,0.01574745477175999,0.0522229546620255,0.12565998614531923
2017-02-24,AAPL,Strong Buy,1.0,130.4344768439,False,True,0.018147226694003493,0.0488804331919868,0.13142224271512964
2017-02-27,AAPL,Strong Buy,1.0,130.69217703959998,False,True,0.016577813481089384,0.045570729570105786,0.12779804399569555
2017-02-28,AAPL,Strong Buy,1.0,130.7494437498,False,True,0.01459960581058235,0.03387108548067343,0.12393243108940398
2017-03-01,AAPL,Strong Buy,1.0,133.421890224,False,True,0.004792903640672225,0.014378710923516133,0.10522693054512378
2017-03-02,AAPL,Strong Buy,1.0,132.6297007334,False,True,0.012449625791730302,0.015040299367105998,0.10994968796176807
2017-03-03,AAPL,Strong Buy,1.0,133.4123457723,False,True,0.0015023608522864997,0.014665903562174412,0.10386932446305258
2017-03-06,AAPL,Strong Buy,1.0,132.9923898978,False,True,0.015214583034073805,0.013348643605579646,0.10079754727320489
2017-03-07,AAPL,Strong Buy,1.0,133.1641900282,False,True,0.0022935779817030363,0.008314220183861194,0.10240000700272571
2017-03-08,AAPL,Strong Buy,1.0,132.6678785402,False,True,0.01741007194217039,0.02474820143901766,0.12292185868079988
2017-03-09,AAPL,Strong Buy,1.0,132.362456086,False,True,0.01615229304834677,0.025886933948805677,0.11450763019350689
2017-03-10,AAPL,Strong Buy,1.0,132.8015008639,False,True,0.01078050883978521,0.03234152652010833,0.11457557940850191
2017-03-13,AAPL,Strong Buy,1.0,132.85876757399998,False,True,0.012068965517890514,0.038290229885404765,0.12073140070162028
2017-03-14,AAPL,Strong Buy,1.0,132.6583340885,False,True,0.03460680624511158,0.033743434779708065,0.1196795159881049
2017-03-15,AAPL,Strong Buy,1.0,134.0613684874,False,True,0.026057240496007095,0.023707817172541543,0.06499830256632788
2017-03-16,AAPL,Strong Buy,1.0,134.2808908764,False,True,0.023029355320158203,0.02103916411978847,0.03784983447330741
2017-03-17,AAPL,Strong Buy,1.0,133.6127792578,False,True,0.02621615829756421,0.047074791056954855,0.051431396030172986
2017-03-20,AAPL,Strong Buy,1.0,135.0158136568,False,True,0.01583486497910925,0.04276827371701872,0.030355077267599728
2017-03-21,AAPL,Strong Buy,1.0,133.4696124824,False,True,0.03525457665894144,0.051630434783113494,0.036044543646475136
2017-03-22,AAPL,Strong Buy,1.0,134.97763585,False,True,0.018384952623245843,0.03613350304060766,0.010127299272889122
2017-03-23,AAPL,Strong Buy,1.0,134.5004132653,False,True,0.019443655975551463,0.05705364745953355,0.04271116996026412
2017-03-24,AAPL,Strong Buy,1.0,134.23316861790002,False,True,0.01919795221876585,0.08795506257106701,0.035291633920859745
2017-03-27,AAPL,Strong Buy,1.0,134.46223545860002,False,True,0.01625496876759064,0.0930579216351982,0.03965740146973676
2017-03-28,AAPL,Strong Buy,1.0,137.2492153531,False,True,-0.015090403337983328,0.06578581363012564,0.016870323936228622
2017-03-29,AAPL,Strong Buy,1.0,137.5546378073,False,True,-0.016097696364131428,0.0725784068828407,0.01914108060310188
2017-03-30,AAPL,Strong Buy,1.0,137.3732932251,False,True,-0.02000972695031639,0.08899324887893321,0.0172773577933438
2017-03-31,AAPL,Strong Buy,0.9999999999999999,137.1155930294,False,True,-0.012738410135639894,0.08824419752176257,0.004581493319766515
2017-04-03,AAPL,Strong Buy,1.0,137.1537708361,False,True,-0.01739735560133744,0.08633416980820877,0.01897544209856304
2017-04-04,AAPL,Strong Buy,1.0,138.1750271673,False,True,-0.02825170960794151,0.04210028818417851,-0.0034677576948823926
2017-04-05,AAPL,Strong Buy,1.0,137.4591932903,False,True,-0.010970698513523164,0.06349277839764454,0.0040922377400543644
2017-04-06,AAPL,Strong Buy,1.0,137.1155930294,False,True,-0.009675622998731856,0.06979227278583913,0.0029739392704413825
2017-04-07,AAPL,Strong Buy,0.9999999999999999,136.8101705752,False,True,0.0020929259103775553,0.0786951561980701,0.009345964391566897
2017-04-10,AAPL,Strong Buy,0.9999999999999999,136.64791489639998,False,True,0.009499196758941682,0.07864347394211976,0.0010063916504272445
2017-04-11,AAPL,Strong Buy,0.9999999999999999,135.1780693356,False,True,0.014474334533824776,0.08711080798517419,0.022170577118242205
2017-04-12,AAPL,Strong Buy,0.9999999999999999,135.3403250144,False,True,0.014033850493545762,0.08956045571865079,0.027176445743784503
2017-04-13,AAPL,Strong Buy,0.9999999999999999,134.6244911374,False,True,0.018433179723348115,0.0935030743644756,0.03598400112172599
2017-04-17,AAPL,Strong Buy,0.9999999999999999,135.36895836940002,False,True,0.0334907988442111,0.08791408146042247,0.031773268900857965
2017-04-18,AAPL,Strong Buy,1.0,134.76765791280002,False,True,0.04468838526894053,0.0862969563530225,0.050812393560559006
2017-04-19,AAPL,Strong Buy,0.9999999999999999,134.2713464247,False,True,0.045351151549783086,0.09330998704125032,0.06376106847264844
2017-04-20,AAPL,Strong Buy,0.9999999999999999,135.9511699228,False,True,0.02871384442529421,0.09580271241649455,0.05428275116713318
2017-04-21,AAPL,Strong Buy,0.9999999999999999,135.78891424399998,False,True,0.04702326562112684,0.0863844672468785,0.05921250467363011
2017-04-24,AAPL,Strong Buy,0.9999999999999999,137.096504126,False,True,0.06523252575850287,0.07965779809865259,0.05568093667059652
2017-04-25,AAPL,Strong Buy,0.9999999999999999,137.9459603267,False,True,0.06545353905773185,0.0794008923933672,0.044456009283462966
2017-04-26,AAPL,Strong Buy,1.0,137.13468193280002,False,True,0.06667594654779317,0.08313095717672918,0.05014574446725127
2017-04-27,AAPL,Strong Buy,1.0,137.2396709014,False,True,0.07503998887245185,0.04033424840676684,0.06205152262146053
2017-04-28,AAPL,Strong Buy,1.0,137.1060485777,False,True,0.09111589496082889,0.016464275753820853,0.06762999228910872
2017-05-01,AAPL,Strong Buy,0.9999999999999999,139.90257292389998,False,True,0.06656543468407573,0.004160739051716084,0.051221140697662114
2017-05-02,AAPL,Strong Buy,0.9999999999999999,140.7902069314,False,True,0.05827550811043054,-0.011904079518233999,0.024853415456693992
2017-05-03,AAPL,Strong Buy,0.9999999999999999,140.3607066052,False,True,0.025872832315632414,-0.01482069234697716,0.020752002869954943
2017-05-04,AAPL,Strong Buy,0.9999999999999999,139.85485066540002,False,True,0.04527557459089626,-0.025099278897363592,0.019167668866298303
2017-05-05,AAPL,Strong Buy,0.9999999999999999,142.1741524269,False,True,0.031729040739099004,-0.01356835344520061,0.011439582927256952
2017-05-08,AAPL,Strong Buy,1.0,146.0396553628,False,True,0.01052325788829165,-0.04840588592487679,0.031194394081406687
2017-05-09,AAPL,Strong Buy,1.0,146.9750116288,False,True,0.0028533421930197413,-0.04885424560628505,0.014394632282413366
2017-05-10,AAPL,Strong Buy,1.0,146.2782666552,False,True,0.004616362618595331,-0.04589617263461984,0.0245986236464067
2017-05-11,AAPL,Strong Buy,1.0,147.5381342787,False,True,-0.0005196492369571865,-0.04982137057470695,0.03156869113379056
2017-05-12,AAPL,Strong Buy,1.0,149.5985888984,False,True,-0.015951313260853354,-0.06585522101208388,0.025496476617773614
2017-05-15,AAPL,Strong Buy,1.0,149.215248504,False,True,-0.013037893384253187,-0.07687861271626305,0.03442517662169308
2017-05-16,AAPL,Strong Buy,1.0,148.9948277773,False,True,-0.01743101563016605,-0.06200553161421577,0.0030874123623107113
2017-05-17,AAPL,Strong Buy,1.0,143.9922356309,False,True,0.019500831946923394,-0.043727121463963466,0.05237112324188205
2017-05-18,AAPL,Strong Buy,1.0,146.1868593886,False,True,0.019076963419719484,-0.05585420217623712,0.05217237658294446
2017-05-19,AAPL,Strong Buy,1.0,146.6852019013,False,True,0.005684045472160293,-0.06245916634020599,0.060077568095312436
2017-05-22,AAPL,Strong Buy,1.0,147.57646831809998,False,True,0.002987206962086929,-0.06428988895336182,0.04943721073046714
2017-05-23,AAPL,Strong Buy,1.0,147.3943816308,False,True,0.010208062419019578,-0.07197659297742948,0.030561135247903524
2017-05-24,AAPL,Strong Buy,1.0,146.9535401773,False,True,0.010760401721470456,-0.05973653319415589,0.03129543752366441
2017-05-25,AAPL,Strong Buy,1.0,147.4614661998,False,True,-0.03178007408830684,-0.05725612530028829,0.025850822829436845
2017-05-26,AAPL,Strong Buy,1.0,147.2122949435,False,True,-0.053316841351548856,-0.05260074213890862,0.04438571964052174
2017-05-30,AAPL,Strong Buy,1.0,147.2697960027,False,True,-0.046072753302894405,-0.051604086679529634,0.04528471154042836
2017-05-31,AAPL,Strong Buy,1.0,146.3976966055,False,True,-0.049751243781019666,-0.03266561927191093,0.04684486620496706
2017-06-01,AAPL,Strong Buy,1.0,146.8002040196,False,True,-0.058036297166606646,-0.027027027026953344,0.047841851973600226
2017-06-02,AAPL,Strong Buy,1.0,148.9756607576,False,True,-0.08478610485743801,-0.03788999678400174,0.042939499995294846
2017-06-05,AAPL,Strong Buy,1.0,147.518967259,False,True,-0.049308127071071385,-0.025011368803999682,0.06263097589124655
2017-06-06,AAPL,Strong Buy,1.0,148.0173097717,False,True,-0.061120103593652296,-0.022207834251075545,0.06191369907097265
2017-06-07,AAPL,Strong Buy,1.0,148.8989926787,False,True,-0.0611443650639444,-0.032374332239452366,0.05982626835241356
2017-06-08,AAPL,Strong Buy,1.0,148.534819304,False,True,-0.06039099296671399,-0.03045357764997928,0.06274862972515843
2017-06-09,AAPL,Strong Buy,1.0,142.7751298788,False,True,-0.018123238018389564,0.020875285272933083,0.09234406981448454
2017-06-12,AAPL,Strong Buy,1.0,139.363400369,False,True,0.002750653280452421,0.05033695502711378,0.11791177263679378
2017-06-13,AAPL,Strong Buy,1.0,140.4846710225,False,True,-0.019510198512412837,0.04686540691721103,0.10453709996906287
2017-06-14,AAPL,Strong Buy,1.0,139.1142291127,False,True,0.0046155965827177434,0.03720033066932018,0.09722668662558274
2017-06-15,AAPL,Strong Buy,1.0,138.280463755,False,True,-0.004227597200106023,0.03610783838088964,0.12381361811986921
2017-06-16,AAPL,Strong Buy,1.0,136.3445947634,False,True,0.012300555282813277,0.045406621213280984,0.1352531877952395
2017-06-19,AAPL,Strong Buy,1.0,140.245083276,False,True,-0.019406860734958634,0.025351920186056493,0.09537763492981628
2017-06-20,AAPL,Strong Buy,1.0,138.9704764648,False,True,-0.006344390041889887,0.08364940348926903,0.09593825378066567
2017-06-21,AAPL,Strong Buy,1.0,139.7946583127,False,True,-0.021526016315793678,0.0664975663262198,0.10049013510785752
2017-06-22,AAPL,Strong Buy,1.0,139.5646540761,False,True,-0.009956739683116998,0.07388587516275638,0.0939613271727779
2017-06-23,AAPL,Strong Buy,1.0,140.1875822169,False,True,-0.008340169537919686,0.08565764287681944,0.08951210995839007
2017-06-26,AAPL,Strong Buy,1.0,139.7467407634,False,True,-0.001988753257369561,0.09779179810738867,0.07463339807014373
2017-06-27,AAPL,Strong Buy,1.0,137.74378720290002,False,True,0.013984554372405368,0.12057329715376319,0.07153810370543162
2017-06-28,AAPL,Strong Buy,1.0,139.7563242732,False,True,0.013303161215556731,0.06939587190588277,0.04577993164941103
2017-06-29,AAPL,Strong Buy,1.0,137.6958696536,False,True,0.03730512249439645,0.1004924921147642,0.052064672897126046
2017-06-30,AAPL,Strong Buy,1.0,138.0217089888,False,True,0.03846687959957692,0.11441726374060096,0.06763753374592359
2017-07-03,AAPL,Strong Buy,1.0,137.5233664761,False,True,0.04585365853660875,0.1307001573010775,0.07913295334499597
2017-07-05,AAPL,Strong Buy,1.0,138.08879355780002,False,True,0.048094940661640946,0.12154095412800398,0.06809442341578668
2017-07-06,AAPL,Strong Buy,1.0,136.785436217,False,True,0.05331745253222787,0.11049045471203203,0.08418084936127798
2017-07-07,AAPL,Strong Buy,1.0,138.1750451465,False,True,0.04223886808151211,0.09681538625239129,0.07111856863213711
2017-07-10,AAPL,Strong Buy,1.0,139.0183940141,False,True,0.04846270508718921,0.08815432309883409,0.06925818861584197
2017-07-11,AAPL,Strong Buy,0.9999999999999999,139.4688189775,False,True,0.049543049542957136,0.1023712663638698,0.05890563250431897
2017-07-12,AAPL,Strong Buy,1.0,139.6700726845,False,True,0.052971044325382056,0.10216070826448038,0.07053852017285693
2017-07-13,AAPL,Strong Buy,1.0,141.6155251859,False,True,0.01888069296844461,0.08219545077787103,0.055220402497780756
2017-07-14,AAPL,Strong Buy,1.0,142.832630938,False,True,0.003086419753000079,0.07694857008389645,0.0498665404846582
2017-07-17,AAPL,Strong Buy,1.0,143.3309734506,False,True,-0.0055496121958185166,0.08401273919729736,0.04661909977610666
2017-07-18,AAPL,Strong Buy,1.0,143.8293159633,False,True,-0.00019989339035252966,0.0898906324556185,0.04734134498169634
2017-07-19,AAPL,Strong Buy,1.0,144.73016589,False,True,0.040524433849939055,0.0860321203919819,0.03716566134725654
2017-07-20,AAPL,Strong Buy,1.0,144.0784872196,False,True,0.03478781428805952,0.09528540184889167,0.04846862948912208
2017-07-21,AAPL,Strong Buy,1.0,144.0114026506,False,True,0.04072669195459416,0.09612970067924229,0.06826709262149559
2017-07-24,AAPL,Strong Buy,1.0,145.7556014449,False,True,0.044184364521555254,0.07000736091132241,0.05937858591713715
2017-07-25,AAPL,Strong Buy,1.0,146.3785295858,False,True,0.04805551918306994,0.06433632301163353,0.05020301997631809
2017-07-26,AAPL,Strong Buy,1.0,147.0685422956,False,True,0.049524306008015155,0.05508988325603605,0.020543966205411882
2017-07-27,AAPL,Strong Buy,1.0,144.2893244365,False,True,0.03579968119036599,0.057873444677294605,0.042001675161124664
2017-07-28,AAPL,Strong Buy,1.0,143.2734723915,False,True,0.057650577037246555,0.08464927731464332,0.048852493115922026
2017-07-31,AAPL,Strong Buy,1.0,142.5355421323,False,True,0.07912576026358142,0.08594413385069642,0.0605608816851294
2017-08-01,AAPL,Strong Buy,1.0,143.8005654337,False,True,0.08134270291720802,0.06829432252982291,0.04661393665444587
2017-08-02,AAPL,Strong Buy,1.0,150.5952739237,False,True,0.02840038233647985,0.011340245518363672,0.0057813245330734404
2017-08-03,AAPL,Strong Buy,1.0,149.0906628759,False,True,0.018835910529404115,0.03187308612314274,0.05233241613993257
2017-08-04,AAPL,Strong Buy,1.0,149.8765106843,False,True,0.011182571710855587,0.018694213672359655,0.07037687844907192
2017-08-07,AAPL,Strong Buy,1.0,152.1957200702,False,True,-0.006059655508542578,0.003550352274366074,0.0687340234894574
2017-08-08,AAPL,Strong Buy,1.0,153.4128258223,False,True,0.0021744777231755786,-0.02109543911438436,0.04676992481717943
2017-08-09,AAPL,Strong Buy,1.0,154.3520097884,False,True,-0.0026766321712713443,-0.0437590236826811,0.048006196809863955
2017-08-10,AAPL,Strong Buy,1.0,149.4548362505,True,True,0.025431367499071385,-0.022083440638669464,0.11061035281984524
2017-08-11,AAPL,Strong Buy,1.0,151.533270749,True,True,0.01511303022550987,-0.044005588011397256,0.10648971297946137
2017-08-14,AAPL,Strong Buy,1.0,153.8137752681,False,True,0.010134501095125972,-0.04197685329968662,0.09358773850462444
2017-08-15,AAPL,Strong Buy,1.0,155.4976921071,False,True,0.00810643564363527,-0.045606435643530625,0.09059405940634405
2017-08-16,AAPL,Strong Buy,1.0,154.8722372812,False,True,0.014911463187600775,-0.04765455110265847,0.09276172724434405
2017-08-17,AAPL,Strong Buy,1.0,151.8989212626,True,True,0.03889522361574969,-0.023691878880288585,0.11047763841382768
2017-08-18,AAPL,Strong Buy,1.0,151.5525155128,False,True,0.04158730158766444,-0.023428571428100856,0.1085553983431604
2017-08-21,AAPL,Strong Buy,1.0,151.2734664367,False,True,0.030977673175492892,-0.017365307550476758,0.09381075854791898
2017-08-22,AAPL,Strong Buy,1.0,153.7464185945,False,True,0.013330829891430815,-0.039429215170784154,0.062021767306657365
2017-08-23,AAPL,Strong Buy,1.0,153.9388662333,False,True,0.008001000125162533,-0.0286910863855938,0.0733661940181091
2017-08-24,AAPL,Strong Buy,1.0,153.2556771157,False,True,-0.004018333646688133,-0.02492622590558931,0.07216486003484571
2017-08-25,AAPL,Strong Buy,1.0,153.82339765,False,True,0.010258976605045636,-0.025147003628157017,0.06714052359251076
2017-08-28,AAPL,Strong Buy,1.0,155.372601142,False,True,-0.003777791540373203,-0.034495571932928,0.07614096484674268
2017-08-29,AAPL,Strong Buy,1.0,156.7582241409,False,True,-0.020011049045059615,-0.0390399607142736,0.07784080763910811
2017-08-30,AAPL,Strong Buy,1.0,157.1816089462,False,True,-0.031037649219953067,-0.04499540863219403,0.07499897178069323
2017-08-31,AAPL,Strong Buy,1.0,157.80706377209998,False,True,-0.025121951219656925,-0.04274390243925532,0.06535309789740461
2017-09-01,AAPL,Strong Buy,1.0,157.8551756818,False,True,-0.03279487960999984,-0.02541907954914549,0.05878835183020191
2017-09-05,AAPL,Strong Buy,1.0,155.9595664401,False,True,-0.020668805528117694,-0.009933366238838556,0.049427941144993826
2017-09-06,AAPL,Strong Buy,1.0,155.7959859472,False,True,-0.036069421283449817,-0.013278982150420286,0.06522036205312533
2017-09-07,AAPL,Strong Buy,1.0,155.1705311213,False,True,-0.048803174997062986,-0.032742155525190456,0.0645351815633851
2017-09-08,AAPL,Strong Buy,1.0,152.6398446718,False,True,-0.04248881043966482,-0.015003467187903219,0.07427620801355926
2017-09-11,AAPL,Strong Buy,1.0,155.4014682878,False,True,-0.06780185758532618,-0.033003095975268966,0.05419106990034238
2017-09-12,AAPL,Strong Buy,0.9999999999999999,154.78563584379998,False,True,-0.047992042770017423,-0.02337436280037671,0.05445471530579125
2017-09-13,AAPL,Strong Buy,1.0,153.6213276294,False,True,-0.033949264015486265,-0.020294393986889148,0.06439526221427315
2017-09-14,AAPL,Strong Buy,1.0,152.3030613039,False,True,-0.03158958807137771,-0.005496588324180652,0.07392522082818906
2017-09-15,AAPL,Strong Buy,0.9999999999999999,153.8426424139,False,True,-0.036027020265216356,0.019827370528344445,0.0838928346087346
2017-09-18,AAPL,Strong Buy,0.9999999999999999,152.6783341995,False,True,-0.030629608621413118,0.05073422827287684,0.08602311590024546
2017-09-19,AAPL,Strong Buy,1.0,152.7360684911,False,True,-0.02677502677462413,0.06495306495320766,0.08921655437984513
2017-09-20,AAPL,Strong Buy,1.0,150.1765148958,False,True,-0.016595117575668956,0.06932786570139784,0.10745923839687738
2017-09-21,AAPL,Strong Buy,1.0,147.5977165366,False,True,0.013038659626030237,0.09596453484554891,0.13825852558186258
2017-09-22,AAPL,Strong Buy,1.0,146.154359246,False,True,0.022450457567790898,0.1356903021922197,0.16568774706980025
2017-09-25,AAPL,Strong Buy,1.0,144.8649600664,False,True,0.03513782796382835,0.15742278312883362,0.1635305952560343
2017-09-26,AAPL,Strong Buy,1.0,147.3571569882,False,True,0.018022724304545955,0.14150450568050635,0.1426070642777316
2017-09-27,AAPL,Strong Buy,1.0,148.4059966193,False,True,0.01504246904002572,0.14270894119210897,0.13882659866737931
2017-09-28,AAPL,Strong Buy,1.0,147.4918703353,False,True,0.017745302713634233,0.14744258872616164,0.14588482719477908
2017-09-29,AAPL,Strong Buy,1.0,148.300150418,False,True,0.018621853101403296,0.13742538281893987,0.11072678506539768
2017-10-02,AAPL,Strong Buy,1.0,148.001856578,False,True,0.039464274104033144,0.13515034938536916,0.11316117494494694
2017-10-03,AAPL,Strong Buy,1.0,148.6465561678,False,True,0.038775245986146706,0.11314079072585433,0.11145165447289906
2017-10-04,AAPL,Strong Buy,1.0,147.684317974,False,True,0.040917383372849635,0.1056153113125119,0.10659616236959885
2017-10-05,AAPL,Strong Buy,1.0,149.5221929241,False,True,0.003796898127277764,0.10507190758080284,0.11256392051341566
2017-10-06,AAPL,Strong Buy,1.0,149.4355914866,False,True,0.00611719253095055,0.09957306669498656,0.11301480621110521
2017-10-09,AAPL,Strong Buy,1.0,149.9552001112,False,True,0.0021175564686287626,0.09466814746852979,0.1143100926962767
2017-10-10,AAPL,Strong Buy,1.0,150.01293440290002,False,True,0.007697241821153718,0.11458936237212673,0.12656311895084787
2017-10-11,AAPL,Strong Buy,1.0,150.63838922879998,False,True,-0.0008942829765351337,0.12162916622449588,0.11771859357089924
2017-10-12,AAPL,Strong Buy,1.0,150.1091582222,False,True,0.009038461538713497,0.1256479617977807,0.12153060056133225
2017-10-13,AAPL,Strong Buy,1.0,151.061774034,False,True,0.0386011847893932,0.112923804415673,0.11420236585476029
2017-10-16,AAPL,Strong Buy,0.9999999999999999,153.8426424139,False,True,0.04278208656539135,0.08640373478724772,0.10027645827413433
2017-10-17,AAPL,Strong Buy,0.9999999999999999,154.4103629482,False,True,0.05340562098844631,0.05995688104175865,0.1075511214520695
2017-10-18,AAPL,Strong Buy,0.9999999999999999,153.7271738307,False,True,0.04462944416616789,0.07955576377061871,0.10681949385399185
2017-10-19,AAPL,Strong Buy,0.9999999999999999,150.0899134584,False,True,0.07776638030466372,0.10057022297027125,0.1523655476991026
2017-10-20,AAPL,Strong Buy,1.0,150.3497177707,False,True,0.1039999999996487,0.09063958321414106,0.1514019533978539
2017-10-23,AAPL,Strong Buy,1.0,150.2727387152,False,True,0.11577127489285777,0.09017005691817742,0.14685067411942931
2017-10-24,AAPL,Strong Buy,1.0,151.1676202353,False,True,0.11273074474860721,0.07969182370568838,0.130734588461723
2017-10-25,AAPL,Strong Buy,1.0,150.5036758817,False,True,0.12678217505264355,0.08644398447999586,0.13597946499118319
2017-10-26,AAPL,Strong Buy,1.0,151.4659140754,False,True,0.1173368909215627,0.07986077093344254,0.11078315824540515
2017-10-27,AAPL,Strong Buy,1.0,156.8929374881,False,True,0.07513032812005362,0.06281991043954784,0.05321778464842174
2017-10-30,AAPL,Strong Buy,1.0,160.4243516591,False,True,0.04724973151961007,0.03358497960552215,0.03244123385057649
2017-10-31,AAPL,Strong Buy,1.0,162.6567442685,False,True,0.01726212347005488,0.022783623264846484,-0.0028052628807496783
2017-11-01,AAPL,Strong Buy,1.0,160.587932152,False,True,0.016776547307739007,0.03565919669592473,0.004087888005673036
2017-11-02,AAPL,Strong Buy,1.0,161.7618627483,False,True,0.02145692534092995,0.03859065635027509,-0.00045275856345671785
2017-11-03,AAPL,Strong Buy,1.0,165.9860884188,False,True,-0.010065523143629736,0.0264134023330802,-0.02385420789307268
2017-11-06,AAPL,Strong Buy,1.0,167.67000525790002,False,True,-0.020986604870009862,0.005277079573887069,-0.07558742252978416
2017-11-07,AAPL,Strong Buy,1.0,168.2088586463,False,True,-0.005980884423664267,0.0009658819494259975,-0.10157068617013526
2017-11-08,AAPL,Strong Buy,1.0,169.5848592634,False,True,-0.003682217587185111,-0.0033974902836407983,-0.07161815233950679
2017-11-09,AAPL,Strong Buy,1.0,169.2384535136,False,True,-0.0015858423900005775,-0.0013575943116351608,-0.08963253869181091
2017-11-10,AAPL,Strong Buy,1.0,168.6803553613,False,True,-0.003320547318034081,-0.023472834488161055,-0.11175359248872486
2017-11-13,AAPL,Strong Buy,1.0,168.0043592042,False,True,-0.005173305742285021,-0.01937115594628353,-0.09731562913155214
2017-11-14,AAPL,Strong Buy,1.0,165.4645450713,False,True,-0.01085560873132055,-0.0015174506828141787,-0.046542689299882894
2017-11-15,AAPL,Strong Buy,1.0,163.28204319280002,False,True,0.016382777383189565,0.0008871540101254118,-0.02411910898769112
2017-11-16,AAPL,Strong Buy,1.0,165.23277496030002,False,True,-0.0002922267680345321,0.006779661016823916,-0.017860049590700647
2017-11-17,AAPL,Strong Buy,1.0,164.3153516043,False,True,-0.0020570085217232244,0.012224507786936628,0.02078626021155431
2017-11-20,AAPL,Strong Buy,1.0,164.151181109,False,True,-0.002000235321986333,0.01794328744576136,0.01849939148584973
2017-11-21,AAPL,Strong Buy,1.0,167.2028209037,False,True,-0.023853528935956835,0.010742751530696445,-0.0034527527028536628
2017-11-22,AAPL,Strong Buy,1.0,168.9604109121,False,True,-0.03223593964347985,-0.0034865112029495177,-0.018295332337988655
2017-11-24,AAPL,Strong Buy,1.0,168.970068,False,True,-0.03200548665459482,-0.00365776990336533,-0.010145690597697992
2017-11-27,AAPL,Strong Buy,1.0,168.1202442597,False,True,-0.00815670055702334,0.001148831064637507,0.012159757266008311
2017-11-28,AAPL,Strong Buy,1.0,167.135221288,False,True,-0.007915872190220316,0.012769399664852337,0.03825543924570173
2017-11-29,AAPL,Strong Buy,0.9999999999999999,163.6683267111,False,True,0.016462119424339727,0.04490205333969223,0.05681220617482712
2017-11-30,AAPL,Strong Buy,1.0,165.9570565571,False,True,0.0021530404425861155,0.025254582485065655,0.040660140682106494
2017-12-01,AAPL,Strong Buy,0.9999999999999999,165.1844895205,False,True,0.01707103186192339,0.04706226249611192,0.027213552789665193
2017-12-04,AAPL,Strong Buy,1.0,163.9773535258,False,True,0.03898704358034489,0.055712603062365154,0.041930223403795874
2017-12-05,AAPL,Strong Buy,1.0,163.8228401184,False,True,0.028884697005497367,0.05199245460977292,0.04652327834257815
2017-12-06,AAPL,Strong Buy,1.0,163.21444357709998,False,True,0.03159576356404998,0.04727530915335365,0.04953319186289415
2017-12-07,AAPL,Strong Buy,1.0,163.5138133038,False,True,0.03360500826796094,0.04559414127079591,0.03788683581973591
2017-12-08,AAPL,Strong Buy,1.0,163.56209874360002,False,True,0.03329987601062812,0.02863553167621136,0.04890294788365798
2017-12-11,AAPL,Strong Buy,1.0,166.7489377697,False,True,-0.012161927376118471,-0.009034574622482345,0.04653348598188172
2017-12-12,AAPL,Strong Buy,1.0,165.8122002378,False,True,-0.006406523005403227,-0.0011065812463549771,0.06262053306758397
2017-12-13,AAPL,Strong Buy,0.9999999999999999,166.3626542514,False,True,-0.006907761072766752,-0.025018865734194498,0.048905188052032735
2017-12-14,AAPL,Strong Buy,0.9999999999999999,166.3143688116,False,True,-0.017361514341980393,-0.030484264312984424,0.040289943654782064
2017-12-15,AAPL,Strong Buy,0.9999999999999999,168.0043592042,False,True,-0.00982928091046052,-0.03759268839461235,0.031037419958622327
2017-12-18,AAPL,Strong Buy,1.0,170.37034575389998,False,True,-0.02375014170743603,-0.0489740392242468,0.013133671854679604
2017-12-19,AAPL,Strong Buy,0.9999999999999999,168.55481321780002,False,True,-0.008651312019881332,-0.08044001375018693,0.008399716783350046
2017-12-20,AAPL,Strong Buy,0.9999999999999999,168.3713285466,False,True,0.0037281330658755552,-0.10243762546618142,0.009153110954240906
2017-12-21,AAPL,Strong Buy,0.9999999999999999,169.0086963518,False,True,-0.0037712130733988233,-0.06845323124390096,-0.017428408494842684
2017-12-22,AAPL,Strong Buy,0.9999999999999999,169.0086963518,False,True,-0.0038854922573516044,-0.08839494885992527,-0.03131188634509356
2017-12-26,AAPL,Strong Buy,1.0,164.72094929850002,False,True,0.02180922788327257,-0.0904027671921366,-0.02911204914324571
2017-12-27,AAPL,Strong Buy,1.0,164.7499205624,False,True,0.027432590855715797,-0.07948417350550523,0.016798921702373383
2017-12-28,AAPL,Strong Buy,1.0,165.2134607844,False,True,0.03512976385304317,-0.045093666031378626,-0.012052533585617099
2017-12-29,AAPL,Strong Buy,1.0,163.42689951219998,False,True,0.04112745967011542,-0.024984098254860365,-0.012287651682152172
2018-01-02,AAPL,Strong Buy,1.0,166.3529971634,False,True,0.03970741901759556,-0.02447378663037256,-0.022084076721451823
2018-01-03,AAPL,Strong Buy,1.0,166.3240258995,False,True,0.040817511467658864,0.008458353219817366,-0.028326271375530492
2018-01-04,AAPL,Strong Buy,1.0,167.0965929362,False,True,0.031381841298835714,0.0005463015935629915,-0.02289629574111535
2018-01-05,AAPL,Strong Buy,1.0,168.9990392639,False,True,0.01142857142864579,-0.014044626302837244,-0.015421578817558986
2018-01-08,AAPL,Strong Buy,1.0,168.3713285466,False,True,0.015428735302643921,-0.014860632898121357,-0.004898096480077093
2018-01-09,AAPL,Strong Buy,1.0,168.3520143707,False,True,-0.0006309872079469833,-0.006511739137769363,-0.030240270353937844
2018-01-10,AAPL,Strong Buy,0.9999999999999999,168.3133860189,False,True,-0.018245452981114435,0.010998291022985674,-0.0203973824019825
2018-01-11,AAPL,Strong Buy,1.0,169.2694377267,False,True,-0.02150844363279725,0.025164701450580248,-0.007600242910224379
2018-01-12,AAPL,Strong Buy,1.0,171.0173706471,False,True,-0.05155570613814437,0.011398343794107717,-0.022335722832987917
2018-01-16,AAPL,Strong Buy,1.0,170.1482327309,False,True,-0.052329871161706135,0.015026080800048748,-0.0076541561278494815
2018-01-17,AAPL,Strong Buy,1.0,172.9584453266,False,True,-0.06515912897817193,-0.01895657060462575,-0.020470180466842517
2018-01-18,AAPL,Strong Buy,1.0,173.11295873400002,False,True,-0.0640410576815046,-0.013055048901178173,-0.015239422835200356
2018-01-19,AAPL,Strong Buy,0.9999999999999999,172.3403916973,False,True,-0.10063879861004008,-0.0051988740444184195,0.0027901407665627477
2018-01-22,AAPL,Strong Buy,0.9999999999999999,170.93045685549998,False,True,-0.11587570621509544,0.002155959077623848,0.008792753508349781
2018-01-23,AAPL,Strong Buy,1.0,170.9690852073,False,True,-0.07913465883434644,-0.0073712209612160655,-0.02001797967305179
2018-01-24,AAPL,Strong Buy,1.0,168.2457864032,False,True,-0.08426127884311961,0.019703204471675104,-0.04495752772121792
2018-01-25,AAPL,Strong Buy,0.9999999999999999,165.2424320482,False,True,-0.09327333294334611,0.05607467140762745,-0.03041572006114001
2018-01-26,AAPL,Strong Buy,0.9999999999999999,165.6287155666,False,True,-0.0843682584109702,0.06379771166522806,-0.04614132105025586
2018-01-29,AAPL,Strong Buy,1.0,162.2004493415,True,True,-0.02735546787702227,0.07582100944126945,-0.02173635497566985
2018-01-30,AAPL,Strong Buy,1.0,161.2443976337,True,True,-0.011786901525208714,0.07299954540460828,-0.012508488307803814
2018-01-31,AAPL,Strong Buy,1.0,161.6886236797,True,True,0.0036680733146376367,0.07131087588970315,-0.02661527358303734
2018-02-01,AAPL,Strong Buy,1.0,162.0266217583,True,True,0.03520552017500672,0.06530601018321841,-0.01105229051292166
2018-02-02,AAPL,Strong Buy,0.7745511262203559,154.9962617249,True,True,0.07865748638466316,0.09661113126055731,0.05782625382867631
2018-02-05,AAPL,Strong Sell,-0.8640613862392037,151.12376945370002,True,True,0.10257646109700341,0.12432644191260914,0.13285962022639566
2018-02-06,AAPL,Strong Buy,1.0,157.4395049782,True,True,0.053542591266831224,0.05477430061530037,0.08938533330912463
2018-02-07,AAPL,Hold,0.3627488855981361,154.0691812809,True,True,0.08558862050975757,0.0626181946265461,0.156891339758139
2018-02-08,AAPL,Strong Sell,-1.0,149.82971966739998,True,True,0.13571957552306932,0.06738226089330845,0.19823268720139253
2018-02-09,AAPL,Mild Sell,-0.4973421803078769,151.6549092914,True,True,0.1442363020267912,0.10459689278189117,0.18950195000334025
2018-02-12,AAPL,Strong Buy,1.0,157.7633801599,True,True,0.096367770880611,0.03460143814152067,0.1514965275641007
2018-02-13,AAPL,Strong Buy,1.0,159.34382579729998,True,True,0.08385055373024944,0.013021784106272895,0.15638310819020296
2018-02-14,AAPL,Strong Buy,1.0,162.28170940549998,True,True,0.04558762024199694,0.002449662424412243,0.1311465615100226
2018-02-15,AAPL,Strong Buy,1.0,167.7308532595,True,True,0.01861379270496955,-0.036476096883824194,0.09184517506487702
2018-02-16,AAPL,Strong Buy,1.0,167.1878780712,True,True,0.025459606796895094,-0.023429797598913196,0.08543569978331188
2018-02-20,AAPL,Strong Buy,1.0,166.6255109119,True,True,0.02804771603173658,-0.0013965667731577007,0.09926338643813741
2018-02-21,AAPL,Strong Buy,1.0,165.8692240425,True,True,0.023148418776084683,0.01011281931342612,0.09729237546360665
2018-02-22,AAPL,Strong Buy,1.0,167.2557499698,True,True,0.025739130434543057,-0.023884057971228483,0.08423869278541402
2018-02-23,AAPL,Strong Buy,1.0,170.16454562139998,False,True,0.02552706552729601,-0.031054131054168495,0.07325517950040214
2018-02-26,AAPL,Strong Buy,1.0,173.5290525918,False,True,0.015365703749171584,-0.03196066379816152,0.04980982685263878
2018-02-27,AAPL,Strong Buy,1.0,172.9666854325,True,True,0.008856998710875271,-0.0333538875499315,0.05997594993486991
2018-02-28,AAPL,Strong Buy,1.0,172.7048938239,True,True,0.0017965416568703299,-0.022344486862861248,0.060399151327097216
2018-03-01,AAPL,Strong Buy,0.9999999999999999,169.67974634610002,True,True,0.020857142857706287,-0.0015428571425727961,0.08177120738145709
2018-03-02,AAPL,Strong Buy,0.9999999999999999,170.8529605923,True,True,0.010271834742669933,-0.0022132682593798106,0.07046892416239815
2018-03-05,AAPL,Strong Buy,1.0,171.4444157081,True,True,-0.008596312634114926,0.008030765750598759,0.06450503785978674
2018-03-06,AAPL,Strong Buy,1.0,171.2989759256,False,True,-0.008094186902215965,0.006622516556040224,0.061829072116578815
2018-03-07,AAPL,Strong Buy,1.0,169.7088343027,False,True,-0.02148203165191382,-0.012740673027919123,0.0911065924182946
2018-03-08,AAPL,Strong Buy,1.0,171.5607675342,False,True,-0.045721713574965836,-0.0634113258733896,0.0883493924051048
2018-03-09,AAPL,Strong Buy,1.0,174.5083471279,False,True,-0.08356484053804066,-0.08189798866540905,0.07822130415512722
2018-03-12,AAPL,Strong Buy,1.0,176.1954486058,False,True,-0.04925159586167852,-0.10334580673555838,0.07159841392568599
2018-03-13,AAPL,Strong Buy,1.0,174.4986511424,False,True,-0.06462188142473292,-0.09068178029689714,0.07911791379942296
2018-03-14,AAPL,Strong Buy,0.9999999999999999,173.01516536,False,True,-0.06702533064295778,-0.07969065232005162,0.07846916769839855
2018-03-15,AAPL,Strong Buy,0.9999999999999999,173.2187810557,False,True,-0.06084522809978031,-0.0914077805766834,0.07456041977888636
2018-03-16,AAPL,Strong Buy,0.9999999999999999,172.6079339688,False,True,-0.06370070778546881,-0.0716773396247032,0.08428425663405283
2018-03-19,AAPL,Strong Buy,0.9999999999999999,169.9706259113,True,True,-0.039418140330885074,-0.03536794067309685,0.09206028210642549
2018-03-20,AAPL,Strong Buy,0.9999999999999999,169.9124499983,False,True,-0.020714448756022276,0.0075895914173028005,0.09300704483137127
2018-03-21,AAPL,Strong Buy,0.9999999999999999,166.0631437526,False,True,0.008933263268278738,0.03281368599295032,0.10685448536091653
2018-03-22,AAPL,Strong Buy,1.0,163.71671526030002,True,True,-0.0027835356828131972,0.08871779686091757,0.12212366375242245
2018-03-23,AAPL,Strong Buy,1.0,159.9255849276,True,True,0.03098096277429915,0.12259003273913638,0.13016111671139832
2018-03-26,AAPL,Strong Buy,1.0,167.5175415784,True,True,0.0027782601148201025,0.07686519650405542,0.08364826048167599
2018-03-27,AAPL,Strong Buy,1.0,163.2222199995,True,True,0.02435547107012872,0.11298562433139615,0.10596343292875793
2018-03-28,AAPL,Strong Buy,1.0,161.41876669549998,True,True,0.04601153291680479,0.14151850072050423,0.11506363557489509
2018-03-29,AAPL,Strong Buy,1.0,162.67924481120002,True,True,0.04142329240660474,0.12838240553082583,0.08996989668341697
2018-04-02,AAPL,Strong Buy,0.8805955636058064,161.6126864056,True,False,0.054835613150806053,0.1331791266762471,0.11077452209890173
2018-04-03,AAPL,Strong Buy,1.0,163.270699927,True,True,0.058495160045067225,0.11147739006838236,0.09788498259482915
2018-04-04,AAPL,Strong Buy,1.0,166.3928072598,False,True,0.03630324573146013,0.10080072815895201,0.08512347259749586
2018-04-05,AAPL,Strong Buy,1.0,167.5466295349,False,True,0.0,0.08630675156606417,0.07538500872957919
2018-04-06,AAPL,Strong Buy,1.0,163.2610039415,True,True,-0.015797600665399272,0.1107683484114795,0.11595523297580214
2018-04-09,AAPL,Strong Buy,1.0,164.8802335209,True,True,-0.028285798294365182,0.10765236108396267,0.08575079811679077
2018-04-10,AAPL,Strong Buy,1.0,167.9829488827,False,True,-0.05950937950958609,0.08447021478655178,0.07427216190145663
2018-04-11,AAPL,Strong Buy,1.0,167.1975740567,False,True,-0.050974251913546154,0.0965501606872932,0.09427974997026176
2018-04-12,AAPL,Strong Buy,1.0,168.8458915927,False,True,-0.05696565981422946,0.0846347584380182,0.09864306278578161
2018-04-13,AAPL,Strong Buy,1.0,169.4179547375,False,True,-0.07102386539221159,0.08344280485149132,0.0936119307642046
2018-04-16,AAPL,Strong Buy,1.0,170.4748171576,False,True,-0.06006142645886711,0.07284341443886033,0.07272922142006387
2018-04-17,AAPL,Strong Buy,1.0,172.82124564990002,False,True,-0.05127917414710024,0.05602435364870652,0.07590577214664103
2018-04-18,AAPL,Strong Buy,1.0,172.4334062297,False,True,-0.007141250562316717,0.05484335453712768,0.08001915247802724
2018-04-19,AAPL,Strong Buy,1.0,167.5466295349,False,True,0.023668981481802624,0.10518742402233133,0.10907974726697273
2018-04-20,AAPL,Mild Buy,0.6653294038513565,160.681871797,False,True,0.10928071445846717,0.16203561122497517,0.15973371093676278
2018-04-23,AAPL,Hold,0.1737610731445701,160.2164644928,False,True,0.12055192447320548,0.17440250739433658,0.15672359116393067
2018-04-24,AAPL,Strong Sell,-1.0,157.9863878265,False,True,0.14183134896284694,0.19510779292106623,0.18216972525890304
2018-04-25,AAPL,Mild Sell,-0.6420265657929787,158.6748027974,False,True,0.14488237091337797,0.18673297248103154,0.17434177737924555
2018-04-26,AAPL,Hold,-0.35887903465043425,159.2274739712,False,True,0.15722810863487147,0.17185506201492226,0.17130489531934415
2018-04-27,AAPL,Strong Sell,-1.0,157.3852367252,False,True,0.16633809758477985,0.18266522297638624,0.193611818409655
2018-04-30,AAPL,Hold,0.17546926097765256,160.2358564638,False,True,0.14291599197882127,0.16800365101042,0.18343286504004355
2018-05-01,AAPL,Strong Buy,1.0,163.9591148979,False,True,0.10681063106802786,0.1321003397590151,0.15293763494768153
2018-05-02,AAPL,Strong Buy,1.0,171.20201607049998,False,True,0.06987830865597754,0.08477405298909248,0.08579742473740083
2018-05-03,AAPL,Strong Buy,1.0,171.5122876067,False,True,0.06118947747502402,0.07168843749081728,0.07776080895896696
2018-05-04,AAPL,Strong Buy,1.0,178.2413015475,False,True,0.01741377634505689,0.030683678532511804,0.039148019433870966
2018-05-07,AAPL,Strong Buy,1.0,179.53086761970002,False,True,0.01726228128282002,0.006744300012880384,0.09246042572390777
2018-05-08,AAPL,Strong Buy,1.0,180.3938103297,False,True,0.009860062949771677,0.006298897949010864,0.11901516592870176
2018-05-09,AAPL,Strong Buy,1.0,181.6639844309,False,True,0.009228809291792824,-0.006309328035442209,0.11440592506163728
2018-05-10,AAPL,Strong Buy,1.0,184.2625085464,False,True,-0.006112940252391998,-0.02317515233341496,0.10439525687699011
2018-05-11,AAPL,Strong Buy,1.0,183.56439759,False,True,-5.302508072257609e-05,-0.03404210191432261,0.09820244975860196
2018-05-14,AAPL,Strong Buy,1.0,183.1361228409,False,True,-0.0013287270797547157,-0.019771458942295213,0.10151474887043999
2018-05-15,AAPL,Strong Buy,1.0,181.4716914295,False,True,0.005685475219702966,-0.012229135378738518,0.12036043767402375
2018-05-16,AAPL,Strong Buy,1.0,183.165323392,False,True,-0.006961419917192069,-0.014241683494955313,0.10670634498851683
2018-05-17,AAPL,Strong Buy,1.0,182.0070348659,False,True,0.01738060858873243,-0.010054013583860865,0.12094076440132194
2018-05-18,AAPL,Strong Buy,1.0,181.3451557081,False,True,0.02962803928960984,0.004669636627421412,0.12977193382811067
2018-05-21,AAPL,Strong Buy,1.0,182.6299799555,False,True,0.030272344507988845,-0.019772957415753398,0.12444455896035134
2018-05-22,AAPL,Strong Buy,1.0,182.1725046553,False,True,0.036439410130308485,-0.009403718743075253,0.14378268163058897
2018-05-23,AAPL,Strong Buy,1.0,183.3405266984,False,True,0.027075812274533585,-0.002070503291530607,0.15919171541441152
2018-05-24,AAPL,Strong Buy,1.0,183.1361228409,False,True,0.018867924527931026,0.012915227212464369,0.1491782847747317
2018-05-25,AAPL,Strong Buy,1.0,183.554664073,False,True,0.014052391557722381,0.009385937003021745,0.1443229234467419
2018-05-29,AAPL,Strong Buy,1.0,182.8927849152,False,True,0.02331027142091313,-0.00010643959524716998,0.14851757359916798
2018-05-30,AAPL,Strong Buy,1.0,182.5034442342,False,True,0.017066666666865637,0.018826666666579724,0.1533226656385281
2018-05-31,AAPL,Strong Buy,1.0,181.8902326616,False,True,0.021030663027501725,0.0238668593138617,0.16080888625733802
2018-06-01,AAPL,Strong Buy,1.0,185.1704278993,False,True,-0.007359125315307204,0.0035218671150593498,0.14963529141255896
2018-06-04,AAPL,Strong Buy,1.0,186.7180571064,False,True,-0.016108012302667268,-0.00198092060688726,0.1493135002374892
2018-06-05,AAPL,Strong Buy,1.0,188.1586176262,False,True,-0.03941855051483565,-0.015053540944518553,0.15754149479876073
2018-06-06,AAPL,Strong Buy,1.0,188.8107632669,False,True,-0.0385606763583079,-0.010825858335790885,0.16414866153837174
2018-06-07,AAPL,Strong Buy,0.9999999999999999,188.3046203816,False,True,-0.04135221751287885,-0.010441434921859843,0.1807645147879021
2018-06-08,AAPL,Strong Buy,0.9999999999999999,186.591521385,False,True,-0.03536776212828771,-0.00046948356790141175,0.19542655635065426
2018-06-11,AAPL,Strong Buy,0.9999999999999999,186.1340460848,False,True,-0.047377503529807734,0.009255869895049179,0.19054557173297434
2018-06-12,AAPL,Strong Buy,0.9999999999999999,187.1560653725,False,True,-0.04082587892619112,0.013209902226141164,0.16436846508860267
2018-06-13,AAPL,Strong Buy,0.9999999999999999,185.6181696825,False,True,-0.03429470372317853,0.018405873098759032,0.164543454915769
2018-06-14,AAPL,Strong Buy,0.9999999999999999,185.7155048527,False,True,-0.02777777777785257,0.0009433962266044667,0.14831231492785918
2018-06-15,AAPL,Strong Buy,0.9999999999999999,183.8077355157,False,True,-0.019752171150543694,0.005666172420752375,0.18956474602791593
2018-06-18,AAPL,Strong Buy,0.9999999999999999,183.7104003454,False,True,-0.008265338560828074,0.008212355621475154,0.17541394411809036
2018-06-19,AAPL,Strong Buy,1.0,180.7416776525,False,True,-0.009532015724742559,0.08514190317236534,0.22357914590564865
2018-06-20,AAPL,Strong Buy,1.0,181.5300925316,False,True,-0.005898123324173459,0.11201072386089628,0.2044363081197671
2018-06-21,AAPL,Strong Buy,1.0,180.5178067609,False,True,0.013533915669250171,0.12148172112597337,0.1789410481215564
2018-06-22,AAPL,Strong Buy,1.0,179.9921968415,False,True,0.0306078304136225,0.130597014925595,0.18433740594608924
2018-06-25,AAPL,Strong Buy,1.0,177.31547965939998,False,True,0.04490311247779388,0.13690508865345483,0.20293204364513845
2018-06-26,AAPL,Strong Buy,1.0,179.5152545073,False,True,0.018706284227023386,0.12373258146703488,0.19722371385636345
2018-06-27,AAPL,Strong Buy,1.0,179.25244954759998,False,True,0.03730451781036517,0.1342311033881332,0.18606447068018087
2018-06-28,AAPL,Strong Buy,1.0,180.556740829,False,True,0.03142857142882452,0.12269541778991747,0.194429341752172
2018-06-29,AAPL,Strong Buy,1.0,180.177133665,False,True,0.031332721084887806,0.1323251771133674,0.2045355058301648
2018-07-02,AAPL,Strong Buy,1.0,182.1919716894,False,True,0.02281226626761298,0.1245208301712447,0.18172529862371709
2018-07-03,AAPL,Strong Buy,1.0,179.018845139,False,True,0.03523270987365957,0.14712664526770572,0.22738840778630315
2018-07-05,AAPL,Strong Buy,1.0,180.4594056588,False,True,0.03495145631048705,0.15464059705462715,0.22186653093549957
2018-07-06,AAPL,Strong Buy,1.0,182.9609195344,False,True,0.018460392616057805,0.16159680542347227,0.21327553084178344
2018-07-09,AAPL,Strong Buy,1.0,185.5013674782,False,True,0.005404554517463784,0.13452562850423555,0.20729618538644498
2018-07-10,AAPL,Strong Buy,1.0,185.2774965866,False,True,0.013921723141344215,0.13368225323642113,0.22346373004369716
2018-07-11,AAPL,Strong Buy,1.0,182.8733178812,False,True,0.03693847136457763,0.14863983435822184,0.2177558513613746
2018-07-12,AAPL,Strong Buy,0.9999999999999999,185.9393757443,False,True,0.016646600010406288,0.13201067794190688,0.17823878117605202
2018-07-13,AAPL,Strong Buy,0.9999999999999999,186.2313812551,False,True,-0.0018293001620030248,0.13374983836789794,0.17366395878790347
2018-07-16,AAPL,Strong Buy,0.9999999999999999,185.82257354,False,True,-0.00523807029499831,0.14560063819789879,0.1925411433788928
2018-07-17,AAPL,Strong Buy,0.9999999999999999,186.3481834594,False,True,-0.006059023243690492,0.15159471794504908,0.13408754289758862
2018-07-18,AAPL,Strong Buy,0.9999999999999999,185.3261641717,False,True,0.058298319327918555,0.17523291155215687,0.13027490305109765
2018-07-19,AAPL,Strong Buy,0.9999999999999999,186.7667246915,False,True,0.08083176985641626,0.17688950054818608,0.16161812632447872
2018-07-20,AAPL,Strong Buy,0.9999999999999999,186.3384499424,False,True,0.08645006268260536,0.1932234801026288,0.13938872571779368
2018-07-23,AAPL,Strong Buy,1.0,186.5039197318,False,True,0.09112259276662432,0.19598805308898593,0.16346446835616735
2018-07-24,AAPL,Strong Buy,1.0,187.8568785984,False,True,0.07310880828995629,0.17962709680031605,0.1500935229040911
2018-07-25,AAPL,Strong Buy,1.0,189.6283786971,False,True,0.06380248434452822,0.14918780652493466,0.11271873583828142
2018-07-26,AAPL,Strong Buy,1.0,189.0346341585,False,True,0.07553679007269858,0.14349640519290133,0.1332137217483946
2018-07-27,AAPL,Strong Buy,1.0,185.8907081592,False,True,0.09048067860495479,0.14723002245362907,0.15942062224336806
2018-07-30,AAPL,Strong Buy,1.0,184.8492218374,False,True,0.10370551069164106,0.18286244347316452,0.17694416812514982
2018-07-31,AAPL,Strong Buy,1.0,185.2190954844,False,True,0.10614225125592315,0.1658396542795292,0.13430339367138935
2018-08-01,AAPL,Strong Buy,1.0,196.1303680704,False,True,0.047044826787293034,0.12757524368800802,0.09465588340881614
2018-08-02,AAPL,Strong Buy,1.0,201.8634095986,False,True,0.03221161432044443,0.08311573105875238,0.04663122153350025
2018-08-03,AAPL,Strong Buy,1.0,202.4474206201,False,True,0.04978773746549422,0.05123518815615966,0.024023115174810657
2018-08-06,AAPL,Strong Buy,1.0,203.4986404589,False,True,0.03418900024103682,0.04753275509402518,0.023821190714436478
2018-08-07,AAPL,Strong Buy,1.0,201.5908711218,False,True,0.04194107915428163,0.05807604843240311,0.06045026313089924
2018-08-08,AAPL,Strong Buy,1.0,201.7271403602,False,True,0.041285655388406936,0.06539912929585592,0.07600324733956781
2018-08-09,AAPL,Strong Buy,1.0,203.3137036354,False,True,0.035273840517217894,0.04569912351831382,-0.0032084253074736403
2018-08-10,AAPL,Strong Buy,1.0,202.7102255798,False,True,0.0415843492507069,0.06389437671658658,-0.02862236785048595
2018-08-13,AAPL,Strong Buy,1.0,204.019104789,False,True,0.043424139416563326,0.06377172403856898,-0.02441710154670078
2018-08-14,AAPL,Strong Buy,1.0,204.8786672547,False,True,0.04743742550666679,0.05087008343256847,0.0009535160903656121
2018-08-15,AAPL,Strong Buy,1.0,205.357287264,False,True,0.06059741248092292,0.06996765601226766,-0.004851598173476053
2018-08-16,AAPL,Strong Buy,1.0,208.365755894,False,True,0.0548940558784467,0.0582223888995061,-0.0381308620627752
2018-08-17,AAPL,Strong Buy,1.0,212.5268196485,False,True,0.04618990716059155,0.04448938321543607,-0.10446796385237639
2018-08-20,AAPL,Strong Buy,1.0,210.4560555266,False,True,0.05987190197674021,0.06414183607130189,-0.104691971720981
2018-08-21,AAPL,Strong Buy,1.0,210.0458098043,False,True,0.05501302083324606,0.07919456845246457,-0.1282828527234367
2018-08-22,AAPL,Strong Buy,1.0,210.0555775596,False,True,0.03743315507996436,0.060172053010654876,-0.10681145476812698
2018-08-23,AAPL,Strong Buy,1.0,210.4853587924,False,True,0.026961807972578546,0.04083716181740603,-0.09876272889651748
2018-08-24,AAPL,Strong Buy,1.0,211.139798397,False,True,0.010038860103553716,0.03520540340492073,-0.13716337867599038
2018-08-27,AAPL,Strong Buy,1.0,212.878458839,False,True,0.027117555290391955,0.04097458015983158,-0.1850983209747908
2018-08-28,AAPL,Strong Buy,1.0,214.5975837705,False,True,0.006235776058089764,-0.015202548930322444,-0.19253995606161117
2018-08-29,AAPL,Strong Buy,1.0,217.8014075063,False,True,0.015382545520065535,-0.038254551977856176,-0.22462440346389798
2018-08-30,AAPL,Strong Buy,1.0,219.8037973412,False,True,-0.00528818379782441,-0.01297604763794227,-0.22129756609933932
2018-08-31,AAPL,Strong Buy,1.0,222.3434137172,False,True,-0.042832667047259944,-0.045117075956471124,-0.23186716082569483
2018-09-04,AAPL,Strong Buy,1.0,223.0564598535,False,True,-0.044315992292679185,-0.027193904361182377,-0.20488028840462613
2018-09-05,AAPL,Strong Buy,1.0,221.601064315,False,True,-0.037466390443856766,-0.025036364437823967,-0.20580653925231587
2018-09-06,AAPL,Strong Buy,1.0,217.9186205698,False,True,-0.013760645450394236,-0.03173464813983121,-0.19674910751266853
2018-09-07,AAPL,Strong Buy,1.0,216.1604246172,False,True,-0.016448260280282068,-0.00899231811994379,-0.1619199157532325
2018-09-10,AAPL,Strong Buy,1.0,213.2594012954,False,True,0.011267347593138988,0.010626116429263633,-0.1878868843938945
2018-09-11,AAPL,Strong Buy,1.0,218.6512022167,False,True,-0.007415680142901826,-0.0050033504577567355,-0.2167444322653734
2018-09-12,AAPL,Strong Buy,1.0,215.9357662455,False,True,-0.0029402451712336897,-0.02705025557535079,-0.23517462649316112
2018-09-13,AAPL,Strong Buy,1.0,221.1517475716,False,True,-0.0064484784242471,-0.029194823550330113,-0.24829366265451816
2018-09-14,AAPL,Strong Buy,1.0,218.6414344614,False,True,0.008488205861673766,-0.0336847748389623,-0.244011635487229
2018-09-17,AAPL,Strong Buy,1.0,212.8198523073,False,True,0.04305122085542257,-0.025885808701931207,-0.22116724272571764
2018-09-18,AAPL,Strong Buy,1.0,213.1714914978,False,True,0.0505865102637859,-0.022635630498695367,-0.21394538726239884
2018-09-19,AAPL,Strong Buy,1.0,213.2984723166,False,True,0.06273755552518581,0.002243897971240966,-0.23955027610679927
2018-09-20,AAPL,Strong Buy,1.0,214.9199196951,False,True,0.03617688497013366,0.00995318820160888,-0.2523109844049337
2018-09-21,AAPL,Strong Buy,1.0,212.6049616908,False,True,0.030460351006381295,-0.04677019204265491,-0.23434957266783304
2018-09-24,AAPL,Strong Buy,1.0,215.6622690973,False,True,0.013496988088290762,-0.08696046016579172,-0.26874706765628487
2018-09-25,AAPL,Strong Buy,1.0,217.0297548382,False,True,0.021063054143004484,-0.08290202079301773,-0.29169125801250456
2018-09-26,AAPL,Strong Buy,0.9999999999999999,215.3008621515,False,True,-0.018419381181156057,-0.04750022683979648,-0.3137747888406648
2018-09-27,AAPL,Strong Buy,0.9999999999999999,219.7256552989,False,True,-0.046677039342302655,-0.06992665036679004,-0.3449917505558554
2018-09-28,AAPL,Strong Buy,0.9999999999999999,220.497307967,False,True,-0.016080446531486343,-0.0910519867780188,-0.30131873018986477
2018-10-01,AAPL,Strong Buy,1.0,221.9820067714,False,True,-0.043562439496541525,-0.14261260043567964,-0.31049573856938467
2018-10-02,AAPL,Strong Buy,0.9999999999999999,223.9550933404,False,True,-0.03109734822022759,-0.15865724104561033,-0.3162202609817791
2018-10-03,AAPL,Strong Buy,0.9999999999999999,226.680297067,False,True,-0.046882406170744,-0.19225209914966326,-0.31791138179777456
2018-10-04,AAPL,Strong Buy,0.9999999999999999,222.6950529077,False,True,-0.05250230273254405,-0.15750604565040693,-0.3049127774367015
2018-10-05,AAPL,Strong Buy,1.0,219.0809834496,False,True,-0.02220339738715415,-0.13412270029844833,-0.3638242482065393
2018-10-08,AAPL,Strong Buy,1.0,218.5730601744,False,True,-0.013942887786666783,-0.16650684155431233,-0.3351248484280462
2018-10-09,AAPL,Strong Buy,1.0,221.601064315,False,True,-0.01824833605154424,-0.21717427634007264,-0.34566951462883816
2018-10-10,AAPL,Strong Buy,1.0,211.3351535029,True,True,-0.005869846552447633,-0.1800750062245455,-0.30080499597445187
2018-10-11,AAPL,Strong Buy,0.95,209.469512242,True,False,0.024947540219421895,-0.19378293068016758,-0.2825982999741328
2018-10-12,AAPL,Strong Buy,1.0,216.9516127959,False,True,-0.026158209896042017,-0.21106024627149175,-0.3051257924437564
2018-10-15,AAPL,Strong Buy,0.95,212.3119290321,False,False,-0.023555391976321276,-0.1955738029939999,-0.2969119287073555
2018-10-16,AAPL,Strong Buy,0.9999999999999999,216.9906838171,False,True,-0.03983794733319684,-0.18265344434006814,-0.3224163626120002
2018-10-17,AAPL,Strong Buy,0.9999999999999999,216.052979309,False,True,-0.010533930105379364,-0.18541222279563033,-0.3055474739252998
2018-10-18,AAPL,Strong Buy,1.0,211.0030498229,False,True,0.028701046199488274,-0.17042276588315608,-0.2802402472055762
2018-10-19,AAPL,Strong Buy,0.95,214.2166413141,False,False,-0.053941908714070716,-0.15431524944707528,-0.28682812887588544
2018-10-22,AAPL,Strong Buy,1.0,215.5255205232,False,False,-0.0863811466122684,-0.19642575785053204,-0.28679318210460547
2018-10-23,AAPL,Strong Buy,0.95,217.557213624,False,False,-0.08512548825941109,-0.21280582392416092,-0.3093128022410767
2018-10-24,AAPL,Strong Buy,1.0,210.0946485807,True,False,-0.023896973359945027,-0.21391071030177825,-0.28188697566445503
2018-10-25,AAPL,Strong Buy,1.0,214.6952613234,True,False,-0.048134667879945664,-0.22568775323742513,-0.3028450466941601
2018-10-26,AAPL,Strong Buy,0.95,211.2765469711,True,False,-0.051382688373759616,-0.21765864303050328,-0.2680888781623631
2018-10-29,AAPL,Strong Buy,0.95,207.3108383225,True,False,-0.08193620229481476,-0.2004707823459194,-0.2609910306364706
2018-10-30,AAPL,Strong Buy,0.95,208.3462203834,True,False,-0.09562556130769818,-0.1957404656170537,-0.27228508465431195
2018-10-31,AAPL,Strong Buy,0.95,213.7770923259,False,False,-0.14349787375316184,-0.24125282734819745,-0.2423074070543163
2018-11-01,AAPL,Strong Buy,0.95,217.0590581041,False,False,-0.13563047137005843,-0.2596795333391124,-0.24839003006565433
2018-11-02,AAPL,Strong Buy,0.95,202.6613868033,False,False,-0.06396944500622996,-0.19678295733023476,-0.19460647952478036
2018-11-05,AAPL,Strong Buy,0.95,196.9081789362,False,False,-0.07480150768685088,-0.1991004765505581,-0.14752909819917814
2018-11-06,AAPL,Strong Buy,0.95,199.0375495899,False,False,-0.12843072127028024,-0.2276629563615739,-0.14221981597303807
2018-11-07,AAPL,Strong Buy,1.0,205.0740223605,False,True,-0.1550418116059938,-0.2795534125088793,-0.16718229015828634
2018-11-08,AAPL,Strong Buy,1.0,204.3609762242,False,True,-0.17362943066817346,-0.2957455993094974,-0.18010456136997777
2018-11-09,AAPL,Strong Buy,1.0,200.4205899974,False,True,-0.14598718638429087,-0.23132977942985516,-0.16300679806313217
2018-11-12,AAPL,Hold,0.3910746226102032,190.3245755358,False,False,-0.10264201472933493,-0.1958077972909498,-0.12367615033441845
2018-11-13,AAPL,Hold,-0.01012540851099053,188.4229961129,False,False,-0.058731727618157474,-0.18727565936620896,-0.10720461833542116
2018-11-14,AAPL,Strong Sell,-0.9,183.10053412,False,False,-0.03881156316913104,-0.15556745181983953,-0.08506951429749326
2018-11-15,AAPL,Hold,0.07702920429887758,187.6192357383,False,False,-0.06702889086245647,-0.17496473538506616,-0.10385209405701926
2018-11-16,AAPL,Hold,0.18490877303557468,189.6972503653,False,False,-0.045005942230893256,-0.2652818684440208,-0.11564076454327321
2018-11-19,AAPL,Strong Sell,-0.75,182.1791502759,False,False,-0.04933821155707209,-0.2023028085655503,-0.07638960739867383
2018-11-20,AAPL,Strong Sell,-0.75,173.47501353619998,True,False,-0.012769804497739444,-0.16414284099916218,-0.023805290238748035
2018-11-21,AAPL,Strong Sell,-0.75,173.2789744204,False,False,-0.04689444507263527,-0.1472451634801239,-0.02821142402389754
2018-11-23,AAPL,Strong Sell,-0.75,168.8778962716,False,False,-0.015613210285136826,-0.11016309710348185,0.008247527381913743
2018-11-26,AAPL,Strong Sell,-1.0,171.16175197020002,False,False,-0.034303058068850915,-0.1192303287135848,0.002040797520936859
2018-11-27,AAPL,Strong Sell,-1.0,170.7892776503,False,False,-0.029499540863542808,-0.12597566574848848,0.004802527787953136
2018-11-28,AAPL,Strong Sell,-1.0,177.3565880282,False,False,-0.05521167237747622,-0.17099591024652497,-0.029406954314382436
2018-11-29,AAPL,Strong Sell,-1.0,175.99411617369998,False,False,-0.078362573099253,-0.14747981063743493,-0.03151357519319612
2018-11-30,AAPL,Strong Sell,-1.0,175.0433264623,False,False,-0.08198006495717867,-0.1323776458732384,-0.016017840380243713
2018-12-03,AAPL,Strong Sell,-1.0,181.159746874,False,True,-0.10145005951726523,-0.15669299859335378,-0.04445783033910783
2018-12-04,AAPL,Strong Sell,-1.0,173.19075681830003,False,False,-0.08942215179097593,-0.1124568453219096,-0.0023095082621507716
2018-12-06,AAPL,Strong Sell,-1.0,171.2597715281,False,False,-0.10239239926769828,-0.12259615384605974,0.0031341939167069456
2018-12-07,AAPL,Strong Sell,-1.0,165.15315307219998,True,False,-0.10540684907111399,-0.0864739747170105,0.028185370722320063
2018-12-10,AAPL,Strong Sell,-1.0,166.2411701646,True,False,-0.13425707547174542,-0.09964622641490198,0.023883900149816794
2018-12-11,AAPL,Strong Sell,-1.0,165.2903804532,True,False,-0.06795943782270183,-0.0644606535019547,0.06544724749159218
2018-12-12,AAPL,Strong Sell,-1.0,165.7510723752,False,False,-0.07658190419828159,-0.07569485511502036,0.07442329837225038
2018-12-13,AAPL,Strong Sell,-1.0,167.564434196,False,False,-0.08610704884440457,-0.09517402749348287,0.06749579867569509
2018-12-14,AAPL,Strong Sell,-1.0,162.20276438,False,False,-0.046773023930259484,-0.0013898960604138138,0.11504145535204476
2018-12-17,AAPL,Strong Sell,-1.0,160.6932631886,True,False,-0.03672075149456939,0.015249481517616055,0.14015675418244763
2018-12-18,AAPL,Strong Sell,-1.0,162.7810797715,True,False,-0.1437947853316682,0.002709700728236727,0.13702316778651302
2018-12-19,AAPL,Strong Sell,-1.0,157.7036666733,True,False,-0.07850083908287459,0.0643918204986115,0.16433000579870224
2018-12-20,AAPL,Strong Sell,-1.0,153.7240726233,True,False,-0.05674934642590093,0.11062934387559495,0.20491001214357357
2018-12-21,AAPL,Strong Sell,-1.0,147.74487959270002,True,False,0.00013268758656156824,0.15597425860800246,0.2998455771409952
2018-12-24,AAPL,Strong Sell,-1.0,143.92211683530002,True,False,0.04413267043569567,0.16420350064711936,0.3067385230980156
2018-12-26,AAPL,Strong Sell,-1.0,154.0573391201,True,False,-0.021441750969909065,0.08888464719765762,0.20600955526148773
2018-12-27,AAPL,Strong Sell,-1.0,153.0575396298,True,False,-0.024719820685418538,0.08969453659653048,0.2013459392718467
2018-12-28,AAPL,Strong Sell,-1.0,153.13595527610002,True,False,-0.03987710426979697,0.0985217705776421,0.21153021300710528
2018-12-31,AAPL,Strong Sell,-1.0,154.6160506001,True,False,-0.029605680233285355,0.08348557581570797,0.20152425589300257
2019-01-02,AAPL,Strong Sell,-1.0,154.7924858042,False,False,-0.018870314082912357,0.08619345666543972,0.20797685652016637
2019-01-03,AAPL,Strong Sell,-1.0,139.3740093497,True,False,0.09613896898510106,0.2036714455159002,0.3507224929021906
2019-01-04,AAPL,Strong Sell,-1.0,145.323796513,False,False,0.057736409011647595,0.15784586246374335,0.31425293532511545
2019-01-07,AAPL,Strong Sell,-1.0,145.000331972,False,False,0.03630095315379307,0.1678965709023418,0.3262140041026527
2019-01-08,AAPL,Strong Sell,-1.0,147.7644835042,False,False,0.02102819237148877,0.1395872932741225,0.30367027604792857
2019-01-09,AAPL,Strong Sell,-1.0,150.273784186,False,False,-0.003978866349435348,0.13307003126073536,0.29048272046220797
2019-01-10,AAPL,Strong Sell,-1.0,150.7540800196,False,False,0.025747724316949452,0.1376876727117524,0.3066136905793221
2019-01-11,AAPL,Strong Sell,-1.0,149.2739846956,False,False,0.026331341519523623,0.14962763439353916,0.31561241932793865
2019-01-14,AAPL,Strong Sell,-1.0,147.0293368201,False,False,0.03120000000008751,0.17079403790908623,0.343196087866743
2019-01-15,AAPL,Strong Sell,-1.0,150.03853724709998,False,False,0.0795714379035695,0.13602755323712337,0.3052999232834457
2019-01-16,AAPL,Strong Sell,-1.0,151.8715029794,False,False,0.07422227959203755,0.1341134249705999,0.2890274722747293
2019-01-17,AAPL,Strong Sell,-1.0,152.7732829119,False,False,0.06839471320404612,0.13308933528007752,0.28373834670357484
2019-01-18,AAPL,Strong Sell,-1.0,153.7142706676,False,False,0.09201632444840611,0.12410364102206273,0.2760078076318951
2019-01-22,AAPL,Strong Sell,-1.0,150.2639822302,False,False,0.13620352250445436,0.14329814977891872,0.330725149922934
2019-01-23,AAPL,Strong Sell,-1.0,150.871703489,False,False,0.13201663201709776,0.12551294901950025,0.3301279407952824
2019-01-24,AAPL,Strong Sell,-1.0,149.67586488290002,False,False,0.11944990176798083,0.13720176467172118,0.34516151135467554
2019-01-25,AAPL,Strong Sell,-1.0,154.6356545116,False,False,0.08481237322545286,0.13885883205214644,0.3207961457470907
2019-01-28,AAPL,Strong Sell,-1.0,153.2045689666,False,False,0.08864876448861582,0.16241189862245267,0.33107760167295014
2019-01-29,AAPL,Strong Sell,-1.0,151.6166521289,False,False,0.10952971436133299,0.1797802352186639,0.33281209997105415
2019-01-30,AAPL,Strong Sell,-1.0,161.9773193968,False,False,0.034245172340526986,0.11659340412552287,0.24160470507189497
2019-01-31,AAPL,Strong Sell,-1.0,163.14375213559998,False,False,0.030591628674518884,0.12303111199635147,0.23459808631830734
2019-02-01,AAPL,Strong Sell,-1.0,163.2221677819,False,False,0.027804725185761544,0.1339505012873902,0.2102427778606271
2019-02-04,AAPL,Strong Sell,-1.0,167.8584928697,False,False,0.0024071682849771867,0.09389228982732598,0.23457998635294408
2019-02-05,AAPL,Strong Sell,-1.0,170.7304659155,False,False,-0.008112643623812948,0.08488940868335214,0.20591315808919355
2019-02-06,AAPL,Strong Sell,-1.0,170.7892776503,False,False,-0.014045084590213886,0.1244589293071623,0.2204837679061047
2019-02-07,AAPL,Strong Sell,-1.0,167.5546322402,False,False,0.016210170192169575,0.12243136390817286,0.22483376470842628
2019-02-08,AAPL,Strong Sell,-1.0,167.750671356,False,False,0.02241652485145486,0.10756411008756672,0.19042309723583403
2019-02-11,AAPL,Strong Sell,-1.0,166.78596471950002,False,False,0.028920498140908843,0.10246119341300892,0.19754470872900654
2019-02-12,AAPL,Strong Sell,-1.0,168.223180729,False,False,0.02328983556678507,0.10287319328231365,0.17455673240066052
2019-02-13,AAPL,Strong Sell,-1.0,167.5242606148,False,False,0.017452109530705792,0.10894347161791106,0.16318016218114823
2019-02-14,AAPL,Strong Sell,-1.0,168.1345852215,False,False,0.024414519906729302,0.11211943793934799,0.09159981262754874
2019-02-15,AAPL,Strong Sell,-1.0,167.7605153013,False,False,0.03186245745788183,0.12216875953492737,0.11135271022832428
2019-02-19,AAPL,Strong Sell,-1.0,168.2625565101,False,False,0.026911601239864687,0.13508453752951058,0.12131021070498688
2019-02-20,AAPL,Strong Sell,-1.0,169.3453904898,False,False,0.014474219613008226,0.13555775155499555,0.10923835414944011
2019-02-21,AAPL,Strong Sell,-1.0,168.3905277986,False,False,0.008418098912282132,0.1439845668183812,0.10919008884627332
2019-02-22,AAPL,Strong Sell,-1.0,170.27072134530002,False,False,-0.00034688096246587565,0.13892582528753666,0.06264079138168517
2019-02-25,AAPL,Strong Sell,-1.0,171.5110584493,False,False,0.02680365034747269,0.14848189175235027,0.07518041927781376
2019-02-26,AAPL,Strong Sell,-1.0,171.6094979021,False,False,0.0377445075429052,0.14438134572327077,0.05256563480913022
2019-02-27,AAPL,Strong Sell,-1.0,172.14107094669998,False,False,0.03911477097226157,0.1472522445241936,0.03140380468281069
2019-02-28,AAPL,Strong Sell,-1.0,170.4479123601,False,False,0.06110308980667819,0.14900375397056065,0.03764879487489798
2019-03-01,AAPL,Strong Sell,-1.0,172.2395103994,False,False,0.06372521003600248,0.13659484483057355,0.022609584998063027
2019-03-04,AAPL,Strong Sell,-1.0,173.1057775832,False,False,0.06920671026443365,0.13295422234846102,0.01263963483049189
2019-03-05,AAPL,Strong Sell,-1.0,172.79077133450002,False,False,0.06266735031084358,0.1351335953966997,0.019747464487524395
2019-03-06,AAPL,Strong Sell,-1.0,171.7965328622,False,False,0.07815723126304339,0.16393536557393915,0.007068869431573946
2019-03-07,AAPL,Strong Sell,-1.0,169.8080559175,False,False,0.13095652173948621,0.1817971014496405,0.008560852954504428
2019-03-08,AAPL,Strong Sell,-1.0,170.2116576736,False,False,0.10491006882232846,0.18286970100067212,0.04297903662996087
2019-03-11,AAPL,Strong Sell,-1.0,176.1081808907,False,False,0.055002794857734724,0.1597540525431985,0.024331078265236245
2019-03-12,AAPL,Strong Sell,-1.0,178.0868138901,False,False,0.03250234923441332,0.1450997733680972,0.027822096435268156
2019-03-13,AAPL,Strong Sell,-1.0,178.87432951169998,False,False,0.037202135270979486,0.12971217874660093,0.05053407857950216
2019-03-14,AAPL,Strong Sell,-1.0,180.8628064564,False,False,0.027159418712128378,0.11195776411045219,0.052261670482143176
2019-03-15,AAPL,Strong Sell,-1.0,183.2155093761,False,False,0.020578121641768716,0.09934450891892863,0.05077769720904201
2019-03-18,AAPL,Mild Sell,-0.5237541332883,185.0858589775,False,False,0.01712583767669324,0.06728007658766516,0.03684886643192488
2019-03-19,AAPL,Strong Sell,-0.95,183.6191111322,False,False,0.04015439875586586,0.1286120195141206,0.0449159259313815
2019-03-20,AAPL,Mild Sell,-0.5507911471361839,185.2236742113,False,False,0.03821215986367805,0.11155399659834338,0.028341100805027424
2019-03-21,AAPL,Strong Buy,0.9,192.0455282838,False,False,0.003075503613534711,0.08539648367424882,-0.0022699659231626527
2019-03-22,AAPL,Mild Buy,0.41556729053480523,188.0685743945,False,False,0.031143679665023877,0.09123266160676445,0.04278963322612043
2019-03-25,AAPL,Hold,-0.34873433626603495,185.794623037,False,False,0.060188619264148494,0.07481191056445147,0.05246738631105971
2019-03-26,AAPL,Strong Sell,-0.8250531047581762,183.8750537092,False,False,0.06804432785475792,0.08624658707635524,0.0720001260232813
2019-03-27,AAPL,Hold,-0.25110377590523153,185.5288365147,False,False,0.06446649334079313,0.06499708176332229,0.058822348904965516
2019-03-28,AAPL,Hold,-0.172110623669425,185.7749351464,False,False,0.05420729122507333,0.04890843577816251,0.05635580270206803
2019-03-29,AAPL,Hold,-0.03380844104220468,186.9857404147,False,False,0.04695972624396813,-0.018450918679939796,0.03360733272528185
2019-04-01,AAPL,Mild Buy,0.4449108902964939,188.2556093546,False,False,0.0417799623510013,-0.009638522917966188,0.048840364258582
2019-04-02,AAPL,Strong Buy,0.75,190.9922261398,False,False,0.02695598391911274,-0.012135066921538065,0.033501685172340256
2019-04-03,AAPL,Strong Buy,0.75,192.3014708608,False,False,0.03982595341688138,-0.023177506709380933,0.01711230993330275
2019-04-04,AAPL,Strong Buy,0.75,192.636165,False,False,0.04174970616810185,-0.030415163789208582,0.0339673213661619
2019-04-05,AAPL,Strong Buy,0.95,193.9257218305,False,False,0.03822335025355141,-0.06697980870404124,0.03310493954593228
2019-04-08,AAPL,Strong Buy,0.95,196.9773448643,False,False,0.03688155922045159,-0.06382466541348192,0.025528403766759192
2019-04-09,AAPL,Strong Buy,0.95,196.3867081481,False,False,0.038395989975113516,-0.08023174377778002,0.02770692071480005
2019-04-10,AAPL,Strong Buy,0.95,197.4892300184,False,False,0.023227993221061234,-0.1009790483255314,0.0009026536453830354
2019-04-11,AAPL,Strong Buy,0.95,195.8452911582,False,False,0.02689117868831371,-0.09691435620715627,0.015460440055993768
2019-04-12,AAPL,Strong Buy,0.95,195.7665395961,False,False,0.02886307638147874,-0.10028662399001266,0.025914545286783355
2019-04-15,AAPL,Strong Buy,0.95,196.1209216258,False,False,0.0072278271346524125,-0.10619545357143668,0.016603152790669092
2019-04-16,AAPL,Strong Buy,0.95,196.1406095163,False,False,0.056562107904931457,-0.1016498246348271,0.024310659852434826
2019-04-17,AAPL,Strong Buy,0.95,199.9600602813,False,False,0.029636193570672813,-0.13477251467912393,0.0141847961543411
2019-04-18,AAPL,Strong Buy,0.95,200.6786682861,False,False,0.038703031492251495,-0.1465871326665444,0.007056730350039318
2019-04-22,AAPL,Strong Buy,0.95,201.3382126192,False,False,0.019312570283189345,-0.11826379883800216,-0.0018867929955179111
2019-04-23,AAPL,Strong Buy,0.95,204.242176474,False,False,-0.022267206477692973,-0.11676870107157311,-0.0049011233834331345
2019-04-24,AAPL,Strong Buy,0.95,203.9271702254,False,False,-0.020563815408534906,-0.10241699427455013,-0.01824132852865277
2019-04-25,AAPL,Strong Buy,0.95,202.0765085145,False,False,-0.022213561964219582,-0.07008696697856769,0.013392472798518363
2019-04-26,AAPL,Strong Buy,0.95,201.111801878,False,False,-0.031081742535388156,-0.053685576516536944,0.02621406272864141
2019-04-29,AAPL,Strong Buy,0.95,201.4169641814,False,False,-0.08877744002384898,-0.04417797270634131,0.023825175480641773
2019-04-30,AAPL,Strong Buy,0.95,197.5384497448,False,False,-0.056178158782437856,-0.02851286257777408,0.035672625722757464
2019-05-01,AAPL,Strong Buy,0.95,207.2347358363,False,False,-0.0895613038388563,-0.07415842834880595,-0.009351902679244357
2019-05-02,AAPL,Strong Buy,0.95,205.8861153342,False,False,-0.0876295765511638,-0.07486176654302892,0.00644902350964621
2019-05-03,AAPL,Strong Buy,0.95,208.4455411046,False,False,-0.10395250721111171,-0.08076905620759509,-0.010175684949939244
2019-05-06,AAPL,Strong Buy,0.95,205.2265710011,False,False,-0.11835678393452188,-0.04439294211494276,0.02586307690523916
2019-05-07,AAPL,Strong Buy,0.7,199.69427375900003,False,False,-0.07656174479570405,-0.02078924138611121,0.031469643795515895
2019-05-08,AAPL,Strong Buy,0.95,199.7336495401,False,False,-0.09564432175292864,-0.013115310301152202,0.009446577721603103
2019-05-09,AAPL,Strong Buy,0.7,197.5876694711,False,False,-0.10142694636838785,-0.005797887115458792,-0.03300615501998161
2019-05-10,AAPL,Strong Buy,0.95,194.8608966312,False,False,-0.09235216553406043,0.0071001115730187515,-0.0009128714882015775
2019-05-13,AAPL,Strong Sell,-0.9,183.53568172400003,False,False,-0.0403295283220785,0.053036829635875,0.07172087012701395
2019-05-14,AAPL,Hold,-0.2981226790365912,186.4411033494,False,False,-0.059790098590059064,0.05904802289851613,0.0782889854768013
2019-05-15,AAPL,Hold,-0.03956792293726369,188.6745226941,False,False,-0.06610098470539283,0.04619736015090799,0.056777707940294055
2019-05-16,AAPL,Hold,-0.0939842828427716,187.8444022297,False,False,-0.07896675084180226,0.04124579124602209,0.05875445165943299
2019-05-17,AAPL,Hold,-0.19392225237494318,186.7771044898,False,False,-0.0830687830688975,0.0664021164016776,0.1098972046042236
2019-05-20,AAPL,Strong Sell,-0.75,180.9366140795,False,False,-0.01884319187271822,0.10726964880680287,0.11162129348417066
2019-05-21,AAPL,Strong Sell,-0.75,184.4053317343,False,False,-0.021757770632039226,0.09544480171516782,0.08527799184005354
2019-05-22,AAPL,Strong Sell,-0.75,180.6302600986,False,False,0.013349381770716404,0.11735419630148838,0.13410170155586099
2019-05-23,AAPL,Strong Sell,-0.75,177.5469555166,False,False,0.05838806634750063,0.11332516976512616,0.1753081292463496
2019-05-24,AAPL,Strong Sell,-1.0,176.86507084939998,False,False,0.07604626473676417,0.12443426272528298,0.17989549539429575
2019-05-28,AAPL,Strong Sell,-1.0,176.13377424979998,False,False,0.09302586545475455,0.14026819278431524,0.19763581649383488
2019-05-29,AAPL,Strong Sell,-1.0,175.2937713989,False,False,0.09476829405818948,0.1373886571205983,0.20235619566584664
2019-05-30,AAPL,Strong Sell,-1.0,176.2029509552,False,False,0.0888951205827563,0.14021312394808616,0.14086551435742278
2019-05-31,AAPL,Strong Sell,-1.0,173.0109401218,False,False,0.10093105614885749,0.1721597075458405,0.1839896652771789
2019-06-03,AAPL,Strong Sell,-1.0,171.2617577147,False,False,0.11881130986695157,0.18003462204249865,0.18258594567382513
2019-06-04,AAPL,Strong Sell,-1.0,177.52719074360002,False,False,0.10470941883740764,0.1319861946114003,0.14850474785733858
2019-06-05,AAPL,Strong Sell,-1.0,180.3930828231,False,False,0.08398159307558563,0.12665717103080745,0.14939588534904144
2019-06-06,AAPL,Strong Sell,-1.0,183.0415624,False,False,0.07688154626896915,0.0937803692905977,0.13130164416253906
2019-06-07,AAPL,Hold,0.08773764706387871,187.9135789351,False,False,0.045385222192726705,0.08977123323656229,0.08592187315945031
2019-06-10,AAPL,Strong Buy,0.75,190.3149988499,False,False,0.031155883269486765,0.08443244365975218,0.09041133294370947
2019-06-11,AAPL,Mild Buy,0.5,192.5187710352,False,False,0.0039012371025507983,0.07114624505937482,0.09900458619650684
2019-06-12,AAPL,Mild Buy,0.5,191.9060630734,False,False,0.028889232195230496,0.06606931355863682,0.10241004591492826
2019-06-13,AAPL,Mild Buy,0.5,191.8665335274,False,False,0.028792171002094493,0.0699974246716771,0.1073422253894987
2019-06-14,AAPL,Mild Buy,0.5,190.4731170336,False,False,0.026875583688258653,0.08789042233055322,0.1286198276509455
2019-06-17,AAPL,Mild Buy,0.5,191.6095914789,False,False,0.039506936923006754,0.07679612151263518,0.15759751107305764
2019-06-18,AAPL,Mild Buy,0.5,196.1159597142,False,False,0.021567145376969292,0.07351977828174694,0.12844367220296207
2019-06-19,AAPL,Mild Buy,0.5,195.5427812984,False,False,0.03305200384072115,0.05336837317392387,0.10975913077224703
2019-06-20,AAPL,Mild Buy,0.5,197.1140807488,False,False,0.023914569337171454,0.02286172666194686,0.10670031534024756
2019-06-21,AAPL,Mild Buy,0.5,196.4420784681,False,False,0.00623805211824312,-0.027366938323618886,0.11452615819911206
2019-06-24,AAPL,Mild Buy,0.5,196.2444307385,False,False,0.013395105247102936,-0.0079564910867745,0.12611259931589316
2019-06-25,AAPL,Mild Buy,0.5,193.2698324077,False,False,0.039167561486944225,0.017743007618830978,0.13415404098972578
2019-06-26,AAPL,Strong Buy,0.75,197.4500818892,False,False,0.009759759759843466,0.018168168168261573,0.09391457231608419
2019-06-27,AAPL,Strong Buy,0.75,197.3907875703,False,False,0.017823170121082976,0.01011314709096562,0.09921860556144209
2019-06-28,AAPL,Mild Buy,0.5,195.5921932308,False,False,0.03683306386415394,0.016815107979892916,0.10405183911141495
2019-07-01,AAPL,Strong Buy,0.75,199.1794995233,False,False,0.014636566608899221,0.04078676095402916,0.1008522647921914
2019-07-02,AAPL,Strong Buy,0.75,200.3456211281,False,False,0.0030582548215927104,0.0039300676958472945,0.08879991410905222
2019-07-03,AAPL,Strong Buy,0.75,202.0058620569,False,False,0.006115160706336459,-0.009280987831788351,0.07459668009612239
2019-07-05,AAPL,Mild Buy,0.5,201.8279791002,False,False,-0.008030162071807637,0.014988537484181724,0.1008570592751866
2019-07-08,AAPL,Mild Buy,0.5,197.6674943918,False,False,0.03599640035956856,0.05567372512946934,0.12713934835632001
2019-07-09,AAPL,Mild Buy,0.5,198.8731455424,False,False,0.03776585171927452,0.04932367725489954,0.09222243949316802
2019-07-10,AAPL,Mild Buy,0.5,200.8397404521,False,False,0.026767701619203114,0.05031064101633752,0.0907148031848072
2019-07-11,AAPL,Mild Buy,0.5,199.377147253,False,False,0.02612143742227018,0.05711991071699231,0.12951516017998116
2019-07-12,AAPL,Mild Buy,0.5,200.9089171575,False,False,0.021839645843395997,0.000572165322108957,0.1211503940883759
2019-07-15,AAPL,Mild Buy,0.5,202.7964529754,False,False,0.02178256420212562,0.010092445300057989,0.09770325306431026
2019-07-16,AAPL,Mild Buy,0.5,202.0948035352,False,False,0.020929095354811043,0.002162075233784624,0.1144242551935398
2019-07-17,AAPL,Mild Buy,0.5,200.9583290899,False,False,0.04765183181691413,0.014592539489060589,0.13583222600636127
2019-07-18,AAPL,Mild Buy,0.5,203.241160367,False,False,0.013468832052803383,0.020182460914378916,0.15294626617201318
2019-07-19,AAPL,Mild Buy,0.5,200.2072677174,False,False,0.007058591243025032,0.03430421309926859,0.16873303987637436
2019-07-22,AAPL,Mild Buy,0.5,204.782812658,False,False,-0.06698195154887261,-0.00353226435027064,0.13995521416176993
2019-07-23,AAPL,Strong Buy,0.75,206.3837592679,False,False,-0.05669411990025652,0.005513381049150181,0.12654606394390902
2019-07-24,AAPL,Strong Buy,0.75,206.2157586978,False,False,-0.0461494225334464,0.026007971615106405,0.13184150207086015
2019-07-25,AAPL,Mild Buy,0.5,204.5851649284,False,False,-0.017341319678978836,0.034088526790985806,0.14634187667017842
2019-07-26,AAPL,Strong Buy,0.75,205.296696755,False,False,-0.028785982478093972,0.034901766917131274,0.1621806226888991
2019-07-29,AAPL,Strong Buy,0.75,207.2138797323,False,False,-0.04021343870914993,0.03743888583294903,0.14879480869588646
2019-07-30,AAPL,Strong Buy,0.75,206.3244649491,False,False,0.00474457165533668,0.07503870783534794,0.1692290038528091
2019-07-31,AAPL,Strong Buy,0.75,210.5343615899,False,False,-0.04465479429202592,0.05116244249279239,0.14773358918049478
2019-08-01,AAPL,Strong Buy,0.75,205.9785814222,False,False,-0.028389035756169884,0.053533748529406774,0.18756732211350213
2019-08-02,AAPL,Strong Buy,0.75,201.6204489841,False,False,0.01603327620034675,0.08196473334856641,0.22539025393591747
2019-08-05,AAPL,Strong Buy,0.75,191.0660602225,True,False,0.09214781473275324,0.14588553701657148,0.26317395695888535
2019-08-06,AAPL,Strong Buy,0.75,194.6830136745,False,False,0.07190810563835894,0.13514436534093058,0.2395529843013141
2019-08-07,AAPL,Strong Buy,0.75,196.6990205166,False,False,0.07242077760116658,0.11438156047198657,0.25458706092933414
2019-08-08,AAPL,Strong Buy,0.75,201.0373881818,False,False,0.0483898244464991,0.07439478714414575,0.2623509596623122
2019-08-09,AAPL,Strong Buy,0.75,199.3870296394,False,False,0.00820936364998413,0.08821334394774696,0.2811582665807584
2019-08-12,AAPL,Strong Buy,0.75,198.88109708,False,False,0.02997805267386359,0.08579409417394997,0.28257182761363325
2019-08-13,AAPL,Strong Buy,0.75,207.3033861573,False,False,-0.02301765803709211,0.05771163324858558,0.23099009427161632
2019-08-14,AAPL,Mild Buy,0.5,201.1329929817,False,False,0.01371146732426395,0.08453760789134694,0.2833538840939207
2019-08-15,AAPL,Strong Buy,0.75,200.1310481092,False,False,0.03603648260096451,0.08466342817459666,0.2933087504317206
2019-08-16,AAPL,Strong Buy,0.75,204.8530853303,False,False,0.010847457627094497,0.08460048426147188,0.2735022832234243
2019-08-19,AAPL,Strong Buy,0.75,208.6723801416,False,False,-0.02210601378663426,0.0676966959825452,0.2490492472292433
2019-08-20,AAPL,Strong Buy,0.75,208.6823003878,False,False,-0.005561893895855601,0.04088229701486818,0.2609572112023913
2019-08-21,AAPL,Strong Buy,0.75,210.9441165358,False,False,0.0030097817906775816,0.03846877351387436,0.23880515154946638
2019-08-22,AAPL,Strong Buy,0.75,210.7655521031,False,False,0.003765414666111079,0.06848347924303755,0.25458339323568613
2019-08-23,AAPL,Strong Buy,0.75,201.0238702728,False,False,0.05689893407025725,0.12050927753666806,0.32201324964321304
2019-08-26,AAPL,Strong Buy,0.75,204.8431650841,False,False,0.04944549372853928,0.08673543512962975,0.29343000044020284
2019-08-27,AAPL,Strong Buy,0.75,202.5317477048,False,False,0.09517045454520195,0.11201998432595509,0.292962185787694
2019-08-28,AAPL,Strong Buy,0.75,203.8908214428,False,False,0.08541332165649083,0.11949593733298676,0.2785854014352241
2019-08-29,AAPL,Strong Buy,0.75,207.3430671423,False,False,0.04660064111798216,0.1301373140042414,0.2561933635067901
2019-08-30,AAPL,Strong Buy,0.75,207.0752204932,False,False,0.053463638976849706,0.12997029797867005,0.27987256028880164
2019-09-03,AAPL,Strong Buy,0.75,204.0594656293,False,False,0.07292173067546927,0.14399611084094163,0.2886457204680765
2019-09-04,AAPL,Strong Buy,0.75,207.5216315751,False,False,0.06491706104490956,0.12036904249695181,0.28416731804201834
2019-09-05,AAPL,Strong Buy,0.95,211.5790122966,False,False,0.03600900225075126,0.10315078769724785,0.25676673909670666
2019-09-06,AAPL,Strong Buy,0.7,211.5591718041,False,False,0.020960330113251414,0.10855294007326484,0.24235224071295206
2019-09-09,AAPL,Strong Buy,0.95,212.461914214,False,False,0.021244805528550542,0.12298641266302869,0.21501638586615818
2019-09-10,AAPL,Strong Buy,0.95,214.9717365186,False,False,0.004522381171795887,0.10733733271770599,0.211429885485283
2019-09-11,AAPL,Strong Buy,0.95,221.8067861937,False,False,-0.011449528154121537,0.08761572521153095,0.19132453812274475
2019-09-12,AAPL,Strong Buy,0.95,221.3058137575,False,False,-0.014321895242088286,0.0918708115737921,0.21708532420952673
2019-09-13,AAPL,Strong Buy,0.95,217.0053870025,False,False,0.00031999999981210405,0.1272228571426292,0.22382734015787567
2019-09-16,AAPL,Strong Buy,0.95,218.1462153227,False,False,0.01850841291483025,0.1325602546614105,0.2245423411107095
2019-09-17,AAPL,Strong Buy,0.95,218.9398350237,False,False,0.017625736293636427,0.10235613955621266,0.23051045597680705
2019-09-18,AAPL,Strong Buy,0.95,220.9933260002,False,False,-0.0171028414957499,0.09197827355556253,0.22218299405365555
2019-09-19,AAPL,Strong Buy,0.95,219.1977614266,False,False,-0.0006335988415032989,0.12581462708155794,0.24894396122641282
2019-09-20,AAPL,Strong Buy,0.7,215.9935218836,False,False,0.04262159555443118,0.1749414412348125,0.28916840658702353
2019-09-23,AAPL,Strong Buy,0.95,216.9756262637,False,False,0.038130943672193246,0.17730431602047703,0.2858552925706041
2019-09-24,AAPL,Strong Buy,0.7,215.9439206523,False,False,0.030871003307538607,0.18122932745309114,0.28891161797443965
2019-09-25,AAPL,Strong Buy,0.95,219.2672031504,False,False,0.027145636339043773,0.16382391530556845,0.270647025532107
2019-09-26,AAPL,Strong Buy,0.95,218.1362950764,False,False,0.04638682977885944,0.18331893219372059,0.2745890699308953
2019-09-27,AAPL,Strong Buy,0.7,217.0748287263,False,False,0.07947171190931299,0.192359506956234,0.30172253392622234
2019-09-30,AAPL,Strong Buy,0.95,222.1837555517,False,False,0.05313211590868567,0.17416717187857406,0.2729996260482056
2019-10-01,AAPL,Strong Buy,0.95,222.79881082,False,False,0.04777594728187163,0.1698539968598562,0.29467236306903377
2019-10-02,AAPL,Strong Buy,0.95,217.213712174,False,False,0.07037815126033203,0.2114311241709777,0.32745770705452687
2019-10-03,AAPL,Strong Buy,0.95,219.0588779789,False,False,0.0654831989858073,0.19291516812557816,0.32408859964962605
2019-10-04,AAPL,Strong Buy,0.95,225.1995104157,False,False,0.04140786749485721,0.17417200884050194,0.29739468090038484
2019-10-07,AAPL,Strong Buy,0.95,225.249111647,False,False,0.05923544437595873,0.17983248880324498,0.3267041857435893
2019-10-08,AAPL,Strong Buy,0.95,222.610326141,False,False,0.06934046345820903,0.19019768623438496,0.329379615519531
2019-10-09,AAPL,Strong Buy,0.7,225.2193509082,False,False,0.07113597321941617,0.1627148828367649,0.3244497202573169
2019-10-10,AAPL,Strong Buy,0.95,228.2549462647,False,False,0.05862923203942685,0.14210812098277154,0.3006894478076611
2019-10-11,AAPL,Strong Buy,0.95,234.3261369776,False,False,0.04390161297151166,0.11154047206521633,0.2873709058197683
2019-10-14,AAPL,Strong Buy,0.95,233.9888486047,False,False,0.055878238012481776,0.1326603562751003,0.31661082747091196
2019-10-15,AAPL,Strong Buy,0.95,233.4432350602,False,False,0.03386877443486893,0.1264423963126974,0.32267156853346024
2019-10-16,AAPL,Strong Buy,0.95,232.5008116652,False,False,0.03793147587157447,0.14620028698759066,0.3564054770145257
2019-10-17,AAPL,Strong Buy,0.95,233.4035540752,False,False,0.05729343760588812,0.13925199810637098,0.33291418060954164
2019-10-18,AAPL,Strong Buy,0.95,234.5245419029,False,False,0.08210312592518446,0.12069725838338793,0.3208581330445806
2019-10-21,AAPL,Strong Buy,0.95,238.5918428707,False,False,0.07064155336582044,0.08195110124697891,0.31460499193335134
2019-10-22,AAPL,Strong Buy,0.95,238.0462293262,False,False,0.07155359226530413,0.09400256786439744,0.33220538876519917
2019-10-23,AAPL,Strong Buy,0.95,241.2405486229,False,False,0.057817254708298994,0.09535427863645812,0.30565669097056797
2019-10-24,AAPL,Strong Buy,0.95,241.6373584734,False,False,0.06823220297251738,0.11467887162882752,0.30816548157265683
2019-10-25,AAPL,Strong Buy,0.95,244.6134323523,False,False,0.058123559543218725,0.08570131665013153,0.2984730680134847
2019-10-28,AAPL,Strong Buy,0.95,247.0637331793,False,False,0.05592540247164722,0.08121606428507233,0.281890216860186
2019-10-29,AAPL,Strong Buy,0.95,241.3496713318,False,False,0.07993550558880756,0.11625491238447393,0.27365275023516394
2019-10-30,AAPL,Strong Buy,0.95,241.319910593,False,False,0.0904174913610834,0.11923746438117012,0.30984509710185887
2019-10-31,AAPL,Strong Buy,0.95,246.7760460376,False,False,0.058930404508483886,0.10936910143372561,0.3076967994147642
2019-11-01,AAPL,Strong Buy,0.95,253.7797398993,False,False,0.041938815287710596,0.09721928373908018,0.2697649161172807
2019-11-04,AAPL,Strong Buy,0.95,255.4463412715,False,False,0.04036025206852431,0.09220298870308315,0.2055481153789307
2019-11-05,AAPL,Strong Buy,0.95,255.0792921597,False,False,0.038697782409635915,0.09116120639632928,0.2039673195334351
2019-11-06,AAPL,Strong Buy,0.95,255.1884148686,False,False,0.02616684749830168,0.09178631648799859,0.24318286912458087
2019-11-07,AAPL,Strong Buy,0.95,258.1248077625,False,False,0.009944879158077439,0.07713063254043581,0.23906256022814124
2019-11-08,AAPL,Strong Buy,0.95,258.8312357527,False,False,0.006304297685921732,0.09171984316136506,0.250134542938466
2019-11-11,AAPL,Strong Buy,0.95,260.8808718935,False,False,0.01590389016023285,0.08417238749019655,0.22349351639970774
2019-11-12,AAPL,Strong Buy,0.95,260.6420793334,False,False,0.00889448770792916,0.10669567872932632,0.23043081828193362
2019-11-13,AAPL,Strong Buy,0.95,263.1394515243,False,False,0.012742466064197728,0.09577645857741188,0.2114001189915187
2019-11-14,AAPL,Strong Buy,0.95,261.3186582536,False,False,0.01755254340564029,0.10996040207130574,0.24880921106942927
2019-11-15,AAPL,Strong Buy,0.95,264.4229615347,False,False,-0.006020469596363165,0.10494431065646477,0.22535989297994458
2019-11-18,AAPL,Strong Buy,0.95,265.7562199952,False,False,-0.028640958442430732,0.12448521153144598,0.21951268304107302
2019-11-19,AAPL,Strong Buy,0.95,264.9502951049,False,False,-0.01708663487167507,0.1169401780014358,0.20082437115510107
2019-11-20,AAPL,Strong Buy,0.95,261.8658912038,False,False,0.009080892131344238,0.13910102967457946,0.23256445012269042
2019-11-21,AAPL,Strong Buy,0.95,260.6918277834,False,False,0.03320483950993732,0.13884966222675316,0.22541372324192904
2019-11-22,AAPL,Strong Buy,0.95,260.46298491330003,False,False,0.019634807854184363,0.15818626327466345,0.1987287262185441
2019-11-25,AAPL,Strong Buy,0.95,265.029892625,False,False,0.007921312459913576,0.16240567631479266,0.12211370787254029
2019-11-26,AAPL,Strong Buy,0.95,262.9603571042,False,False,0.02451852132123919,0.17420258049865706,0.09263735865648833
2019-11-27,AAPL,Strong Buy,0.95,266.4924970555,False,False,0.013515531660727739,0.183393070489792,0.09525882262161069
2019-11-29,AAPL,Strong Buy,0.95,265.9054653453,False,False,0.029560336763265947,0.16999064546304932,0.025923651276022426
2019-12-02,AAPL,Strong Buy,0.7,262.8310111342,False,False,0.05943367655966594,0.17860387643842893,0.03731719730322087
2019-12-03,AAPL,Strong Buy,0.7,258.1447071425,False,False,0.0807862786665154,0.21503179803434028,0.15447656258040987
2019-12-04,AAPL,Strong Buy,0.7,260.42318615330004,False,False,0.06877053564599825,0.21773515702599994,0.10803129437460599
2019-12-05,AAPL,Strong Buy,0.7,264.24386711470004,False,False,0.054371564123619015,0.19199487913253316,0.14266285050633376
2019-12-06,AAPL,Strong Buy,0.7,269.34805808650003,False,False,0.03224853163897871,0.17358058438938243,0.08464693833834147
2019-12-09,AAPL,Strong Buy,0.7,265.5771255752,False,False,0.06398921024991659,0.1959763224934166,0.08543913248347511
2019-12-10,AAPL,Strong Buy,0.7,267.1292772157,False,False,0.05881257449333854,0.18560041716343215,-0.00621866983025819
2019-12-11,AAPL,Strong Buy,0.7,269.4077562265,False,False,0.07068729918373001,0.14100528123497044,0.056344997645271414
2019-12-12,AAPL,Strong Buy,0.7,270.0942848368,False,False,0.06756059824637123,0.17030133352985669,0.017065834046007842
2019-12-13,AAPL,Strong Buy,0.95,273.7657204481,False,False,0.05949482100659045,0.17877521351976,-0.09566691824247257
2019-12-16,AAPL,Strong Buy,0.95,278.4520244398,False,False,0.04927463731859594,0.1572572000286062,-0.004363601042745231
2019-12-17,AAPL,Strong Buy,0.95,278.99925739,False,False,0.07111016012263785,0.10377661281666806,-0.1341508392052141
2019-12-18,AAPL,Strong Buy,0.95,278.3326281597,False,False,0.06323729177091299,0.10338171158930722,-0.09391439429947779
2019-12-19,AAPL,Strong Buy,0.95,278.6112194798,False,False,0.07063781158506738,0.13866866652403817,-0.11697916560450285
2019-12-20,AAPL,Strong Buy,0.95,278.0341374596,False,False,0.0678141998283923,0.15033638705992927,-0.12192618572395923
2019-12-23,AAPL,Strong Buy,0.95,282.5711961012,False,False,0.06757042253543034,0.1451056338028711,-0.19087479914932112
2019-12-24,AAPL,Strong Buy,0.95,282.8398377313,False,False,0.08921096141014967,0.1285045907063105,-0.20881612656067536
2019-12-26,AAPL,Strong Buy,0.95,288.4514628933,False,False,0.07043565244394509,0.11180592996863975,-0.1463764640317264
2019-12-27,AAPL,Strong Buy,0.95,288.3420163033,False,False,0.09371980676335001,0.10551756200732296,-0.1507566351990669
2019-12-30,AAPL,Strong Buy,0.95,290.0533629839,False,False,0.07258507135036618,0.1250934796764071,-0.11134120144399988
2019-12-31,AAPL,Strong Buy,0.95,292.1726469547,False,False,0.060241784437230335,0.10897886994136295,-0.15431272435366056
2020-01-02,AAPL,Strong Buy,0.95,298.8389392571,False,False,0.04957549525550334,0.08450753334515472,-0.1495818908396756
2020-01-03,AAPL,Strong Buy,0.95,295.933629776,False,False,0.07161348888817226,0.07510177788013767,-0.14298548245405138
2020-01-06,AAPL,Strong Buy,0.95,298.2917063069,False,False,0.055937291527753334,0.0820501588650234,-0.19449754720940413
2020-01-07,AAPL,Strong Buy,0.95,296.8888000164,False,False,0.06471396494525462,0.07601008621798261,-0.17718654256204389
2020-01-08,AAPL,Strong Buy,0.95,301.6646512181,False,False,0.0529041195289454,0.035005131928650776,-0.2018508580134446
2020-01-09,AAPL,Strong Buy,0.95,308.0722515804,False,False,0.02803345929013701,-0.03466257027408118,-0.1502712617206234
2020-01-10,AAPL,Strong Buy,0.95,308.7687298806,False,False,-0.004446879128696009,-0.06946435240120988,-0.16200755673232753
2020-01-13,AAPL,Strong Buy,0.95,315.365374353,False,False,0.0023031297325843813,-0.07447588638634128,-0.15853681561894145
2020-01-14,AAPL,Strong Buy,0.95,311.10690703150004,False,False,0.037290520659913604,-0.12313516757222383,-0.14086353304223764
2020-01-15,AAPL,Strong Buy,0.95,309.773648571,False,False,0.040245390891093025,-0.11987630616162237,-0.1202304677302584
2020-01-16,AAPL,Strong Buy,0.95,313.6540276724,False,False,-0.018176627331738526,-0.049838395630382455,-0.0872330627011031
2020-01-17,AAPL,Strong Buy,0.95,317.12646948360003,False,False,-0.03159413924014372,-0.09008844166026789,-0.10546749433645014
2020-01-21,AAPL,Strong Buy,0.95,314.9773364429,False,False,0.007202198565836276,-0.04138610785148715,-0.09220777981073913
2020-01-22,AAPL,Strong Buy,0.95,316.10165141330003,False,False,0.011803588290722198,-0.07577975235276528,-0.10771034400318058
2020-01-23,AAPL,Strong Buy,0.95,317.6239539838,False,False,0.01873257525911742,-0.09242422941909868,-0.13041913245344447
2020-01-24,AAPL,Strong Buy,0.95,316.7085825035,False,False,0.007822562910408712,-0.1617906709687405,-0.154862540361242
2020-01-27,AAPL,Strong Buy,0.95,307.3956726601,False,False,0.04328744831588246,-0.07419797697874521,-0.1041776878245453
2020-01-28,AAPL,Strong Buy,0.95,316.0917017233,False,False,0.00846419298581282,-0.1309367896058537,-0.13219890805383888
2020-01-29,AAPL,Strong Buy,0.95,322.7082455756,False,False,0.0112451476699249,-0.2328197340888794,-0.1254522022122172
2020-01-30,AAPL,Strong Buy,0.95,322.2406101455,False,False,0.005501112045746114,-0.13965849689019547,-0.1235640413150329
2020-01-31,AAPL,Strong Buy,0.95,307.9528553003,True,False,0.05241135226741419,-0.21555761307057222,-0.09776656558043818
2020-02-03,AAPL,Strong Buy,0.95,307.10713165,False,False,0.03598626901733832,-0.1788103824963714,-0.06556636619317655
2020-02-04,AAPL,Strong Buy,0.95,317.2458657637,False,False,0.01740203113604045,-0.22451468073583292,-0.07634658937097293
2020-02-05,AAPL,Strong Buy,0.95,319.8327851646,False,False,-0.0011801224868357026,-0.2366808316650288,-0.09856739933579929
2020-02-06,AAPL,Strong Buy,0.95,323.5738686059,False,False,-0.035075163895645356,-0.293405623930439,-0.09638279842734898
2020-02-07,AAPL,Strong Buy,0.95,319.1860553144,False,False,-0.06827484923310452,-0.2989094772364754,-0.07021216760934407
2020-02-10,AAPL,Strong Buy,0.95,320.7020469529,False,False,-0.10408956616389352,-0.2322189395119062,-0.06505986627289691
2020-02-11,AAPL,Strong Buy,0.7,318.7671628879,False,False,-0.08435280498090689,-0.23181377303592063,-0.04965426613677341
2020-02-12,AAPL,Strong Buy,0.95,326.3371474514,False,False,-0.16405867970661614,-0.21014669926663246,-0.04966381418104935
2020-02-13,AAPL,Strong Buy,0.95,324.0132918476,False,False,-0.1585557299842621,-0.23741804414086357,-0.02778679786949822
2020-02-14,AAPL,Strong Buy,0.95,324.0930808812,False,False,-0.08044314509928299,-0.2158485920911802,-0.039134068665443444
2020-02-18,AAPL,Strong Buy,0.7,318.1587715067,False,False,-0.09304075235114691,-0.20285266457675177,-0.033029960032011065
2020-02-19,AAPL,Strong Buy,0.95,322.7665881975,False,False,-0.06452011618580945,-0.2555775292011435,-0.04097880227121493
2020-02-20,AAPL,Strong Buy,0.7,319.4553433028,False,False,-0.08548236028725899,-0.2353106462691028,-0.03676677679379749
2020-02-21,AAPL,Strong Buy,0.95,312.2244621322,False,False,-0.07672895703558433,-0.2288452323910055,0.0087614463297296
2020-02-24,AAPL,Strong Buy,0.95,297.3936755105,True,False,-0.1073512643367319,-0.11975987658467377,0.05294774497968119
2020-02-25,AAPL,Strong Buy,0.95,287.3203100177,True,False,-0.009511246875766212,-0.09945154123855618,0.11105963925882663
2020-02-26,AAPL,Strong Buy,0.95,291.8782585625,True,False,-0.0588416196824142,-0.09082521783726284,0.08555533242005017
2020-02-27,AAPL,Strong Buy,0.95,272.7987059013,True,False,-0.09246124597829258,-0.020217899970887493,0.1689571581595993
2020-02-28,AAPL,Strong Buy,0.95,272.6391278341,True,False,0.016864208369598947,-0.00040239976620951983,
2020-03-02,AAPL,Strong Buy,0.95,298.0220141502,True,False,-0.189418024831714,-0.039356112579954285,
2020-03-03,AAPL,Strong Buy,0.95,288.5570400386,True,False,-0.12601963224129153,-0.01690170053916405,
2020-03-04,AAPL,Strong Buy,0.95,301.9416504261,True,False,-0.1852084296756764,-0.053015789125845945,
2020-03-05,AAPL,Strong Buy,0.95,292.1475465509,True,False,-0.16434521371013752,-0.034548682234240416,
2020-03-06,AAPL,Strong Buy,0.95,288.2678047918,True,False,-0.20686433934191567,-0.041864166349468344,
2020-03-09,AAPL,Strong Buy,0.95,265.4680884387,True,False,-0.15704249164067316,0.008265394296560185,
2020-03-10,AAPL,Strong Buy,0.95,284.5875356167,True,False,-0.13478657040750963,-0.032382420971564255,
2020-03-11,AAPL,Strong Buy,0.95,274.7036690786,True,False,-0.10859383509422485,-0.0014522746250100606,
2020-03-12,AAPL,Hold,0.10955450313011703,247.57539765240003,True,False,0.041131208959208264,0.1399508520323448,
2020-03-13,AAPL,Strong Buy,0.95,277.2369708956,True,False,-0.1087527431016904,0.018707054718373216,
2020-03-16,AAPL,Hold,-0.08377811788952808,241.5712728735,True,False,0.05202097353513001,0.1501589529744918,
2020-03-17,AAPL,Hold,0.24758437744855172,252.1931879723,True,False,0.005655303330225766,0.1379023965834474,
2020-03-18,AAPL,Hold,0.09233804144612318,246.019511497,True,False,-0.023351035796890667,0.19106498560856303,
2020-03-19,AAPL,Hold,0.13294054646355757,244.1344955781,True,False,0.0006127951629521037,0.18093798512946616,
2020-03-20,AAPL,Mild Sell,-0.6546097738485789,228.6354758,True,False,0.05308846623617461,0.27883440935240905,
2020-03-23,AAPL,Strong Sell,-0.75,223.7783183792,True,False,0.16980879796722978,0.32620225520331286,
2020-03-24,AAPL,Hold,0.20031968642001188,246.2289577102,True,False,0.0508344134804477,0.21771710952695672,
2020-03-25,AAPL,Hold,0.1223049217463974,244.8725441389,True,False,0.0836999022482246,0.23712935809725869,
2020-03-26,AAPL,Mild Buy,0.4247793459267717,257.7584730664,True,False,0.036952484135589866,0.20318062219475064,
2020-03-27,AAPL,Hold,0.19757098343560353,247.0866898215,True,False,0.10297085654302265,0.27489667787272987,
2020-03-30,AAPL,Hold,0.2510363545399861,254.1380456665,True,False,0.12652564656020174,0.22535765624268944,
2020-03-31,AAPL,Hold,0.20989858099717623,253.6194169481,True,False,0.11852609225677516,0.213038038262491,
2020-04-01,AAPL,Hold,-0.238641068580537,240.2747010773,True,False,0.19002947158723435,0.28827545560202916,
2020-04-02,AAPL,Hold,-0.05614990396473335,244.2841000161,True,False,0.1546156044581317,0.2596399028005497,
2020-04-03,AAPL,Hold,-0.37279456619141693,240.7733825374,True,False,0.14713557847656666,0.30811801819944257,
2020-04-06,AAPL,Strong Buy,0.7985623569959852,261.7778456343,True,False,0.0224787594773031,0.196205122863805,
2020-04-07,AAPL,Mild Buy,0.5714780964749598,258.7458623573,True,False,0.06425625409553888,0.23375885933657173,
2020-04-08,AAPL,Strong Buy,0.95,265.3683521466,False,False,0.033675348592673154,0.1940007067043154,
2020-04-09,AAPL,Strong Buy,0.7,267.2832889532,False,False,0.05589760811988517,0.19307870405559133,
2020-04-13,AAPL,Strong Buy,0.95,272.5294179128,False,False,0.03630375114390665,,
2020-04-14,AAPL,Strong Buy,0.7,286.29302621,False,False,-0.029507054520089872,,
2020-04-15,AAPL,Strong Buy,0.7,283.6799353594,False,False,0.011602151671848675,,
2020-04-16,AAPL,Strong Buy,0.7,285.9339755588,False,False,0.024800306951776527,,
2020-04-17,AAPL,Strong Buy,0.7,282.0542337996,False,False,0.0221711456862692,,
2020-04-20,AAPL,Strong Buy,0.7,276.19971345880003,False,False,0.05860686816141314,,
2020-04-21,AAPL,Strong Buy,0.95,267.6622868628,False,False,0.10876774602252026,,
2020-04-22,AAPL,Strong Buy,0.7,275.3719022351,False,False,0.08884462151375438,,
2020-04-23,AAPL,Strong Buy,0.95,274.3047239106,False,False,0.10438861215139829,,
2020-04-24,AAPL,Strong Buy,0.7,282.2237854961,False,False,0.09887973990160243,,
2020-04-27,AAPL,Strong Buy,0.95,282.4232580801,False,False,0.11538264285109909,,
2020-04-28,AAPL,Strong Buy,0.7,277.8453622769,False,False,0.12080330385234066,,
2020-04-29,AAPL,Strong Buy,0.95,286.9712329957,False,False,0.07205867566736149,,
2020-04-30,AAPL,Strong Buy,0.95,293.0252259206,False,False,0.056359564360083325,,
2020-05-01,AAPL,Strong Buy,0.95,288.3076993086,False,False,0.06729719926984012,,
2020-05-04,AAPL,Strong Buy,0.95,292.3869136517,False,False,0.07720279292386423,,
2020-05-05,AAPL,Strong Buy,0.95,296.7753105001,False,False,0.055141680998744995,,
2020-05-06,AAPL,Strong Buy,0.95,299.8372146647,False,False,0.06467771306169062,,
2020-05-07,AAPL,Strong Buy,0.95,302.9390133462,False,False,0.045920089658120354,,
2020-05-08,AAPL,Strong Buy,0.95,310.13,False,False,0.02824621932737881,,
2020-05-11,AAPL,Strong Buy,0.95,315.01,False,False,,,
2020-05-12,AAPL,Strong Buy,0.95,311.41,False,False,,,
2020-05-13,AAPL,Strong Buy,0.95,307.65,False,False,,,
2020-05-14,AAPL,Strong Buy,0.95,309.54,False,False,,,
2020-05-15,AAPL,Strong Buy,0.95,307.71,False,False,,,
2020-05-18,AAPL,Strong Buy,0.95,314.96,False,False,,,
2020-05-19,AAPL,Strong Buy,0.95,313.14,False,False,,,
2020-05-20,AAPL,Strong Buy,0.95,319.23,False,False,,,
2020-05-21,AAPL,Strong Buy,0.95,316.85,False,False,,,
2020-05-22,AAPL,Strong Buy,0.95,318.89,False,False,,,
