date,ticker,label,score,close,vix_high_stress,sector_above_sma200,fwd_10,fwd_30,fwd_60
1990-12-31,SP500,Strong Sell,-1.0,330.22,False,False,-0.0499364060323421,0.10683786566531395,0.13666646478105504
1991-01-02,SP500,Strong Sell,-1.0,326.45,False,False,-0.03149027416143352,0.13040281819574207,0.14939500689232665
1991-01-03,SP500,Strong Sell,-1.0,321.91,False,False,0.018825137460780968,0.13143425180951196,0.15342797676369166
1991-01-04,SP500,Strong Sell,-1.0,321.0,False,False,0.03498442367601252,0.14971962616822432,0.1822429906542056
1991-01-07,SP500,Strong Sell,-1.0,315.44,False,False,0.04951813340096375,0.17103094090793808,0.20130611209738777
1991-01-08,SP500,Strong Sell,-1.0,314.9,False,False,0.04258494760241355,0.15954271197205466,0.20600190536678314
1991-01-09,SP500,Strong Sell,-1.0,311.49,True,False,0.060098237503611575,0.17169090500497614,0.20504671096985458
1991-01-10,SP500,Strong Sell,-1.0,314.53,False,False,0.06438177598321305,0.16252821670428896,0.20389152068165217
1991-01-11,SP500,Strong Sell,-1.0,315.23,True,False,0.06611045902991458,0.16505408749167266,0.1850394949719252
1991-01-14,SP500,Strong Sell,-1.0,312.49,True,False,0.07533041057313822,0.16102915293289383,0.19411821178277694
1991-01-15,SP500,Strong Sell,-1.0,313.73,True,False,0.0704746119274534,0.17215440028049592,0.20367832212411938
1991-01-16,SP500,Strong Sell,-1.0,316.17,True,False,0.0782490432362337,0.16098934117721472,0.20315020400417483
1991-01-17,SP500,Strong Sell,-1.0,327.97,False,False,0.04866298746836594,0.1295850230203982,0.1622709394151903
1991-01-18,SP500,Hold,-0.010826126198167169,332.23,False,False,0.03256779941606716,0.11166962646359439,0.1667218493212533
1991-01-21,SP500,Mild Sell,-0.5143545977271582,331.06,False,False,0.05219597656014007,0.13792061861898153,0.17939346342052795
1991-01-22,SP500,Strong Sell,-0.95,328.31,False,False,0.06990344491486701,0.14577685723858552,0.183210989613475
1991-01-23,SP500,Strong Sell,-0.7764731760537958,330.21,False,False,0.08437055207292334,0.13839677780806167,0.16350201386996158
1991-01-24,SP500,Strong Buy,0.8647571238742013,334.78,False,True,0.06493816834936379,0.11998924666945462,0.137911464245176
1991-01-25,SP500,Strong Buy,1.0,336.07,False,True,0.06927128276847094,0.10976879816704849,0.13595381914482102
1991-01-28,SP500,Strong Buy,1.0,336.03,False,True,0.09686635121864123,0.10118144213314288,0.13906496443769908
1991-01-29,SP500,Strong Buy,1.0,335.84,False,True,0.08831586469747507,0.11532277274892812,0.12925797999047173
1991-01-30,SP500,Strong Buy,1.0,340.91,False,True,0.08245578011791956,0.09559707840779083,0.11178903522923925
1991-01-31,SP500,Strong Buy,1.0,343.93,False,True,0.05899456284709104,0.08623847876021273,0.08644200854825115
1991-02-01,SP500,Strong Buy,1.0,343.05,False,True,0.0758198513336248,0.08471068357382307,0.09412622066754106
1991-02-04,SP500,Strong Buy,1.0,348.34,False,True,0.06042946546477583,0.05239134179250158,0.0917207326175577
1991-02-05,SP500,Strong Buy,1.0,351.26,False,True,0.03951488925582189,0.04742925468314076,0.0833001195695496
1991-02-06,SP500,Strong Buy,1.0,358.07,False,True,0.019269975144524908,0.023766302678247246,0.06347920797609412
1991-02-07,SP500,Strong Buy,1.0,356.52,False,True,0.025608661505665868,0.03074161337372388,0.06608324918658141
1991-02-08,SP500,Strong Buy,1.0,359.35,False,True,0.022011966049812072,0.02916376791428958,0.05000695700570466
1991-02-11,SP500,Strong Buy,1.0,368.58,False,True,-0.015654674697487606,0.02094524933528685,0.026941233924792467
1991-02-12,SP500,Strong Buy,1.0,365.5,False,True,0.006128590971272255,0.026949384404924823,0.04856361149110807
1991-02-13,SP500,Strong Buy,1.0,369.02,False,True,-0.005284266435423524,0.016801257384423732,0.018210395100536632
1991-02-14,SP500,Strong Buy,1.0,364.22,False,True,0.017159958266981492,0.019438800724836593,0.03442974026687157
1991-02-15,SP500,Strong Buy,1.0,369.06,False,True,0.0007315883596162732,0.0282880832384978,0.006936541483769583
1991-02-19,SP500,Strong Buy,1.0,369.39,False,True,0.019843525812826664,0.02585343403990366,-0.0022198760118032246
1991-02-20,SP500,Strong Buy,1.0,365.14,False,True,0.030207591608698115,0.040066823684066374,0.019307662814263053
1991-02-21,SP500,Strong Buy,1.0,364.97,False,True,0.02997506644381729,0.028468093267939792,0.020330438118201382
1991-02-22,SP500,Strong Buy,1.0,365.65,False,True,0.02543415834814717,0.03558047313004252,0.01813209353206617
1991-02-25,SP500,Strong Buy,1.0,367.26,False,True,0.015520339813755892,0.017154059794151313,0.022027991068997527
1991-02-26,SP500,Strong Buy,1.0,362.81,False,True,0.019900223257352252,0.028499765717593162,0.03687880708910999
1991-02-27,SP500,Strong Buy,1.0,367.74,False,True,0.018572904769674183,0.02689400119649749,0.019633436667210447
1991-02-28,SP500,Strong Buy,1.0,367.07,False,True,0.017517094832048403,0.03631459939521068,0.028386956166398823
1991-03-01,SP500,Strong Buy,1.0,370.47,False,True,0.008421734553404992,0.028936216157853457,0.030960671579345074
1991-03-04,SP500,Strong Buy,1.0,369.33,False,True,0.007527143746784799,0.04952210760024916,0.03644437224162683
1991-03-05,SP500,Strong Buy,1.0,376.72,False,True,-0.02688999787640702,0.03644616691441909,0.027181991930346018
1991-03-06,SP500,Strong Buy,1.0,376.17,False,True,-0.021931573490708987,0.03267139856979547,0.03631336895552534
1991-03-07,SP500,Strong Buy,0.9999999999999999,375.91,False,True,-0.024819770689792877,0.022053151020190905,0.03232156633236673
1991-03-08,SP500,Strong Buy,1.0,374.95,False,True,-0.01992265635418048,0.01600213361781571,0.03411121482864388
1991-03-11,SP500,Strong Buy,0.9999999999999999,372.96,False,True,-0.00839232089232088,0.023595023595023627,0.03252359502359501
1991-03-12,SP500,Strong Buy,0.9999999999999999,370.03,False,True,0.01694457206172483,0.03440261600410783,0.036753776720806486
1991-03-13,SP500,Strong Buy,0.9999999999999999,374.57,False,True,0.002082387804682782,0.012494326828096236,0.012974877859946108
1991-03-14,SP500,Strong Buy,0.9999999999999999,373.5,False,True,0.004605087014725642,0.014779116465863405,0.013574297188755002
1991-03-15,SP500,Strong Buy,0.9999999999999999,373.59,False,True,-0.006129714392783436,0.0001873711823122943,0.01996841457212462
1991-03-18,SP500,Strong Buy,0.9999999999999999,372.11,False,True,0.019859718900325136,0.008680228964553388,0.01220069334336611
1991-03-19,SP500,Strong Buy,1.0,366.59,False,True,0.03368886221664536,0.03737145039417345,0.030115387762895938
1991-03-20,SP500,Strong Buy,0.9999999999999999,367.92,False,True,0.03220808871493794,0.03424657534246566,0.03905740378343119
1991-03-21,SP500,Strong Buy,0.9999999999999999,366.58,False,True,0.023951115718260762,0.038790986960554386,0.03696328223034539
1991-03-22,SP500,Strong Buy,0.9999999999999999,367.48,False,True,0.03042342440404922,0.03428758027647754,0.03023293784695754
1991-03-25,SP500,Strong Buy,0.9999999999999999,369.83,False,True,0.010085715058270066,0.020252548468215153,0.014222750993699783
1991-03-26,SP500,Strong Buy,0.9999999999999999,376.3,False,True,-0.00837098060058473,0.005872973691203772,-0.0023385596598458555
1991-03-27,SP500,Strong Buy,0.9999999999999999,375.35,False,True,0.00607433062475016,0.02104702277873978,0.006394032236579132
1991-03-28,SP500,Strong Buy,0.9999999999999999,375.22,False,True,0.013805234262565826,0.0013858536325355305,-0.01140664143702369
1991-04-01,SP500,Strong Buy,0.9999999999999999,371.3,False,True,0.02663614328036624,0.014705090223538862,-0.00175060597899282
1991-04-02,SP500,Strong Buy,0.9999999999999999,379.5,False,True,0.021396574440052715,-0.020764163372859013,-0.0208432147562583
1991-04-03,SP500,Strong Buy,0.9999999999999999,378.94,False,True,0.030374201720588988,-0.027365809890747887,-0.011980788515332297
1991-04-04,SP500,Strong Buy,0.9999999999999999,379.77,False,True,0.022882270848144926,-0.019959449140269068,-0.022671617031360974
1991-04-05,SP500,Strong Buy,1.0,375.36,False,True,0.02355072463768109,-0.007912404092071683,0.006820119352088668
1991-04-08,SP500,Strong Buy,0.9999999999999999,378.66,False,True,0.006047641683832365,-0.016848888184651276,-0.00314266096234088
1991-04-09,SP500,Strong Buy,0.9999999999999999,373.56,False,True,0.021950958346718032,0.0047917335903202175,-0.000615697612164092
1991-04-10,SP500,Strong Buy,0.9999999999999999,373.15,False,True,0.0257537183438296,0.008146857831971112,0.0024922953235964273
1991-04-11,SP500,Strong Buy,0.9999999999999999,377.63,False,True,0.004289913407303458,-0.007070412837963128,0.0008209093557185666
1991-04-12,SP500,Strong Buy,1.0,380.4,False,True,-0.003627760252365919,-0.007649842271293292,-0.011277602523659211
1991-04-15,SP500,Strong Buy,1.0,381.19,False,True,-0.019753928487106096,0.0019675227576798973,-0.014297332039140557
1991-04-16,SP500,Strong Buy,1.0,387.62,False,True,-0.03168051184149432,-0.012460657344822207,-0.027475362468396825
1991-04-17,SP500,Strong Buy,1.0,390.45,False,True,-0.026021257523370388,-0.008938404405173541,-0.02612370341913174
1991-04-18,SP500,Strong Buy,1.0,388.46,False,True,-0.0204396849096432,0.0035267466405807667,-0.0156258044586315
1991-04-19,SP500,Strong Buy,1.0,384.2,False,True,-0.008849557522123835,0.010046850598646575,-0.006923477355543905
1991-04-22,SP500,Strong Buy,1.0,380.95,False,True,-0.0022837642735267214,0.0178238613991338,0.0006037537734611319
1991-04-23,SP500,Strong Buy,1.0,381.76,False,True,-0.01163034367141659,0.008722757753562406,0.009456202849958125
1991-04-24,SP500,Strong Buy,1.0,382.76,False,True,-0.011103563590761836,0.002272964782108905,0.0038144006688265136
1991-04-25,SP500,Strong Buy,1.0,379.25,False,True,0.01054713249835201,0.00047462096242585844,0.009571522742254437
1991-04-26,SP500,Strong Buy,1.0,379.02,False,True,-0.00865389689198452,-0.0011872724394490757,0.0010553532795104061
1991-04-29,SP500,Strong Buy,1.0,373.66,False,True,0.008296312155435331,0.019777337686666986,0.013327624043247768
1991-04-30,SP500,Strong Buy,1.0,375.34,False,True,-0.009911014013960598,0.0034901689135184164,0.014973091064101895
1991-05-01,SP500,Strong Buy,1.0,380.29,False,True,-0.030818585816087794,-0.006994661968497791,0.0016829261879091912
1991-05-02,SP500,Strong Buy,1.0,380.52,False,True,-0.021891096394407613,0.004651529485966674,0.006911594659939019
1991-05-03,SP500,Strong Buy,1.0,380.8,False,True,-0.02208508403361351,-0.0017594537815126467,0.01546743697478988
1991-05-06,SP500,Strong Buy,1.0,380.08,False,True,-0.02052199536939595,-0.003920227320564116,0.020337823616080875
1991-05-07,SP500,Strong Buy,1.0,377.32,False,True,-0.005221032545319544,-0.005910102830488758,0.025972649210219474
1991-05-08,SP500,Strong Buy,1.0,378.51,False,True,-0.006129296451877079,-0.008163588808750033,0.022905603550764885
1991-05-09,SP500,Strong Buy,1.0,383.25,False,True,-0.02163078930202223,-0.014350945857795172,0.004722765818656236
1991-05-10,SP500,Strong Buy,1.0,375.74,False,True,0.004657475914195987,-0.012774791078937593,0.03960185234470643
1991-05-13,SP500,Strong Buy,1.0,376.76,False,True,0.013748805605690645,-0.016217220511731644,0.03662809215415652
1991-05-14,SP500,Strong Buy,1.0,371.62,False,True,0.030057585705828577,-8.072762499335224e-05,0.04762929874603086
1991-05-15,SP500,Strong Buy,1.0,368.57,False,True,0.0498955422307838,0.015817890767018433,0.050329652440513364
1991-05-16,SP500,Strong Buy,1.0,372.19,False,True,0.04739514763964638,-0.002767403745398782,0.04253204008705227
1991-05-17,SP500,Strong Buy,1.0,372.39,False,True,0.0420795402669245,0.014850022825532452,0.04626869679636945
1991-05-20,SP500,Strong Buy,1.0,372.28,False,True,0.04152788223917492,0.013941119587407475,0.04732996669173742
1991-05-21,SP500,Strong Buy,1.0,375.35,False,True,0.025949114160117095,-0.005381643799120923,0.03724523777807369
1991-05-22,SP500,Strong Buy,1.0,376.19,False,True,0.01977724022435471,-0.005608867859326441,0.024960791089608938
1991-05-23,SP500,Strong Buy,1.0,374.96,False,True,0.01192127160230432,0.007947514401536213,0.004027096223597312
1991-05-24,SP500,Strong Buy,1.0,377.49,False,True,0.002861002940475202,-0.0036557259794961334,0.005139208985668489
1991-05-28,SP500,Strong Buy,1.0,381.94,False,True,-0.0023302089333402795,-0.016232916164842615,0.022647536262240083
1991-05-29,SP500,Strong Buy,1.0,382.79,False,True,-0.016040126440084755,-0.015204158938321255,0.022309882703309813
1991-05-30,SP500,Strong Buy,1.0,386.96,False,True,-0.02411101922679343,-0.01734029357039482,0.01863241678726493
1991-05-31,SP500,Strong Buy,1.0,389.83,False,True,-0.019341764358822983,-0.019085242285098628,0.010312187363722749
1991-06-03,SP500,Strong Buy,1.0,388.06,False,True,-0.02043498428078134,-0.016801525537288,0.012884605473380405
1991-06-04,SP500,Strong Buy,1.0,387.74,False,True,-0.023598287512250564,-0.016918553669985046,0.02295352555836379
1991-06-05,SP500,Strong Buy,1.0,385.09,False,True,-0.025967955542860112,0.0007271027552001599,0.029551533407774944
1991-06-06,SP500,Strong Buy,1.0,383.63,False,True,-0.021400828923702472,0.0015379402027996556,0.03075880405599148
1991-06-07,SP500,Strong Buy,1.0,379.43,False,True,-0.004427694172838222,0.009092586247792711,0.0335239701657749
1991-06-10,SP500,Strong Buy,1.0,378.57,False,True,-0.020154793036954846,0.0022452914916660663,0.030113321182344176
1991-06-11,SP500,Strong Buy,1.0,381.05,False,True,-0.027293006167169752,-0.00632462931373842,0.021230809605038644
1991-06-12,SP500,Strong Buy,1.0,376.65,False,True,-0.013434222753219175,0.011442984202840841,0.03305455993628049
1991-06-13,SP500,Strong Buy,1.0,377.63,False,True,-0.008553345867648275,0.0087387124963589,0.02897015597277758
1991-06-14,SP500,Strong Buy,1.0,382.29,False,True,-0.029114023385388044,0.002249601088179018,0.005937900546705333
1991-06-17,SP500,Strong Buy,1.0,380.13,False,True,-0.0058138005419198155,0.017257254097282515,0.013048167732091599
1991-06-18,SP500,Strong Buy,1.0,378.59,False,True,-0.0029583454396575394,0.024353522280039164,0.023112073747325605
1991-06-19,SP500,Strong Buy,1.0,375.09,False,True,-0.004692207203604444,0.032072302647364714,0.0226612279719534
1991-06-20,SP500,Strong Buy,1.0,375.42,False,True,-0.003569335677374758,0.031324916093974725,0.027595759416120497
1991-06-21,SP500,Strong Buy,1.0,377.75,False,True,0.0005029781601588292,0.01935142289874256,0.020516214427531435
1991-06-24,SP500,Strong Buy,1.0,370.94,False,True,0.013937564026527243,0.05305440232921768,0.043133660430258264
1991-06-25,SP500,Strong Buy,1.0,370.65,False,True,0.013732631862943564,0.05371644408471611,0.045622554970996966
1991-06-26,SP500,Strong Buy,1.0,371.59,False,True,0.014478322882747256,0.04771387819909045,0.04394628488387751
1991-06-27,SP500,Strong Buy,1.0,374.4,False,True,0.015625000000000062,0.03397435897435905,0.030769230769230875
1991-06-28,SP500,Strong Buy,1.0,371.16,False,True,0.030256493156590042,0.045425153572583137,0.04458993426015722
1991-07-01,SP500,Strong Buy,1.0,377.92,False,True,0.00957874682472482,0.030958933107535953,0.02370872142252323
1991-07-02,SP500,Strong Buy,1.0,377.47,False,True,0.009828595649985374,0.03292976925318555,0.023895938750099297
1991-07-03,SP500,Strong Buy,1.0,373.33,False,True,0.032250287948999604,0.04285752551362066,0.03366994348163821
1991-07-05,SP500,Strong Buy,1.0,374.08,False,True,0.027106501283148107,0.030742087254063303,0.03683704020530376
1991-07-08,SP500,Strong Buy,1.0,377.94,False,True,0.013070857808117684,-0.0038895062708365624,0.029793088850082
1991-07-09,SP500,Strong Buy,1.0,376.11,False,True,0.008800616840817852,0.008827204807104286,0.032304379038047316
1991-07-10,SP500,Strong Buy,1.0,375.74,False,True,0.007718102943524717,0.03952200990046299,0.02323415127481774
1991-07-11,SP500,Strong Buy,1.0,376.97,False,True,0.01058439663633698,0.03809321696686727,0.011353688622436726
1991-07-12,SP500,Strong Buy,1.0,380.25,False,True,0.0017882971729125754,0.036607495069033574,-0.0019723865877712033
1991-07-15,SP500,Strong Buy,1.0,382.39,False,True,0.0019874996731085825,0.02996940296555882,-0.004498025575982559
1991-07-16,SP500,Strong Buy,0.9999999999999999,381.54,False,True,0.013497929443832827,0.030193426639408664,-0.0124233370026734
1991-07-17,SP500,Strong Buy,0.9999999999999999,381.18,False,True,0.017393357468912313,0.040558266435804555,-0.0016527624744215213
1991-07-18,SP500,Strong Buy,1.0,385.37,False,True,0.004541090380673119,0.028803487557412414,-0.010172042452707829
1991-07-19,SP500,Strong Buy,0.9999999999999999,384.22,False,True,0.0077039196293789474,0.029175992920722447,0.005856019988548227
1991-07-22,SP500,Strong Buy,0.9999999999999999,382.88,False,True,0.005693689928959483,0.024211241119933093,0.021233806936899278
1991-07-23,SP500,Strong Buy,0.9999999999999999,379.42,False,True,0.029518739128142926,0.027805598018027546,0.035264350851299336
1991-07-24,SP500,Strong Buy,0.9999999999999999,378.64,False,True,0.031481090217621,0.02773082611451511,0.03507289245721538
1991-07-25,SP500,Strong Buy,0.9999999999999999,380.96,False,True,0.021944561108777863,0.021367072658546944,0.030291894162116813
1991-07-26,SP500,Strong Buy,0.9999999999999999,380.93,False,True,0.016249704670149363,0.020056178300475118,0.02386265193080087
1991-07-29,SP500,Strong Buy,0.9999999999999999,383.15,False,True,0.012710426725825407,0.003680020879551155,0.012214537387446189
1991-07-30,SP500,Strong Buy,0.9999999999999999,386.69,False,True,0.007577128966355496,-0.0041376813468153376,0.0032325635521994363
1991-07-31,SP500,Strong Buy,0.9999999999999999,387.81,False,True,0.005389236997498711,-0.0012119336788634313,-0.007065315489543872
1991-08-01,SP500,Strong Buy,0.9999999999999999,387.12,False,True,0.00570882413721838,-0.009118619549493773,-0.007542880760487745
1991-08-02,SP500,Strong Buy,0.9999999999999999,387.18,False,True,-0.004132444857688989,-0.003615889250477902,0.006043700604369996
1991-08-05,SP500,Strong Buy,0.9999999999999999,385.06,False,True,-0.022308211707266334,0.0011426790630031623,0.016672726328364453
1991-08-06,SP500,Strong Buy,1.0,390.62,False,True,-0.02864676667861348,-0.009420920587783542,0.005990476678101416
1991-08-07,SP500,Strong Buy,1.0,390.56,False,True,7.681278164679618e-05,-0.0076812781646866035,0.004839205243752525
1991-08-08,SP500,Strong Buy,0.9999999999999999,389.32,False,True,0.005162848042741167,-0.003596013562108233,0.005137162231583273
1991-08-09,SP500,Strong Buy,0.9999999999999999,387.12,False,True,0.018211407315561097,-0.003099814011159301,0.008162843562719489
1991-08-12,SP500,Strong Buy,0.9999999999999999,388.02,False,True,0.015024998711406735,-0.0007989278903149382,0.0017782588526364562
1991-08-13,SP500,Strong Buy,0.9999999999999999,389.62,False,True,0.00882911554848313,-0.007032493198501127,0.0008983111749910753
1991-08-14,SP500,Strong Buy,1.0,389.9,False,True,0.017286483713772786,-0.008745832264683171,0.009797383944601308
1991-08-15,SP500,Strong Buy,0.9999999999999999,389.33,False,True,0.018339198109572966,-0.0088100069349909,0.009143913903372467
1991-08-16,SP500,Strong Buy,0.9999999999999999,385.58,False,True,0.025545930805539765,0.005913169770216374,0.01955495616992588
1991-08-19,SP500,Strong Buy,1.0,376.47,False,True,0.04165006507822655,0.033814115334555105,0.05384227162854937
1991-08-20,SP500,Strong Buy,0.9999999999999999,379.43,False,True,0.027778509870068312,0.0232717497298579,0.047386869778351784
1991-08-21,SP500,Strong Buy,1.0,390.59,False,True,-0.0037123326250031712,-0.015668603906909925,0.016795104841393797
1991-08-22,SP500,Strong Buy,1.0,391.33,False,True,-0.005698515319551175,-0.02575831139958599,-0.022257429790713667
1991-08-23,SP500,Strong Buy,1.0,394.17,False,True,-0.014207068016338186,-0.03721744424994296,-0.022655199533196353
1991-08-26,SP500,Strong Buy,1.0,393.85,False,True,-0.02358766027675516,-0.03346451694807669,-0.03663831407896409
1991-08-27,SP500,Strong Buy,1.0,393.06,False,True,-0.020276802523787787,-0.04136773011753928,-0.03696636645804719
1991-08-28,SP500,Strong Buy,1.0,396.64,False,True,-0.0234469544171037,-0.0405657523194836,-0.04180112948769661
1991-08-29,SP500,Strong Buy,1.0,396.47,False,True,-0.032486695084117466,-0.0378843292052363,-0.0512775241506294
1991-08-30,SP500,Strong Buy,0.9999999999999999,395.43,False,True,-0.024403813570037767,-0.022658877677464984,-0.05080545229244122
1991-09-03,SP500,Strong Buy,0.9999999999999999,392.15,False,True,-0.016957796761443267,-0.00290705087339025,-0.03618513323983169
1991-09-04,SP500,Strong Buy,1.0,389.97,False,True,-0.007769828448342255,0.007256968484755196,-0.03441290355668389
1991-09-05,SP500,Strong Buy,1.0,389.14,False,True,-0.00406023539086186,0.007143958472529243,-0.035771187747340186
1991-09-06,SP500,Strong Buy,1.0,389.1,False,True,-0.0030326394243125336,0.008738113595476682,-0.0197892572603445
1991-09-09,SP500,Strong Buy,0.9999999999999999,388.57,False,True,-0.006819878014257347,0.0037316313662917587,-0.01958463082584866
1991-09-10,SP500,Strong Buy,1.0,384.56,False,True,0.00819117952985224,0.008503224464322815,-0.01167568129810695
1991-09-11,SP500,Strong Buy,1.0,385.09,False,True,0.004648264042172013,0.007400867329715191,-0.019995325768002257
1991-09-12,SP500,Strong Buy,1.0,387.34,False,True,-0.0021944544844321938,-0.005860484329013224,-0.021273299943202234
1991-09-13,SP500,Strong Buy,1.0,383.59,False,True,0.006022054798091719,0.0015902395787168947,-0.013895044187804647
1991-09-16,SP500,Strong Buy,0.9999999999999999,385.78,False,True,0.005391674011094512,0.009694644616102466,-0.0204261496189538
1991-09-17,SP500,Strong Buy,0.9999999999999999,385.5,False,True,0.00959792477302202,0.015512321660181629,-0.020233463035019484
1991-09-18,SP500,Strong Buy,0.9999999999999999,386.94,False,True,0.003411381609551851,0.015557967643562263,-0.013929808239003428
1991-09-19,SP500,Strong Buy,1.0,387.56,False,True,-0.007972959025699182,0.012617401176591976,-0.007972959025699182
1991-09-20,SP500,Strong Buy,1.0,387.92,False,True,-0.017194266859146257,0.008764693751288867,-0.008919364817488236
1991-09-23,SP500,Strong Buy,1.0,385.92,False,True,-0.016635572139303525,0.011297678275290103,-0.008240049751243799
1991-09-24,SP500,Strong Buy,1.0,387.71,False,True,-0.018157901524335107,0.0025792473756157956,-0.010910216398854715
1991-09-25,SP500,Strong Buy,1.0,386.88,False,True,-0.02605459057071956,0.007986972704714723,-0.011269644334160498
1991-09-26,SP500,Strong Buy,1.0,386.49,False,True,-0.015369091050221216,0.01870682294496628,0.001423063986131624
1991-09-27,SP500,Strong Buy,1.0,385.9,False,True,-0.01153148484063226,0.018113500906970743,0.028297486395439275
1991-09-30,SP500,Strong Buy,1.0,387.86,False,True,-0.0035837673387304346,0.013561594389728229,0.029572526169236245
1991-10-01,SP500,Strong Buy,1.0,389.2,False,True,0.004650565262076059,0.019373072970195325,0.04018499486125382
1991-10-02,SP500,Strong Buy,1.0,388.26,False,True,0.011693195281512442,0.0235666821202288,0.0468758048730232
1991-10-03,SP500,Strong Buy,1.0,384.47,False,True,0.01937732462870962,0.03298046661638086,0.07977215387416432
1991-10-04,SP500,Strong Buy,1.0,381.25,False,True,0.029508196721311476,0.0035934426229508316,0.09400655737704912
1991-10-07,SP500,Strong Buy,1.0,379.5,False,True,0.027720685111989413,0.015125164690382106,0.09949934123847165
1991-10-08,SP500,Strong Buy,1.0,380.67,False,True,0.018808942128352556,-0.0032836840307878213,0.10158404917645193
1991-10-09,SP500,Strong Buy,1.0,376.8,False,True,0.02956475583864115,0.004591295116772721,0.10923566878980882
1991-10-10,SP500,Strong Buy,1.0,380.55,False,True,0.011877545657600793,-0.0012876100381027699,0.09683353041650233
1991-10-11,SP500,Strong Buy,1.0,381.45,False,True,0.00720933280901822,-0.01392056626032246,0.0960807445274611
1991-10-14,SP500,Strong Buy,1.0,386.47,False,True,0.00789194504101212,-0.02879913059228414,0.08057546510725279
1991-10-15,SP500,Strong Buy,1.0,391.01,False,True,0.0012020152937265729,-0.03337510549602315,0.061609677501854254
1991-10-16,SP500,Strong Buy,1.0,392.8,False,True,0.00040733197556000044,-0.04136965376782077,0.054837067209775874
1991-10-17,SP500,Strong Buy,1.0,391.92,False,True,0.0013523167993467358,-0.042610736885078555,0.07276995305164315
1991-10-18,SP500,Strong Buy,1.0,392.5,False,True,-0.00300636942675161,-0.02828025477707012,0.07202547770700632
1991-10-21,SP500,Strong Buy,1.0,390.02,False,True,0.000666632480385598,-0.0232295779703605,0.07227834470027178
1991-10-22,SP500,Strong Buy,0.9999999999999999,387.83,False,True,0.0022690354021091597,-0.020008766727689944,0.08000928241755416
1991-10-23,SP500,Strong Buy,1.0,387.94,False,True,0.005232767953807366,-0.02719492705057486,0.07325875135330209
1991-10-24,SP500,Strong Buy,1.0,385.07,False,True,0.022463448204222698,-0.015503674656555874,0.07159737190640661
1991-10-25,SP500,Strong Buy,1.0,384.2,False,True,0.0226184279021343,-0.01546069755335762,0.08831337844872464
1991-10-28,SP500,Strong Buy,1.0,389.52,False,True,0.009242144177449226,-0.029831587594988718,0.06531115218730746
1991-10-29,SP500,Strong Buy,1.0,391.48,False,True,0.013436190865433715,-0.03519975477674474,0.06130581383467865
1991-10-30,SP500,Strong Buy,1.0,392.96,False,True,0.011324307817589693,-0.029036034201954317,0.05606168566775252
1991-10-31,SP500,Strong Buy,1.0,392.45,False,True,0.011976047904191588,-0.02033380048413801,0.05735762517518153
1991-11-01,SP500,Strong Buy,1.0,391.32,False,True,-0.022232444035571883,-0.017530409894715358,0.04860472247776751
1991-11-04,SP500,Strong Buy,1.0,390.28,False,True,-0.012913805472993655,-0.019319462949677062,0.054678692220969646
1991-11-05,SP500,Strong Buy,1.0,388.71,False,True,-0.023899565228576482,-0.01345476061845582,0.05163232229682795
1991-11-06,SP500,Strong Buy,1.0,389.97,False,True,-0.029335589917173253,-0.019104033643613728,0.05015770443880284
1991-11-07,SP500,Strong Buy,1.0,393.72,False,True,-0.034694706898303423,-0.016966372041044415,0.051127704967997546
1991-11-08,SP500,Strong Buy,1.0,392.89,False,True,-0.0426327979841686,0.010002799765837784,0.05332281300109443
1991-11-11,SP500,Strong Buy,1.0,393.12,False,True,-0.045227920227920305,0.015796703296703244,0.05265567765567763
1991-11-12,SP500,Strong Buy,1.0,396.74,False,True,-0.04733578666128958,0.020416393607904336,0.036169783737460215
1991-11-13,SP500,Strong Buy,1.0,397.41,False,True,-0.05248987192068648,0.022772451624267012,0.04116655343348168
1991-11-14,SP500,Strong Buy,1.0,397.15,False,True,-0.05521843132317752,0.045297746443409316,0.04182298879516559
1991-11-15,SP500,Strong Buy,0.7614920913884106,382.62,True,True,-0.0031885421567090775,0.09008938372275357,0.09019392608854736
1991-11-18,SP500,Strong Buy,1.0,385.24,False,True,-0.011109957429135162,0.08311701796282832,0.07385006749039556
1991-11-19,SP500,Hold,-0.20780209758322446,379.42,True,False,0.0017131411101153793,0.10521322017816656,0.08713299246217912
1991-11-20,SP500,Hold,-0.2515055816686297,378.53,True,False,-0.0030116503315456805,0.1041661162919716,0.07621588777639823
1991-11-21,SP500,Hold,-0.08315481986368356,380.06,False,False,-0.0025259169604798706,0.09824764510866699,0.07419881071409774
1991-11-22,SP500,Strong Sell,-0.75,376.14,True,False,0.005636199287499348,0.11155420853937374,0.10038815334715795
1991-11-25,SP500,Strong Sell,-0.75,375.34,True,False,0.006820482762295525,0.11261789311024682,0.09615282144189277
1991-11-26,SP500,Mild Sell,-0.5887119683038123,377.96,False,False,-0.0006879034818499072,0.09826436659964029,0.09077680177796593
1991-11-27,SP500,Strong Sell,-0.75,376.55,False,False,0.01327844907714779,0.1003585181250829,0.09002788474306195
1991-11-29,SP500,Strong Sell,-0.75,375.22,True,False,0.024652204040296357,0.12051596396780546,0.1069505889877938
1991-12-02,SP500,Hold,0.3962135166688294,381.4,True,False,0.008023072889355014,0.10322496067121134,0.08510749868904048
1991-12-03,SP500,Hold,0.10032154340836985,380.96,False,False,0.0046724065518690405,0.09777929441411172,0.08331583368332636
1991-12-04,SP500,Hold,-0.17787032172326653,380.07,False,False,0.00897203146788756,0.10206014681506044,0.08519483253084957
1991-12-05,SP500,Mild Sell,-0.530529093547965,377.39,True,False,0.013593364954026327,0.1032618776332177,0.09396115424362075
1991-12-06,SP500,Mild Sell,-0.565292167893641,379.1,False,False,0.020944341862305454,0.08847269849643884,0.07974149300975986
1991-12-09,SP500,Strong Sell,-0.75,378.26,False,False,0.04906677946386084,0.10540369058319676,0.07468407973351664
1991-12-10,SP500,Mild Sell,-0.68059453032104,377.9,True,False,0.056708123842286344,0.09806827202963748,0.07023021963482409
1991-12-11,SP500,Strong Sell,-0.7239522058823445,377.7,True,False,0.07185597034683608,0.10002647603918462,0.072835583796664
1991-12-12,SP500,Hold,0.26178441042722267,381.55,False,False,0.06528633206657049,0.08764251081116498,0.0664133141134844
1991-12-13,SP500,Strong Buy,1.0,384.47,False,True,0.07977215387416432,0.0793039769032693,0.050875230837256334
1991-12-16,SP500,Strong Buy,0.9085106382978788,384.46,False,True,0.08487228840451541,0.06731519533891692,0.05053841752067838
1991-12-17,SP500,Mild Buy,0.5095427948177464,382.74,False,True,0.09019177509536495,0.07545592308094266,0.060354287505878575
1991-12-18,SP500,Mild Buy,0.5446340715651861,383.48,False,True,0.09351204756441002,0.06597475748409293,0.05974235944508179
1991-12-19,SP500,Hold,0.13626701473055328,382.52,False,True,0.09264875039213635,0.07061068702290074,0.0707413991425285
1991-12-20,SP500,Strong Buy,0.9999999999999999,387.04,False,True,0.07844150475403047,0.06926932616783796,0.05712587846217434
1991-12-23,SP500,Strong Buy,0.9999999999999999,396.82,False,True,0.0536263293180788,0.04289098331737307,0.032710044856610096
1991-12-24,SP500,Strong Buy,0.9999999999999999,399.33,False,True,0.04577667593218649,0.03628577867928783,0.029975208474194343
1991-12-26,SP500,Strong Buy,0.9999999999999999,404.84,False,True,0.02534334551921759,0.015438197806540857,0.012523466060666066
1991-12-27,SP500,Strong Buy,1.0,406.46,False,True,0.01938690154012694,0.017984549525168536,0.005953845396841057
1991-12-30,SP500,Strong Buy,1.0,415.14,False,True,0.012766777472659854,-0.003324179794768019,-0.01835525364937131
1991-12-31,SP500,Strong Buy,1.0,417.09,False,True,0.008823035795631656,9.590256299604513e-05,-0.022129516411326003
1992-01-02,SP500,Strong Buy,1.0,417.26,False,True,0.0022767578967549935,-0.008555816517279378,-0.03297704069405165
1992-01-03,SP500,Strong Buy,1.0,419.34,False,True,-0.0011446558878236309,-0.016359040396813938,-0.038965994181332515
1992-01-06,SP500,Strong Buy,1.0,417.96,False,True,-0.003828117523207881,-0.025313427122212614,-0.034142023160110974
1992-01-07,SP500,Strong Buy,1.0,417.4,False,True,-0.011403929084810712,-0.02189746046957352,-0.03155246765692372
1992-01-08,SP500,Strong Buy,1.0,418.1,False,True,7.175316909823658e-05,-0.010045443673762366,-0.04209519253767047
1992-01-09,SP500,Strong Buy,1.0,417.61,False,True,-0.006345633485788257,-0.014798496204592818,-0.03845693350255023
1992-01-10,SP500,Strong Buy,1.0,415.1,False,True,0.0009154420621536869,-0.006817634304986849,-0.022910142134425552
1992-01-13,SP500,Strong Buy,1.0,414.34,False,True,0.0015687599555921083,-0.009388424965004553,-0.03929140319544329
1992-01-14,SP500,Strong Buy,1.0,420.44,False,True,-0.013033964418228567,-0.012106364760726799,-0.061697269527162014
1992-01-15,SP500,Strong Buy,1.0,420.77,False,True,-0.024787888870404277,-0.016422273451053945,-0.04784086317940917
1992-01-16,SP500,Strong Buy,1.0,418.21,False,True,-0.015757633724683712,-0.013175199062671842,-0.033284713421486714
1992-01-17,SP500,Strong Buy,1.0,418.86,False,True,-0.024065320154705725,-0.015303442677744413,-0.030511388053287566
1992-01-20,SP500,Strong Buy,1.0,416.36,False,True,-0.01640407339802104,-0.008430204630608106,-0.009535017773081052
1992-01-21,SP500,Strong Buy,1.0,412.64,False,True,0.0029323381155487507,-0.00802151996898023,0.00882124854594801
1992-01-22,SP500,Strong Buy,1.0,418.13,False,True,-0.010259966995910412,-0.027790400114796845,-0.004998445459546015
1992-01-23,SP500,Strong Buy,1.0,414.96,False,True,-0.0027472527472527145,-0.025351841141314783,-0.011519182571814085
1992-01-24,SP500,Strong Buy,1.0,415.48,False,True,-0.01056609223067306,-0.024718397997496963,-0.012563781650139662
1992-01-27,SP500,Strong Buy,1.0,414.99,False,True,-0.0029398298754187507,-0.019518542615484764,-0.012482228487433447
1992-01-28,SP500,Strong Buy,1.0,414.96,False,True,-0.0028918449971081276,-0.026339888181993464,-0.00809716599190273
1992-01-29,SP500,Strong Buy,1.0,410.34,False,True,0.016547253497100015,-0.01571867232051467,-0.00321684456791927
1992-01-30,SP500,Strong Buy,1.0,411.62,False,True,0.0050289101598561614,-0.0140420776444294,-0.007701277877654186
1992-01-31,SP500,Strong Buy,1.0,408.78,False,True,0.00905132345026676,-0.00584666568814518,0.0008072801996184768
1992-02-03,SP500,Strong Buy,1.0,409.53,False,True,-0.0052499206407344455,0.00012209117769152779,0.006080140649036723
1992-02-04,SP500,Strong Buy,1.0,413.85,False,True,-0.013507309411622644,-0.011356771777214076,0.002657967862752122
1992-02-05,SP500,Strong Buy,1.0,413.84,False,True,0.00014498356852890557,-0.009762226947612517,-0.003165474579547657
1992-02-06,SP500,Strong Buy,1.0,413.82,False,True,-0.005775457928567943,-0.0060896041757285335,0.007467014644048214
1992-02-07,SP500,Strong Buy,1.0,411.09,False,True,0.0028704176700965894,-0.002870417670096451,0.013987204748351943
1992-02-10,SP500,Strong Buy,1.0,413.77,False,True,-0.008023781327790785,-0.011818159847258106,0.007298740846364016
1992-02-11,SP500,Strong Buy,1.0,413.76,False,True,0.0038428074245940446,-0.015081206496519744,0.005051237432327996
1992-02-12,SP500,Strong Buy,1.0,417.13,False,True,-0.007839282717617965,-0.022223287704073027,-0.0025891208975618732
1992-02-13,SP500,Strong Buy,1.0,413.69,False,True,-0.002393096279823078,-0.02463197079939084,0.01160289105368757
1992-02-14,SP500,Strong Buy,1.0,412.48,False,True,-7.273079906911742e-05,-0.022982932505818506,0.009236811481768819
1992-02-18,SP500,Strong Buy,1.0,407.38,False,True,0.013427266925229582,-0.00905788207570327,0.02226422504786684
1992-02-19,SP500,Strong Buy,1.0,408.26,False,True,0.0026208788517121276,-0.00987116053495315,0.011953167099397432
1992-02-20,SP500,Strong Buy,1.0,413.9,False,True,-0.017854554240154596,-0.03237496979946842,-0.009205122010147384
1992-02-21,SP500,Strong Buy,1.0,411.43,False,True,-0.01698952434192939,-0.024013805507619754,0.0033541550202950575
1992-02-24,SP500,Strong Buy,1.0,412.27,False,True,-0.01712469983263396,-0.016202973779319396,0.009944938996288896
1992-02-25,SP500,Strong Buy,1.0,410.45,False,True,-0.008673407235960537,-0.03018638080155923,0.012035570715068823
1992-02-26,SP500,Strong Buy,0.9999999999999999,415.35,False,True,-0.027254123028771036,-0.05019862766341645,-0.00662092211387986
1992-02-27,SP500,Strong Buy,0.9999999999999999,413.86,False,True,-0.02409027207268165,-0.031943169187648064,0.00038660416565980806
1992-02-28,SP500,Strong Buy,0.9999999999999999,412.7,False,True,-0.016622243760600956,-0.020377998546159362,-0.0031257572086260325
1992-03-02,SP500,Strong Buy,0.9999999999999999,412.45,False,True,-0.014692690023033101,-0.015444296278336779,-0.000678870166080671
1992-03-03,SP500,Strong Buy,0.9999999999999999,412.85,False,True,-0.00792055225868969,-0.0011142061281337928,0.009422308344434992
1992-03-04,SP500,Strong Buy,1.0,409.33,False,True,-0.00043974299464981023,0.016978965626755892,0.014706960154398747
1992-03-05,SP500,Strong Buy,1.0,406.51,False,True,0.008093281838085215,0.02344345772551728,0.02654301247201796
1992-03-06,SP500,Strong Buy,1.0,404.44,True,True,0.01696172485411931,0.014192463653446764,0.022401345069726047
1992-03-09,SP500,Strong Buy,1.0,405.21,True,True,0.011598924014708535,0.012462673675378228,0.023148490905949993
1992-03-10,SP500,Strong Buy,1.0,406.89,False,True,0.0048907567155742565,0.0071763867384305735,0.015655336823220047
1992-03-11,SP500,Strong Buy,1.0,404.03,True,True,0.008637972427790038,0.01873623245798592,0.023389352275821215
1992-03-12,SP500,Strong Buy,1.0,403.89,True,True,0.009829408997499386,0.012701478125232106,0.023446978137611794
1992-03-13,SP500,Strong Buy,1.0,405.84,False,True,-0.005765819041986929,0.006431105854523984,0.010398186477429596
1992-03-16,SP500,Strong Buy,1.0,406.39,False,True,-0.008341740692438265,0.006693078077708673,0.0021161938039814306
1992-03-17,SP500,Strong Buy,0.9999999999999999,409.58,False,True,-0.014380584989501408,0.005957322134869861,-0.001294008496508552
1992-03-18,SP500,Strong Buy,0.9999999999999999,409.15,False,True,-0.01202492973237189,0.014175730172308472,0.0014908957595014388
1992-03-19,SP500,Strong Buy,1.0,409.8,False,True,-0.02269399707174234,0.0066617862371887784,0.0011957052220595635
1992-03-20,SP500,Strong Buy,1.0,411.3,False,True,-0.023705324580598104,0.013639679066374942,-0.007245319717967464
1992-03-23,SP500,Strong Buy,1.0,409.91,False,True,-0.01053889878265973,0.016906150130516332,-0.018662633260959804
1992-03-24,SP500,Strong Buy,1.0,408.88,False,True,-0.026462531794169422,0.019345529250635946,-0.019369986304050128
1992-03-25,SP500,Strong Buy,1.0,407.52,False,True,-0.031949352179034114,0.020440714566156364,-0.00944738908519819
1992-03-26,SP500,Strong Buy,1.0,407.86,False,True,-0.017702152699455763,0.020080419751875637,-0.010935124797724799
1992-03-27,SP500,Strong Buy,1.0,403.5,False,True,0.001957868649318514,0.037149938042131375,0.0013382899628253295
1992-03-30,SP500,Strong Buy,1.0,403.0,False,True,0.007642679900744377,0.032977667493796575,0.0020843672456575062
1992-03-31,SP500,Strong Buy,1.0,403.69,False,True,0.021551190269761423,0.031608412395650105,-0.0014119745349153885
1992-04-01,SP500,Strong Buy,1.0,404.23,False,True,0.029809761769289646,0.022041906835217496,-0.0019295945377632276
1992-04-02,SP500,Strong Buy,1.0,400.5,False,True,0.03880149812734088,0.023945068664169726,0.021073657927590507
1992-04-03,SP500,Strong Buy,1.0,401.55,False,True,0.021491719586601905,0.028041339808243033,0.01641140580251519
1992-04-06,SP500,Strong Buy,1.0,405.59,False,True,0.011514090584087418,0.026578564560270298,0.017973815922483347
1992-04-07,SP500,Strong Buy,1.0,398.06,False,True,0.02951816309099131,0.04353615032909607,0.03444204391297789
1992-04-08,SP500,Hold,0.16445507409492707,394.5,True,False,0.043346007604562795,0.045880861850443655,0.04902408111533581
1992-04-09,SP500,Strong Buy,1.0,400.64,False,True,0.020916533546325868,0.033396565495207656,0.021265974440894665
1992-04-10,SP500,Strong Buy,1.0,404.29,False,True,0.010289643572682895,0.017611120730168947,0.0148160973558583
1992-04-13,SP500,Strong Buy,1.0,406.08,False,True,0.007461583924349955,0.014997044917257762,0.020069936958234915
1992-04-14,SP500,Strong Buy,1.0,412.39,False,True,-0.0008972089526904255,0.010548267416765738,0.005407502606755785
1992-04-15,SP500,Strong Buy,1.0,416.28,False,True,-0.003194964927452638,-0.0022340732199479917,-0.0033871432689535127
1992-04-16,SP500,Strong Buy,1.0,416.04,False,True,-0.008436688779925122,0.003028554946639724,0.003941928660705668
1992-04-20,SP500,Strong Buy,1.0,410.18,False,True,0.016407430884002188,0.008094007508898516,0.0168706421571018
1992-04-21,SP500,Strong Buy,1.0,410.26,False,True,0.01603860966216542,0.010554282650026774,0.01774484473260866
1992-04-22,SP500,Strong Buy,1.0,409.81,False,True,0.017032283253214948,0.008418535418852612,0.014177301676386624
1992-04-23,SP500,Strong Buy,1.0,411.6,False,True,0.01032555879494655,0.004567541302235169,0.005223517978619964
1992-04-24,SP500,Strong Buy,1.0,409.02,False,True,0.017187423597868148,0.010610728081756471,0.011588675370397558
1992-04-27,SP500,Strong Buy,1.0,408.45,False,True,0.02458073203574494,0.003941730934018885,0.006071734606439021
1992-04-28,SP500,Strong Buy,1.0,409.11,False,True,0.01755029209747991,-0.00454645449879009,0.007259661215809857
1992-04-29,SP500,Strong Buy,1.0,412.02,False,True,0.010751905247318108,-0.007208387942332825,-0.0010193679918449568
1992-04-30,SP500,Strong Buy,1.0,414.95,False,True,-0.004361971321846011,-0.012507531027834674,-0.008217857573201514
1992-05-01,SP500,Strong Buy,1.0,412.53,False,True,-0.005914721353598521,-0.005429908127893614,0.012096089981334714
1992-05-04,SP500,Strong Buy,1.0,416.91,False,True,-0.00983425679403234,-0.02060396728310674,0.012760547840061387
1992-05-05,SP500,Strong Buy,1.0,416.84,False,True,-0.0011275309471259248,-0.03497744938105744,0.016984934267344882
1992-05-06,SP500,Strong Buy,1.0,416.79,False,True,-0.003359005734302728,-0.037980757695722164,0.017802730391803925
1992-05-07,SP500,Strong Buy,1.0,415.85,False,True,-0.007815318023325718,-0.029289407238186863,0.02221955031862439
1992-05-08,SP500,Strong Buy,1.0,416.05,False,True,-0.004879221247446291,-0.030404999399110764,0.019973560870087736
1992-05-11,SP500,Strong Buy,1.0,418.49,False,True,-0.01691796697651075,-0.034528901526918176,0.008841310425577644
1992-05-12,SP500,Strong Buy,1.0,416.29,False,True,-0.00989694683994332,-0.029907035960508407,0.010329337721299946
1992-05-13,SP500,Strong Buy,1.0,416.45,False,True,0.0006963621082963633,-0.032008644495137434,0.005835034217793269
1992-05-14,SP500,Strong Buy,1.0,413.14,False,True,0.0053492762743864945,-0.0234545190492327,0.015200658372464612
1992-05-15,SP500,Strong Buy,1.0,410.09,False,True,0.017581506498573575,-0.002804262478967976,0.021483089078007275
1992-05-18,SP500,Strong Buy,0.9999999999999999,412.81,False,True,0.0016714711368426098,-0.011312710447905855,0.012039437029141665
1992-05-19,SP500,Strong Buy,0.9999999999999999,416.37,False,True,-0.004275043831207891,-0.008381967961188388,0.00326632562384421
1992-05-20,SP500,Strong Buy,0.9999999999999999,415.39,False,True,-0.005127711307446004,-0.008714701846457557,0.010881340427068632
1992-05-21,SP500,Strong Buy,0.9999999999999999,412.6,False,True,0.0021328162869607256,0.0030053320407172858,0.019728550654386782
1992-05-22,SP500,Strong Buy,0.9999999999999999,414.02,False,True,-0.0015941258876382015,-0.011738563354427219,0.01768030529926089
1992-05-26,SP500,Strong Buy,0.9999999999999999,411.41,False,True,-0.0032813981186651337,-0.002746651758586452,0.016479910551517884
1992-05-27,SP500,Strong Buy,0.9999999999999999,412.17,False,True,-0.011936822185020781,0.004997937744134707,0.014775456729019518
1992-05-28,SP500,Strong Buy,0.9999999999999999,416.74,False,True,-0.01845275231559245,-0.005087104669578165,-0.004535201804482378
1992-05-29,SP500,Strong Buy,0.9999999999999999,415.35,False,True,-0.013458528951486774,-0.0011556518598772557,-0.011147225231732262
1992-06-01,SP500,Strong Buy,0.9999999999999999,417.3,False,True,-0.016798466331176588,0.000910615863886881,-0.013635274382937929
1992-06-02,SP500,Strong Buy,1.0,413.5,False,True,-0.012527206771463135,0.008706166868198362,2.4183796856084415e-05
1992-06-03,SP500,Strong Buy,1.0,414.59,False,True,-0.029740225282809486,0.007115463469934262,-0.0025567428061458366
1992-06-04,SP500,Strong Buy,1.0,413.26,False,True,-0.02976334510961625,0.005710690606397942,0.0038232589653002568
1992-06-05,SP500,Strong Buy,1.0,413.48,False,True,-0.023725452258875887,0.0006529940988680995,0.0013301731643609231
1992-06-08,SP500,Strong Buy,1.0,413.36,False,True,-0.02409521966324762,0.0009676795045480386,0.006556028643313285
1992-06-09,SP500,Strong Buy,1.0,410.06,False,True,-0.014680778422669809,0.002121640735502133,0.01931424669560556
1992-06-10,SP500,Strong Buy,1.0,407.25,False,True,-0.008373235113566666,0.011860036832412484,0.026347452424800535
1992-06-11,SP500,Strong Buy,1.0,409.05,False,True,-0.01449700525608118,0.006233956729006261,0.01963085197408623
1992-06-12,SP500,Strong Buy,1.0,409.76,False,True,-0.015399258102303793,0.00434400624755962,0.011421319796954332
1992-06-15,SP500,Strong Buy,1.0,410.29,False,True,-0.0032903556021351304,0.017621682224767753,0.01479441370737769
1992-06-16,SP500,Strong Buy,1.0,408.32,False,True,-0.0004408307210031515,0.034066418495297866,0.028482562695924755
1992-06-17,SP500,Mild Buy,0.6431907297012849,402.26,False,True,0.02640083528066426,0.05384577139163731,0.043056729478446756
1992-06-18,SP500,Hold,-0.11527106381600824,400.96,False,False,0.026960295291300885,0.05798583399840383,0.06062948922585795
1992-06-19,SP500,Strong Buy,1.0,403.67,False,True,0.025193846458740947,0.053063145638764235,0.03988406371541102
1992-06-22,SP500,Strong Buy,1.0,403.4,False,True,0.014278631631135469,0.05195835399107595,0.04095190877540912
1992-06-23,SP500,Strong Buy,1.0,404.04,False,True,0.015444015444015325,0.04492129492129486,0.03932778932778929
1992-06-24,SP500,Strong Buy,1.0,403.84,False,True,0.025728011093502486,0.041476822503961966,0.04727119651347076
1992-06-25,SP500,Strong Buy,0.8696792851453001,403.12,False,True,0.028527485612224648,0.03909505854336175,0.04718198055169672
1992-06-26,SP500,Strong Buy,0.9965151594491212,403.45,False,True,0.028305861940760978,0.03958359152311322,0.03393233362250588
1992-06-29,SP500,Strong Buy,1.0,408.94,False,True,0.021372328458942654,0.024355651195774392,0.02078544529759867
1992-06-30,SP500,Strong Buy,1.0,408.14,False,True,0.021953251335326204,0.023619346302739222,0.025309942666732105
1992-07-01,SP500,Strong Buy,1.0,412.88,False,True,0.011286572369695855,0.011746754504940959,0.0035603565200543193
1992-07-02,SP500,Strong Buy,1.0,411.77,False,True,0.009349879787259935,0.019768317264492418,0.01177841999174302
1992-07-06,SP500,Strong Buy,0.9999999999999999,413.84,False,True,-0.00021747535279328966,0.01667311038082359,0.0071525227140924914
1992-07-07,SP500,Strong Buy,1.0,409.16,False,True,0.011242545703392231,0.02976830579724301,0.021116433668980316
1992-07-08,SP500,Strong Buy,0.9999999999999999,410.28,False,True,0.0015842839036756219,0.019279516427805465,0.01464853270936933
1992-07-09,SP500,Strong Buy,1.0,414.23,False,True,-0.005190353185428468,0.009728894575477326,-0.009077082780097992
1992-07-10,SP500,Strong Buy,1.0,414.62,False,True,-0.007283777917128894,0.000554724808258208,-0.01700352129660897
1992-07-13,SP500,Strong Buy,1.0,414.87,False,True,-0.008026610745534707,-0.010003133511702405,-0.01853592691686552
1992-07-14,SP500,Strong Buy,1.0,417.68,False,True,-0.0003830683777054803,-0.01453265657919937,-0.03215380195364874
1992-07-15,SP500,Strong Buy,1.0,417.1,False,True,0.01229920882282425,-0.008607048669383917,-0.02241668664588833
1992-07-16,SP500,Strong Buy,1.0,417.54,False,True,0.015279973176222626,-0.009603870287876725,-0.03563730421037504
1992-07-17,SP500,Strong Buy,1.0,415.62,False,True,0.020667917809537497,-0.001876714306337591,-0.019681439776719135
1992-07-20,SP500,Strong Buy,1.0,413.75,False,True,0.0274078549848942,0.00067673716012078,-0.010755287009063417
1992-07-21,SP500,Strong Buy,1.0,413.76,False,True,0.02561871616395984,0.005582946635730864,-0.010610015467904067
1992-07-22,SP500,Strong Buy,1.0,410.93,False,True,0.027401260555325702,0.017156206653201302,-0.0032365609714549537
1992-07-23,SP500,Strong Buy,1.0,412.08,False,True,0.02065132983886622,0.01431760823141146,-0.0008493496408463548
1992-07-24,SP500,Strong Buy,1.0,411.6,False,True,0.017687074829931905,0.013313896987366281,0.008211856171039833
1992-07-27,SP500,Strong Buy,1.0,411.54,False,True,0.019147591971618784,0.007046702629148994,0.009573795985809392
1992-07-28,SP500,Strong Buy,1.0,417.52,False,True,0.00330523088714312,-0.0027783100210767584,-0.004430925464648319
1992-07-29,SP500,Strong Buy,1.0,422.23,False,True,-0.010539279539587536,-0.005399900528148235,-0.017360206522511523
1992-07-30,SP500,Strong Buy,1.0,423.92,False,True,-0.014601811662577839,-0.010237780713342215,-0.02316474806567275
1992-07-31,SP500,Strong Buy,1.0,424.21,False,True,-0.010136489003087987,0.002498762405412419,-0.014261804295042443
1992-08-03,SP500,Strong Buy,1.0,425.09,False,True,-0.010233127102495862,-0.012514996824201919,-0.015526123879648936
1992-08-04,SP500,Strong Buy,1.0,424.36,False,True,-0.0071165991139599365,-0.010462814591384668,-0.009967951739089495
1992-08-05,SP500,Strong Buy,1.0,422.19,False,True,-0.00947440725739596,-0.005353040100428696,-0.003150240413084119
1992-08-06,SP500,Strong Buy,1.0,420.59,False,True,-0.005539836895789211,0.005563613019805587,-0.004541239687106132
1992-08-07,SP500,Strong Buy,1.0,418.88,False,True,-0.009620893812070217,0.0077826585179526135,0.00923892284186403
1992-08-10,SP500,Strong Buy,1.0,419.42,False,True,-0.020742930713842898,-0.0054360783939726995,0.001192122454818559
1992-08-11,SP500,Strong Buy,0.9999999999999999,418.9,False,True,-0.017402721413225027,-0.0034853186918118394,-0.004273096204344626
1992-08-12,SP500,Strong Buy,0.9999999999999999,417.78,False,True,-0.010220690315477003,0.0016515869596439624,0.001340418402029782
1992-08-13,SP500,Strong Buy,0.9999999999999999,417.73,False,True,-0.010054341320949046,-0.008091350872573183,-0.00035908361860540085
1992-08-14,SP500,Strong Buy,0.9999999999999999,419.91,False,True,-0.012074015860541663,-0.007835012264532924,-0.0031435307565908168
1992-08-17,SP500,Strong Buy,1.0,420.74,False,True,-0.01594809145790758,-0.00936445310643152,-0.005038741265389562
1992-08-18,SP500,Strong Buy,1.0,421.34,False,True,-0.012507713485546072,-0.008401765794844933,0.0020411069445104043
1992-08-19,SP500,Strong Buy,1.0,418.19,False,True,-0.0005021640880938797,-0.004543389368468823,0.011191085391807567
1992-08-20,SP500,Strong Buy,1.0,418.26,False,True,-0.0006694400612058832,-0.018624778845693978,0.009969875197245771
1992-08-21,SP500,Strong Buy,1.0,414.85,False,True,0.005375436904905294,-0.017548511510184474,0.014053272267084449
1992-08-24,SP500,Strong Buy,1.0,410.72,False,True,0.009057265290221977,-0.00861901051811458,0.020817101675107016
1992-08-25,SP500,Strong Buy,1.0,411.61,False,True,0.011540050047374942,-0.017881003862879944,0.027307402638419884
1992-08-26,SP500,Strong Buy,1.0,413.51,False,True,0.0155739885371575,-0.013929530120190542,0.02442504413436198
1992-08-27,SP500,Strong Buy,1.0,413.53,False,True,0.014630135661257978,-0.02628588010543358,0.03172683964887676
1992-08-28,SP500,Strong Buy,1.0,414.84,False,True,0.02514222350785847,-0.017838202680551484,0.024780638318387886
1992-08-31,SP500,Strong Buy,1.0,414.03,False,True,0.013863729681424075,-0.011424292925633316,0.03275124990942686
1992-09-01,SP500,Strong Buy,1.0,416.07,False,True,0.009253250654937926,-0.016103059581320425,0.03153315547864543
1992-09-02,SP500,Strong Buy,1.0,417.98,False,True,0.004665294990190891,-0.020048806162974293,0.029140150246423288
1992-09-03,SP500,Strong Buy,1.0,417.98,False,True,0.011842671898176919,-0.014952868558304225,0.03198717641992441
1992-09-04,SP500,Strong Buy,1.0,417.08,False,True,0.0121319650906301,-0.005035005274767349,0.03284741536395892
1992-09-08,SP500,Strong Buy,1.0,414.44,False,True,0.0065148151722806405,0.0025094102885822324,0.03727922015249491
1992-09-09,SP500,Strong Buy,1.0,416.36,False,True,0.0025939091171101546,-0.0016572197137092845,0.03254395234892884
1992-09-10,SP500,Strong Buy,1.0,419.95,False,True,-0.003524229074889776,-0.012025241100130995,0.028836766281700236
1992-09-11,SP500,Strong Buy,1.0,419.58,False,True,-0.01246484579817904,-0.013060679727346302,0.0374898708232042
1992-09-14,SP500,Strong Buy,1.0,425.27,False,True,-0.020340019281867936,-0.016718790415500638,0.027558962541444323
1992-09-15,SP500,Strong Buy,1.0,419.77,False,True,-0.007075303142196847,-0.00304928889630029,0.03783024036972627
1992-09-16,SP500,Strong Buy,1.0,419.92,False,True,-0.0050485806820346835,0.0005000952562392349,0.03505429605639162
1992-09-17,SP500,Strong Buy,1.0,419.93,False,True,-0.008668111351891949,0.0022146548234229678,0.03286261996046963
1992-09-18,SP500,Strong Buy,1.0,422.93,False,True,-0.029461140141394507,-0.010048944269737308,0.023431773579552097
1992-09-21,SP500,Strong Buy,1.0,422.14,False,True,-0.03451461600416922,0.0014450182403942145,0.02470744302837923
1992-09-22,SP500,Strong Buy,1.0,417.14,False,True,-0.023876875869012753,0.0066644292084193065,0.03447283885506064
1992-09-23,SP500,Strong Buy,1.0,417.44,False,True,-0.031597355308547334,-0.0007905327711766579,0.04309601379839021
1992-09-24,SP500,Strong Buy,1.0,418.47,False,True,-0.02561712906540499,-0.0003106554830694011,0.05450808899084748
1992-09-25,SP500,Strong Buy,1.0,414.35,False,True,-0.02821286352117774,0.007795342102087513,0.06359358030650408
1992-09-28,SP500,Strong Buy,1.0,416.62,False,True,-0.02203446786040038,0.0047285295953146044,0.05686236858528155
1992-09-29,SP500,Strong Buy,1.0,416.8,False,True,-0.017994241842610365,0.004366602687140099,0.053334932821497025
1992-09-30,SP500,Strong Buy,1.0,417.8,False,True,-0.020177118238391592,0.01053135471517467,0.05258496888463372
1992-10-01,SP500,Strong Buy,1.0,416.29,False,True,-0.016070527757092404,0.015806288885152137,0.054913641932306696
1992-10-02,SP500,Mild Sell,-0.6045668572526495,410.47,False,False,0.003069651862499064,0.02913733037737223,0.06702073233123003
1992-10-05,SP500,Mild Sell,-0.65,407.57,True,False,0.01818092597590604,0.03216625364967984,0.07667394557990038
1992-10-06,SP500,Mild Sell,-0.65,407.18,True,False,0.020384105309691074,0.029692028095682436,0.07006729210668494
1992-10-07,SP500,Mild Sell,-0.65,404.25,True,False,0.028249845392702574,0.046011131725417494,0.07700680272108842
1992-10-08,SP500,Mild Sell,-0.65,407.75,True,False,0.017535254445125634,0.03889638258736974,0.06521152667075408
1992-10-09,SP500,Mild Sell,-0.65,402.66,True,False,0.02841106640838424,0.05957880097352593,0.07912382655341965
1992-10-12,SP500,Strong Sell,-0.75,407.44,True,False,0.026310622422933506,0.04339289220498725,0.05716179069310824
1992-10-13,SP500,Strong Sell,-1.0,409.3,False,False,0.022452968482775466,0.04468604935255305,0.04825311507451747
1992-10-14,SP500,Strong Sell,-1.0,409.37,False,False,0.026284290495151064,0.04841585851430245,0.05271514766592565
1992-10-15,SP500,Strong Sell,-1.0,409.6,False,False,0.027490234374999978,0.050195312500000006,0.052343749999999994
1992-10-16,SP500,Hold,0.15505439491673556,411.73,False,False,0.016879994170937235,0.04765258786097686,0.05173293177567812
1992-10-19,SP500,Strong Buy,1.0,414.98,False,True,0.018723793917779126,0.038074124054171175,0.050508458238951226
1992-10-20,SP500,Strong Buy,1.0,415.48,False,True,0.010686434966785398,0.034682776547607506,0.052156541831134974
1992-10-21,SP500,Strong Buy,1.0,415.67,False,True,0.0034642865734837674,0.03425794500445067,0.050929824139341204
1992-10-22,SP500,Strong Buy,1.0,414.9,False,True,0.008291154495059046,0.04135936370209695,0.048758737045071145
1992-10-23,SP500,Strong Buy,0.9209505172338774,414.1,False,True,0.008403767205988798,0.0512195121951219,0.046534653465346486
1992-10-26,SP500,Strong Buy,1.0,418.16,False,True,0.001028314520757485,0.04503061029271088,0.041443466615649474
1992-10-27,SP500,Strong Buy,1.0,418.49,False,True,0.0003106406365743398,0.04100456402781421,0.04210375397261584
1992-10-28,SP500,Strong Buy,1.0,420.13,False,True,0.004927046390402954,0.034536929045771526,0.04731868707304881
1992-10-29,SP500,Strong Buy,1.0,420.86,False,True,0.004775934990258021,0.030580240460010465,0.045359501972152196
1992-10-30,SP500,Strong Buy,1.0,418.68,False,True,0.008956721123531098,0.03382057896245335,0.046407757714722477
1992-11-02,SP500,Strong Buy,1.0,422.75,False,True,-0.004896510940272012,0.023228858663512698,0.03763453577764642
1992-11-03,SP500,Strong Buy,1.0,419.92,False,True,-0.0015479138883597687,0.027624309392265112,0.044913316822251755
1992-11-04,SP500,Strong Buy,1.0,417.11,False,True,0.013761357915178272,0.04392126777109154,0.06091918199036218
1992-11-05,SP500,Strong Buy,1.0,418.34,False,True,0.012597408806234257,0.05483577950948989,0.0578715877037817
1992-11-06,SP500,Strong Buy,1.0,417.58,False,True,0.021720388907514713,0.055366636333157734,0.07093251592509221
1992-11-09,SP500,Strong Buy,1.0,418.59,False,True,0.01559999044411006,0.05188848276356346,0.07398647841563351
1992-11-10,SP500,Strong Buy,1.0,418.62,False,True,0.021427547656585853,0.048755434522956304,0.07240456738808466
1992-11-11,SP500,Strong Buy,1.0,422.2,False,True,0.016556134533396518,0.041615348176219785,0.060753197536712544
1992-11-12,SP500,Strong Buy,1.0,422.87,False,True,0.01723934069572214,0.03849882942748356,0.053113249934968146
1992-11-13,SP500,Strong Buy,1.0,422.43,False,True,0.021115924531875142,0.036810832563975125,0.056340695499846154
1992-11-16,SP500,Strong Buy,1.0,420.68,False,True,0.02400874774175137,0.043120661785680296,0.0641342588190549
1992-11-17,SP500,Strong Buy,1.0,419.27,False,True,0.02532973978581822,0.03921100961194457,0.0603668280582918
1992-11-18,SP500,Strong Buy,1.0,422.85,False,True,0.01669622797682394,0.029632257301643542,0.02615584722714911
1992-11-19,SP500,Strong Buy,1.0,423.61,False,True,0.019947593305162742,0.025329902504662216,0.022874814097873036
1992-11-20,SP500,Strong Buy,1.0,426.65,False,True,0.02029766787765153,0.018446033048165954,0.012305168170631667
1992-11-23,SP500,Strong Buy,1.0,425.12,False,True,0.0279215280391419,0.013196273993225474,0.021405720737674123
1992-11-24,SP500,Strong Buy,1.0,427.59,False,True,0.01884983278374144,0.003414485839238608,0.017890970322037545
1992-11-25,SP500,Strong Buy,1.0,429.19,False,True,0.012698338731098088,0.004100747920501389,0.013071133996598275
1992-11-27,SP500,Strong Buy,1.0,430.16,False,True,0.008299237493025835,0.0020457504184489385,0.024897712479077502
1992-11-30,SP500,Strong Buy,1.0,431.35,False,True,0.003454271473281447,0.0038947490436998956,0.02547814999420413
1992-12-01,SP500,Strong Buy,1.0,430.78,False,True,0.004155253261525652,0.011978271971772193,0.029249268768280847
1992-12-02,SP500,Strong Buy,1.0,429.89,False,True,0.0037916676359068496,0.01688804112679986,0.028193258740608074
1992-12-03,SP500,Strong Buy,1.0,429.91,False,True,0.012839896722569797,0.016119652950617454,0.041845967760693985
1992-12-04,SP500,Strong Buy,1.0,432.06,False,True,0.021339628755265405,0.007105494607230462,0.039809285747349876
1992-12-07,SP500,Strong Buy,1.0,435.31,False,True,0.012381980657462467,-0.004456594151294475,0.027635478164985808
1992-12-08,SP500,Strong Buy,1.0,436.99,False,True,0.007597427858761054,-0.0034325728277534956,0.020870042792741263
1992-12-09,SP500,Strong Buy,1.0,435.65,False,True,0.007758521749110514,0.001055893492482581,0.0437507173189487
1992-12-10,SP500,Strong Buy,1.0,434.64,False,True,0.0118028713418001,0.012355052457205975,0.04546291183508189
1992-12-11,SP500,Strong Buy,1.0,433.73,False,True,0.012496253429552852,0.014340718880409402,0.052106148986696715
1992-12-14,SP500,Strong Buy,1.0,432.84,False,True,0.011875057758063126,0.012175399685796227,0.048239534238979885
1992-12-15,SP500,Strong Buy,1.0,432.57,False,True,0.014448528561851262,0.014078646230667943,0.039901056476408424
1992-12-16,SP500,Strong Buy,1.0,431.52,False,True,0.009709862810530214,0.01682424916573969,0.046139228772710476
1992-12-17,SP500,Strong Buy,1.0,435.43,False,True,-0.00011482901958985684,0.016282754977837943,0.03660749144523803
1992-12-18,SP500,Strong Buy,1.0,441.28,False,True,-0.01572697606961566,0.0028779912980421473,0.015930928208847058
1992-12-21,SP500,Strong Buy,1.0,440.7,False,True,-0.01402314499659634,0.014749262536873156,0.025391422736555477
1992-12-22,SP500,Strong Buy,1.0,440.31,False,True,-0.021757398196724998,0.02100792623378983,0.02241602507324386
1992-12-23,SP500,Strong Buy,0.9999999999999999,439.03,False,True,-0.022731931758649664,0.022549711864792918,0.02243582443113232
1992-12-24,SP500,Strong Buy,0.9999999999999999,439.77,False,True,-0.02005593833140049,0.018373240557564275,0.02044250403620076
1992-12-28,SP500,Strong Buy,0.9999999999999999,439.15,False,True,-0.018467494022543454,0.014072640327906198,0.02031196629853129
1992-12-29,SP500,Strong Buy,0.9999999999999999,437.98,False,True,-0.011301885930864527,0.018836476551440703,0.029453399698616323
1992-12-30,SP500,Strong Buy,0.9999999999999999,438.82,False,True,-0.00656305546693404,0.020144934141561533,0.020418394786017
1992-12-31,SP500,Strong Buy,0.9999999999999999,435.71,False,True,0.0033049505404971146,0.020357577287645465,0.03456427440269905
1993-01-04,SP500,Strong Buy,0.9999999999999999,435.38,False,True,0.003353392438789057,-0.0033763608801506053,0.03810464421884338
1993-01-05,SP500,Strong Buy,0.9999999999999999,434.34,False,True,0.0018188515909196034,-0.002394437537413003,0.039899617810931626
1993-01-06,SP500,Strong Buy,1.0,434.52,False,True,-0.0026465985455214427,-0.006029641903709851,0.03631593482463415
1993-01-07,SP500,Strong Buy,1.0,430.73,False,True,0.011051006430942796,0.008102523622687086,0.024748682469296235
1993-01-08,SP500,Strong Buy,1.0,429.05,False,True,0.016454958629530364,0.014427222934389925,0.030858874257079616
1993-01-11,SP500,Strong Buy,1.0,430.95,False,True,0.02102332057083189,0.008933751015199031,0.02369184360134595
1993-01-12,SP500,Strong Buy,1.0,431.04,False,True,0.02067093541202665,0.022805308092056383,0.027120452858203407
1993-01-13,SP500,Strong Buy,0.9999999999999999,433.03,False,True,0.011731288825254697,0.021499665150220545,0.020345010738286037
1993-01-14,SP500,Strong Buy,0.9999999999999999,435.94,False,True,0.006239390741845271,0.01706656879387071,0.02851309813277058
1993-01-15,SP500,Strong Buy,1.0,437.15,False,True,0.0037286972435090827,0.011117465400892174,0.027610659956536773
1993-01-18,SP500,Strong Buy,0.9999999999999999,436.84,False,True,0.013002472301071346,0.025318194304550873,0.027057961725116864
1993-01-19,SP500,Strong Buy,1.0,435.13,False,True,0.017052375152253385,0.03247305402983015,0.030496633190081085
1993-01-20,SP500,Strong Buy,1.0,433.37,False,True,0.03191268431132747,0.03223573389943921,0.035927729192145264
1993-01-21,SP500,Strong Buy,1.0,435.49,False,True,0.03230843417759304,0.024386323451744022,0.027486279822728353
1993-01-22,SP500,Strong Buy,1.0,436.11,False,True,0.02939625323886174,0.042649790190548174,0.02061406525876501
1993-01-25,SP500,Strong Buy,1.0,440.01,False,True,0.017817776868707603,0.03270380218631392,0.00822708574805119
1993-01-26,SP500,Strong Buy,1.0,439.95,False,True,0.012228662347994081,0.03723150357995226,-0.0011137629276054303
1993-01-27,SP500,Strong Buy,1.0,438.11,False,True,0.018534158088151387,0.035630321152222075,-0.0024651343269955967
1993-01-28,SP500,Strong Buy,1.0,438.66,False,True,0.02051702913418137,0.025463912825422784,-0.011671909907445412
1993-01-29,SP500,Strong Buy,1.0,438.78,False,True,0.013218469392406245,0.02882993755412743,-0.0017548657641642323
1993-02-01,SP500,Strong Buy,1.0,442.52,False,True,-0.019456747717617184,0.01999909608605266,-0.010169031908162344
1993-02-02,SP500,Strong Buy,1.0,442.55,False,True,-0.020901593040334426,0.013015478477008227,-0.00827025194893238
1993-02-03,SP500,Strong Buy,1.0,447.2,False,True,-0.034212880143112724,0.010487477638640424,-0.01567531305903397
1993-02-04,SP500,Strong Buy,1.0,449.56,False,True,-0.03412225286947232,0.0013791262567844215,-0.015793220037369923
1993-02-05,SP500,Strong Buy,1.0,448.93,False,True,-0.030494731918116403,-0.00011137593834230586,-0.01087029158220657
1993-02-08,SP500,Strong Buy,1.0,447.85,False,True,-0.029139220721223647,0.002031930333817055,-0.00743552528748474
1993-02-09,SP500,Strong Buy,1.0,445.33,False,True,-0.010015045022792041,0.006152740664226549,-0.004648238385017837
1993-02-10,SP500,Strong Buy,1.0,446.23,False,True,-0.008717477534007223,0.010420635098491757,-0.008784707437868399
1993-02-11,SP500,Strong Buy,1.0,447.66,False,True,-0.00956082741366222,0.00026806058169134546,-0.010856453558504252
1993-02-12,SP500,Strong Buy,1.0,444.58,False,True,-0.005780736875253033,0.013923253407710643,-0.0004948490710332684
1993-02-16,SP500,Strong Buy,1.0,433.91,False,True,0.03224170911018403,0.0416215344195801,0.0250973704224378
1993-02-17,SP500,Strong Buy,1.0,433.3,False,True,0.03683360258481417,0.042395568889914616,0.013685668128317579
1993-02-18,SP500,Strong Buy,1.0,431.9,False,True,0.03574901597592035,0.042602454271822264,0.017735586941421685
1993-02-19,SP500,Strong Buy,1.0,434.22,False,True,0.02738243286813133,0.016512367002901658,0.014163327345585133
1993-02-22,SP500,Strong Buy,1.0,435.24,False,True,0.04473393989523015,0.016197959746346868,0.011671721349140667
1993-02-23,SP500,Strong Buy,1.0,434.8,False,True,0.04507819687212503,0.014627414903403895,0.02936982520699168
1993-02-24,SP500,Strong Buy,1.0,440.87,False,True,0.035067026561117744,0.004218930750561421,0.022047315535191712
1993-02-25,SP500,Strong Buy,1.0,442.34,False,True,0.025726816476014047,-0.0011303522177510514,0.007912465524257358
1993-02-26,SP500,Strong Buy,1.0,443.38,False,True,0.014547340881410954,0.011254454418331925,0.010419955794126945
1993-03-01,SP500,Strong Buy,1.0,442.01,False,True,0.0213117350286193,0.016311848148232024,0.015474763014411511
1993-03-02,SP500,Strong Buy,1.0,447.9,False,True,0.007747265014512229,0.0016968073230632904,0.012368832328644833
1993-03-03,SP500,Strong Buy,1.0,449.26,False,True,-0.0021145884343141803,-0.0019142590036949955,0.007011530071673495
1993-03-04,SP500,Strong Buy,1.0,447.34,False,True,0.010171234407832994,0.0035766978137435125,0.006370992980730592
1993-03-05,SP500,Strong Buy,1.0,446.11,False,True,0.009123310394297354,0.0030261594673958573,0.017305148954293716
1993-03-08,SP500,Strong Buy,1.0,454.71,False,True,-0.012821358668162091,-0.021134349365529582,-0.001891315343845433
1993-03-09,SP500,Strong Buy,1.0,454.4,False,True,-0.012411971830985887,-0.023701584507042215,-0.004203345070422465
1993-03-10,SP500,Strong Buy,1.0,456.33,False,True,-0.018100935726338377,-0.036968860254640294,-0.013740056538031648
1993-03-11,SP500,Strong Buy,1.0,453.72,False,True,-0.006259367010491122,-0.03678480119897746,-0.013290134884951135
1993-03-12,SP500,Strong Buy,0.9999999999999999,449.83,False,True,-0.004557277193606499,-0.036213680723828925,-0.011382077673787886
1993-03-15,SP500,Strong Buy,0.9999999999999999,451.43,False,True,-0.001462020689807999,-0.02972775402609489,-0.012515783177901411
1993-03-16,SP500,Strong Buy,1.0,451.37,False,True,0.0013292863947538,-0.02957662228327098,-0.013270709174291621
1993-03-17,SP500,Strong Buy,1.0,448.31,False,True,0.0074948138564832675,-0.021012245990497683,-0.002342129330151037
1993-03-18,SP500,Strong Buy,1.0,451.89,False,True,-0.0035185554006505458,-0.02589125672176855,-0.009250038726238701
1993-03-19,SP500,Strong Buy,0.9999999999999999,450.18,False,True,-0.019525523124083746,-0.017148696077124766,-0.008685414722999744
1993-03-22,SP500,Strong Buy,0.9999999999999999,448.88,False,True,-0.014680983781857011,-0.010760114061664551,-0.003230261985385824
1993-03-23,SP500,Strong Buy,0.9999999999999999,448.76,False,True,-0.016935555753632155,-0.009448257420447475,-0.000490239771815604
1993-03-24,SP500,Strong Buy,0.9999999999999999,448.07,False,True,-0.011917780703907815,-0.010734929810074324,-0.009797576271564681
1993-03-25,SP500,Strong Buy,0.9999999999999999,450.88,False,True,-0.02004968062455647,-0.019007274662881463,-0.010335344215755785
1993-03-26,SP500,Strong Buy,0.9999999999999999,447.78,False,True,0.0013176113269910042,-0.011121532895618298,-0.0041314931439545444
1993-03-29,SP500,Strong Buy,0.9999999999999999,450.77,False,True,-0.0034385606850499246,-0.0142201122523681,-0.0168156709630188
1993-03-30,SP500,Strong Buy,0.9999999999999999,451.97,False,True,-0.007323494922229356,-0.01586388477111316,-0.011837068832002173
1993-03-31,SP500,Strong Buy,0.9999999999999999,451.67,False,True,-0.007239798968273382,-0.027542232160648255,-0.00901100360882944
1993-04-01,SP500,Strong Buy,0.9999999999999999,450.3,False,True,-0.0030202087497224377,-0.02385076615589609,0.0034421496779924745
1993-04-02,SP500,Strong Buy,1.0,441.39,False,True,0.013752010693491003,-0.0023108815333378234,0.021069802215727615
1993-04-05,SP500,Strong Buy,1.0,442.29,False,True,0.006353297610165281,-0.004454091207126608,0.018630310429808387
1993-04-06,SP500,Strong Buy,1.0,441.16,False,True,0.0055988756913590764,0.014529875782029123,0.01781666515549904
1993-04-07,SP500,Strong Buy,1.0,442.73,False,True,-0.007385991462065002,0.01775348406477979,0.007024597384410265
1993-04-08,SP500,Strong Buy,1.0,441.84,False,True,-0.010886293680970494,0.009053050878145936,-0.0009279377150098864
1993-04-12,SP500,Strong Buy,1.0,448.37,False,True,-0.03307536186631573,-0.000825211321007214,-0.012355866806432234
1993-04-13,SP500,Strong Buy,1.0,449.22,False,True,-0.024954365344374774,-0.0008236498820177297,-0.0012911268420819218
1993-04-14,SP500,Strong Buy,1.0,448.66,False,True,-0.023715062630945576,0.0106539473097668,-0.001225872598404162
1993-04-15,SP500,Strong Buy,0.9999999999999999,448.4,False,True,-0.021208742194469204,0.008942908117752115,0.0012934879571811797
1993-04-16,SP500,Strong Buy,1.0,448.94,False,True,-0.01949035505858244,0.0027843364369403486,-0.0018933487771194875
1993-04-19,SP500,Strong Buy,1.0,447.46,False,True,-0.011174183167210477,0.01423590935502616,0.0058552719796183
1993-04-20,SP500,Strong Buy,1.0,445.1,False,True,-0.0023590204448438808,0.019658503707032128,0.00925634688833971
1993-04-21,SP500,Strong Buy,1.0,443.63,False,True,0.0020061763181028927,0.019971597953249362,0.004778757072335064
1993-04-22,SP500,Strong Buy,1.0,439.46,False,True,0.008646975833978091,0.02412051153688623,0.014950166112956796
1993-04-23,SP500,Strong Buy,1.0,437.03,False,True,0.01208155046564316,0.024391918174953724,0.023522412649017298
1993-04-26,SP500,Strong Buy,1.0,433.54,False,True,0.021359044148175462,0.025764635327766662,0.03146191816210727
1993-04-27,SP500,Strong Buy,1.0,438.01,False,True,0.014497385904431458,0.017739321020067995,0.014839843839181754
1993-04-28,SP500,Strong Buy,1.0,438.02,False,True,0.015478745262773458,0.016802885712981174,0.020729647048080092
1993-04-29,SP500,Strong Buy,1.0,438.89,False,True,0.0007746815830846724,0.019070837795347365,0.02324044749253797
1993-04-30,SP500,Strong Buy,1.0,440.19,False,True,-0.0014312001635657227,0.017083532111133788,0.01828755764556217
1993-05-03,SP500,Strong Buy,0.9999999999999999,442.46,False,True,-0.0047235908330696,0.00861094788229445,0.01069023188536821
1993-05-04,SP500,Strong Buy,0.9999999999999999,444.05,False,True,-0.008399954960027064,0.00761175543294673,0.013939871636077013
1993-05-05,SP500,Strong Buy,1.0,444.52,False,True,0.006861333573292566,0.009043462611356157,0.008121119409700383
1993-05-06,SP500,Strong Buy,0.9999999999999999,443.26,False,True,0.016536569958940543,0.0009475251545368766,0.01554392455894957
1993-05-07,SP500,Strong Buy,0.9999999999999999,442.31,False,True,0.007980827926115106,0.00883995387850156,0.015735570075286517
1993-05-10,SP500,Strong Buy,1.0,442.8,False,True,0.011743450767840986,0.007068654019873522,0.012962962962962983
1993-05-11,SP500,Strong Buy,1.0,444.36,False,True,0.010104419839769577,-0.0026330002700513454,0.008484111981276401
1993-05-12,SP500,Strong Buy,1.0,444.8,False,True,0.019424460431654644,0.004091726618705021,0.008723021582733803
1993-05-13,SP500,Strong Buy,1.0,439.23,False,True,0.030007057805705454,0.019056075404685482,0.026159415340482228
1993-05-14,SP500,Strong Buy,1.0,439.56,False,True,0.02418327418327417,0.027959777959778005,0.022499772499772468
1993-05-17,SP500,Strong Buy,1.0,440.37,False,True,0.03056520653087172,0.023434838885482645,0.02291255080954646
1993-05-18,SP500,Strong Buy,1.0,440.32,False,True,0.030727652616279136,0.023187681686046464,0.019622093023255783
1993-05-19,SP500,Strong Buy,1.0,447.57,False,True,0.010992693880286918,0.003239716692360946,0.005742118551288052
1993-05-20,SP500,Strong Buy,1.0,450.59,False,True,-0.0011762356022103748,-0.010541734170753901,0.003972569298031516
1993-05-21,SP500,Strong Buy,1.0,445.84,False,True,0.0041494706621209914,-0.009891440875650387,0.01635115736587121
1993-05-24,SP500,Strong Buy,1.0,448.0,False,True,-0.0073437500000000456,-0.011540178571428607,0.017946428571428617
1993-05-25,SP500,Strong Buy,1.0,448.85,False,True,-0.0068397014592849505,-0.0004678623148045814,0.016887601648657644
1993-05-26,SP500,Strong Buy,1.0,453.44,False,True,-0.01777522935779817,-0.011754587155963267,0.005998588567395967
1993-05-27,SP500,Strong Buy,1.0,452.41,False,True,-0.011383479587100271,-0.00758161844344733,0.006233283968082034
1993-05-28,SP500,Strong Buy,1.0,450.19,False,True,-0.00550878517959088,-0.00466469712787939,0.02127990404051619
1993-06-01,SP500,Strong Buy,1.0,453.83,False,True,-0.016658220038340353,-0.008263005971398982,0.013881850031950315
1993-06-02,SP500,Strong Buy,1.0,453.85,False,True,-0.014145642833535343,-0.010201608460945236,0.015842238625096393
1993-06-03,SP500,Strong Buy,1.0,452.49,False,True,-0.00872947468452339,-0.01489535680346529,0.017790448407699642
1993-06-04,SP500,Strong Buy,1.0,450.06,False,True,-0.014175887659423177,-0.008954361640670198,0.026307603430653637
1993-06-07,SP500,Strong Buy,1.0,447.69,False,True,-0.0032835220800106557,-0.0008488016261252104,0.035448636333176985
1993-06-08,SP500,Strong Buy,1.0,444.71,False,True,0.002743360841897028,0.005554181376627527,0.04146522452834431
1993-06-09,SP500,Strong Buy,1.0,445.78,False,True,-0.005810040827313866,-0.0028489389384897972,0.03481537978374992
1993-06-10,SP500,Strong Buy,1.0,445.38,False,True,0.0027841393865912457,0.003861870762045955,0.035834568233867665
1993-06-11,SP500,Strong Buy,1.0,447.26,False,True,0.0007601842328847468,0.0040915798417027775,0.025175513124357177
1993-06-14,SP500,Strong Buy,1.0,447.71,False,True,0.009247057246878656,0.0011838020146970798,0.019968283040360944
1993-06-15,SP500,Strong Buy,1.0,446.27,False,True,0.009904318013758523,0.0020615322562574584,0.025164138301924887
1993-06-16,SP500,Strong Buy,1.0,447.43,False,True,0.006928458082828523,0.00628031200411238,0.031937956775361556
1993-06-17,SP500,Strong Buy,1.0,448.54,False,True,0.001070138672136178,-0.0009140767824497815,0.030142239265171403
1993-06-18,SP500,Strong Buy,1.0,443.68,False,True,0.004868373602596394,0.014582582041110643,0.0365578795528308
1993-06-21,SP500,Strong Buy,1.0,446.22,False,True,-0.010734615212227197,0.006835193402357479,0.03446730312401953
1993-06-22,SP500,Strong Buy,1.0,445.93,False,True,-0.0069517637297334175,0.005852936559549736,0.030273809790774337
1993-06-23,SP500,Strong Buy,1.0,443.19,False,True,0.012297208872041311,0.011146460885850307,0.035289604909858045
1993-06-24,SP500,Strong Buy,1.0,446.62,False,True,0.003336169450539629,0.004612422193363491,0.018875106354395252
1993-06-25,SP500,Strong Buy,1.0,447.6,False,True,0.0030831099195710353,0.006970509383378026,0.011952636282394919
1993-06-28,SP500,Strong Buy,1.0,451.85,False,True,-0.008321345579285266,-0.005311497178267199,0.009627088635609087
1993-06-29,SP500,Strong Buy,1.0,450.69,False,True,-0.0013534802192194495,-0.0005103286072467066,0.015642681222126097
1993-06-30,SP500,Strong Buy,1.0,450.53,False,True,-0.0029076865025635264,-0.0034847845870419137,0.015759216922291576
1993-07-01,SP500,Strong Buy,1.0,449.02,False,True,-0.007282526390806605,0.0024943209656585557,0.02846198387599668
1993-07-02,SP500,Strong Buy,1.0,445.84,False,True,0.0004261618517853888,0.014668939529876236,0.03519199712901489
1993-07-06,SP500,Strong Buy,1.0,441.43,False,True,0.01332034524160115,0.026504768592981873,0.04231701515529077
1993-07-07,SP500,Strong Buy,1.0,442.83,False,True,0.00982318271119848,0.029830860601133703,0.036357067046044814
1993-07-08,SP500,Strong Buy,0.9999999999999999,448.64,False,True,-0.009205599144079877,0.017363587731811743,0.02817403708987158
1993-07-09,SP500,Strong Buy,0.9999999999999999,448.11,False,True,-0.0022539108700988394,0.017964339113164203,0.029524000803374084
1993-07-12,SP500,Strong Buy,0.9999999999999999,448.98,False,True,0.00024499977727283353,0.013920441890507371,0.02721724798431995
1993-07-13,SP500,Strong Buy,0.9999999999999999,448.09,False,True,0.00033475417884807544,0.026066192059630896,0.028230935749514685
1993-07-14,SP500,Strong Buy,0.9999999999999999,450.08,False,True,-0.0064210806967649895,0.02232936366868115,0.020218627799502363
1993-07-15,SP500,Strong Buy,0.9999999999999999,449.22,False,True,0.0022706023774542133,0.02631227460932281,0.02468723565290943
1993-07-16,SP500,Strong Buy,1.0,445.75,False,True,0.005339315759955121,0.03318003365114979,0.03394279304542904
1993-07-19,SP500,Strong Buy,0.9999999999999999,446.03,False,True,0.009237046835414668,0.0355805663296191,0.0338318050355358
1993-07-20,SP500,Strong Buy,0.9999999999999999,447.31,False,True,0.004381748675415215,0.036328273456886724,0.03170061031499409
1993-07-21,SP500,Strong Buy,0.9999999999999999,447.18,False,True,0.003041280915962283,0.03571268840288021,0.04394203676371926
1993-07-22,SP500,Strong Buy,0.9999999999999999,444.51,False,True,0.008143798789678533,0.037771928640525566,0.05621920766686916
1993-07-23,SP500,Strong Buy,0.9999999999999999,447.1,False,True,0.00353388503690446,0.031849698054126484,0.04775218072019675
1993-07-26,SP500,Strong Buy,0.9999999999999999,449.09,False,True,0.0036295620031620663,0.020998018214611787,0.03812153465897705
1993-07-27,SP500,Strong Buy,1.0,448.24,False,True,0.002699446724968721,0.01876227021238615,0.03977779760842402
1993-07-28,SP500,Strong Buy,1.0,447.19,False,True,0.00731232809320419,0.023055077260224967,0.04063149891544984
1993-07-29,SP500,Strong Buy,1.0,450.24,False,True,-0.00284292821606261,0.025497512437810985,0.02894012082444912
1993-07-30,SP500,Strong Buy,1.0,448.13,False,True,0.004485305603284741,0.031084729877490922,0.035860129873027904
1993-08-02,SP500,Strong Buy,0.9999999999999999,450.15,False,True,0.004953904254137551,0.02165944685104965,0.03143396645562598
1993-08-03,SP500,Strong Buy,0.9999999999999999,449.27,False,True,0.00859171544950701,0.02744452111202627,0.03414427849622729
1993-08-04,SP500,Strong Buy,0.9999999999999999,448.54,False,True,0.01672091675212913,0.024278771124091464,0.04278325232978106
1993-08-05,SP500,Strong Buy,1.0,448.13,False,True,0.018521411197643566,0.023876999977685023,0.04396045790284067
1993-08-06,SP500,Strong Buy,0.9999999999999999,448.68,False,True,0.01667112418650267,0.014197200677543025,0.04551127752518502
1993-08-09,SP500,Strong Buy,0.9999999999999999,450.72,False,True,0.01000621228257009,0.004947639332623272,0.03931487397941065
1993-08-10,SP500,Strong Buy,0.9999999999999999,449.45,False,True,0.022961397263321824,0.015018355768161086,0.030192457447991976
1993-08-11,SP500,Strong Buy,0.9999999999999999,450.46,False,True,0.02146694490076814,0.016161257381343584,0.015606269147094148
1993-08-12,SP500,Strong Buy,1.0,448.96,False,True,0.026906628652886764,0.019311297220242375,0.02363239486813973
1993-08-13,SP500,Strong Buy,0.9999999999999999,450.14,False,True,0.023103923223885978,0.025903052383702906,0.022370817967743355
1993-08-16,SP500,Strong Buy,0.9999999999999999,452.38,False,True,0.02104425483001013,0.02022635837128073,0.017573721207834098
1993-08-17,SP500,Strong Buy,0.9999999999999999,453.13,False,True,0.023017677046322262,0.015403967956215696,0.023370776598327262
1993-08-18,SP500,Strong Buy,1.0,456.04,False,True,0.015590737654591607,0.0063371634067186785,0.014472414700464797
1993-08-19,SP500,Strong Buy,1.0,456.43,False,True,0.010669763161930645,0.010625944832723453,0.01963061148478404
1993-08-20,SP500,Strong Buy,1.0,456.16,False,True,0.011355664679059869,0.011355664679059869,0.01663889863205887
1993-08-23,SP500,Strong Buy,0.9999999999999999,455.23,False,True,0.007227115963359101,0.01311424993959091,0.025283922412846233
1993-08-24,SP500,Strong Buy,1.0,459.77,False,True,-0.006786001696500434,0.0021097505274376913,0.01096200274050073
1993-08-25,SP500,Strong Buy,1.0,460.13,False,True,-0.005715775976354498,-0.002064633907808638,0.007584812987633949
1993-08-26,SP500,Strong Buy,1.0,461.04,False,True,0.0014749262536873304,-0.0015833767135173048,0.0033836543466944347
1993-08-27,SP500,Strong Buy,1.0,460.54,False,True,0.0033004733573630558,0.0007382637773048486,-0.0030616233117645047
1993-08-30,SP500,Strong Buy,1.0,461.9,False,True,-0.004329941545789132,-0.0016886772028577024,-0.0018835245724182824
1993-08-31,SP500,Strong Buy,1.0,463.56,False,True,-0.004228147381137241,-0.004465441366813342,-0.0025886616619207625
1993-09-01,SP500,Strong Buy,1.0,463.15,False,True,-0.008031955090143518,0.00794558998164743,-0.00019432149411632298
1993-09-02,SP500,Strong Buy,1.0,461.3,False,True,-0.005354433123780679,0.017775850856275716,0.0013006720138737608
1993-09-03,SP500,Strong Buy,1.0,461.34,False,True,-0.013634196037629435,0.015411626999609863,0.0009754194303551513
1993-09-07,SP500,Strong Buy,1.0,458.52,False,True,-0.012147779813312382,0.016771351304196106,0.007349733926546289
1993-09-08,SP500,Strong Buy,1.0,456.65,False,True,-0.0009854374247235053,0.020628490090879265,0.014146501697142311
1993-09-09,SP500,Strong Buy,1.0,457.5,False,True,0.0005245901639344461,0.01718032786885249,0.016153005464480844
1993-09-10,SP500,Strong Buy,1.0,461.72,False,True,-0.008858182448237096,0.0033570129082559873,0.010200987611539416
1993-09-13,SP500,Strong Buy,1.0,462.06,False,True,-0.0005626974851750658,0.00463143314721029,0.010171839155088059
1993-09-14,SP500,Strong Buy,1.0,459.9,False,True,0.003544248749728192,0.00956729723853019,0.013894324853229058
1993-09-15,SP500,Strong Buy,1.0,461.6,False,True,-0.0032279029462738496,0.006520797227036375,0.005589254766031161
1993-09-16,SP500,Strong Buy,1.0,459.43,False,True,-0.0010883050736782535,0.018065864223059034,0.009794745663104282
1993-09-17,SP500,Strong Buy,0.9999999999999999,458.83,False,True,0.005339668286729265,0.01961510799206678,0.014972865767277651
1993-09-20,SP500,Strong Buy,1.0,455.05,True,True,0.013822656850895426,0.030875727941984423,0.017602461267992506
1993-09-21,SP500,Strong Buy,1.0,452.95,True,True,0.01821393089745005,0.034198035103212295,0.019626890385252206
1993-09-22,SP500,Strong Buy,1.0,456.2,False,True,0.009951775537045201,0.014949583516001739,0.01565103024989037
1993-09-23,SP500,Strong Buy,1.0,457.74,False,True,0.0031458906802988547,-0.0005461615764407742,0.018875344081793127
1993-09-24,SP500,Strong Buy,1.0,457.63,False,True,0.0058562594235517925,0.004239232567794939,0.017962109127461108
1993-09-27,SP500,Strong Buy,0.9999999999999999,461.8,False,True,-0.0019922044174967863,-0.0034430489389346724,0.007579038544824599
1993-09-28,SP500,Strong Buy,1.0,461.53,False,True,-0.0008883496197429597,-0.002600047667540547,0.012545229995883303
1993-09-29,SP500,Strong Buy,1.0,460.11,False,True,0.0029992827802047236,0.007845949881550093,0.015800569429049536
1993-09-30,SP500,Strong Buy,1.0,458.93,False,True,0.017213954197807895,0.00808402152833761,0.02529797572614563
1993-10-01,SP500,Strong Buy,1.0,461.28,False,True,0.017819979188345533,0.008909989594172767,0.020941727367325757
1993-10-04,SP500,Strong Buy,1.0,461.34,False,True,0.015411626999609863,0.005223912949234892,0.020028612303290436
1993-10-05,SP500,Strong Buy,0.9999999999999999,461.2,False,True,0.010862966175195124,0.012012142237640982,0.016131830008673024
1993-10-06,SP500,Strong Buy,0.9999999999999999,460.74,False,True,0.011568346572904424,0.008833615488127779,0.012393106741329122
1993-10-07,SP500,Strong Buy,0.9999999999999999,459.18,False,True,0.013458774336861377,0.009669410688618837,0.013632997952872492
1993-10-08,SP500,Strong Buy,1.0,460.31,False,True,0.006430449045208619,0.00497490821402972,0.014294714431578684
1993-10-11,SP500,Strong Buy,1.0,460.88,False,True,0.007203610484290907,-0.0037970838396111785,0.014472313834403784
1993-10-12,SP500,Strong Buy,0.9999999999999999,461.12,False,True,0.006896252602359487,-0.00019517696044420505,0.0130117973629424
1993-10-13,SP500,Strong Buy,1.0,461.49,False,True,0.006760709874536836,0.001885197945784317,0.018223580142581568
1993-10-14,SP500,Strong Buy,0.9999999999999999,466.83,False,True,0.001927896664738843,-0.008075744917850142,0.018079386500439127
1993-10-15,SP500,Strong Buy,1.0,469.5,False,True,-0.003556975505857329,-0.016187433439829653,0.009861554845580395
1993-10-18,SP500,Strong Buy,1.0,468.45,False,True,0.001387554701675812,-0.01421709894332366,0.012210481374746562
1993-10-19,SP500,Strong Buy,1.0,466.21,False,True,0.004783252182492907,-0.009266210505995139,0.013427425409150486
1993-10-20,SP500,Strong Buy,0.9999999999999999,466.07,False,True,-0.006544081361168947,-0.006350977321003239,0.01896710794515852
1993-10-21,SP500,Strong Buy,0.9999999999999999,465.36,False,True,-0.01691163830153001,-0.0010099707753137943,0.01706205948083204
1993-10-22,SP500,Strong Buy,0.9999999999999999,463.27,False,True,-0.007986703218425517,0.006821076262222948,0.023701081442787184
1993-10-25,SP500,Strong Buy,0.9999999999999999,464.2,False,True,-0.008595433003015962,0.0055148642826368,0.021757862990090526
1993-10-26,SP500,Strong Buy,0.9999999999999999,464.3,False,True,-0.008550506138272728,0.004286021968554833,0.023002369157872078
1993-10-27,SP500,Strong Buy,1.0,464.61,False,True,-0.0019155851143969917,-0.0009255074148210473,0.021760185962420124
1993-10-28,SP500,Strong Buy,1.0,467.73,False,True,-0.010882346652983627,-0.008124345241913094,0.009065058901503022
1993-10-29,SP500,Strong Buy,1.0,467.83,False,True,-0.005215569758245512,-0.004552935895517593,0.006604963341384759
1993-11-01,SP500,Strong Buy,1.0,469.1,False,True,-0.011404817736090435,-0.012875719462801152,0.008740140694947699
1993-11-02,SP500,Strong Buy,1.0,468.44,False,True,-0.003629066689437257,-0.014089317735462435,0.01838015540944414
1993-11-03,SP500,Strong Buy,1.0,463.02,False,True,0.0038659237181979623,0.0006911148546498925,0.033864627877845464
1993-11-04,SP500,Strong Buy,1.0,457.49,True,True,0.01339919998251327,0.019432118734835704,0.0527224638789919
1993-11-05,SP500,Strong Buy,1.0,459.57,True,True,0.006593119655330047,0.013664947668472767,0.043627738973388196
1993-11-08,SP500,Strong Buy,1.0,460.21,False,True,-0.0023467547424001743,0.011060168184089942,0.04734794984898203
1993-11-09,SP500,Strong Buy,1.0,460.33,False,True,0.0015206482306171414,0.015184758760020007,0.04427258705711119
1993-11-10,SP500,Strong Buy,1.0,463.72,False,True,-0.002932804278443918,0.007892693866988631,0.013132925040972946
1993-11-11,SP500,Strong Buy,1.0,462.64,False,True,0.0009078333045132628,0.017075912156320323,0.019712951755144398
1993-11-12,SP500,Strong Buy,1.0,465.39,False,True,-0.00749908678742562,0.011925481853928988,0.012161842755538419
1993-11-15,SP500,Strong Buy,1.0,463.75,False,True,-0.0042264150943395785,0.014727762803234467,0.01945013477088945
1993-11-16,SP500,Strong Buy,1.0,466.74,True,True,-0.010391224236191505,0.0040707888760337175,0.004692119809744178
1993-11-17,SP500,Strong Buy,1.0,464.81,True,True,-0.0036574084034336368,0.0035283234009595025,0.011553107721434575
1993-11-18,SP500,Strong Buy,1.0,463.62,False,True,0.0027393123678874547,0.003925628747681276,0.014257365946249113
1993-11-19,SP500,Strong Buy,1.0,462.6,True,True,0.008279290964115832,0.00927367055771717,0.021444012105490615
1993-11-22,SP500,Strong Buy,1.0,459.13,True,True,0.016618386949230055,0.018339032518023254,0.029751922113562663
1993-11-23,SP500,Strong Buy,1.0,461.03,False,True,0.011409235841485474,0.013209552523697009,0.020193913628180384
1993-11-24,SP500,Strong Buy,1.0,462.36,False,True,0.003936326671857412,0.016307639069123546,0.011527813824725288
1993-11-26,SP500,Strong Buy,1.0,463.06,False,True,0.0018788062022200246,0.02636807325184637,0.018140197814538024
1993-11-29,SP500,Strong Buy,1.0,461.9,False,True,0.008226888936999376,0.02647759255250058,0.01903009309374328
1993-11-30,SP500,Strong Buy,1.0,461.79,False,True,0.002750167825201892,0.026808722579527478,0.0053487515970462125
1993-12-01,SP500,Strong Buy,1.0,461.89,False,True,-0.00010825088224471491,0.022905886682976554,0.009049773755656123
1993-12-02,SP500,Strong Buy,1.0,463.11,False,True,0.0004966422664161028,0.025479907581352185,0.008702036233292246
1993-12-03,SP500,Strong Buy,1.0,464.89,False,True,0.003205059261330657,0.01809030093140318,-0.0009679709178515104
1993-12-06,SP500,Strong Buy,1.0,466.43,False,True,-0.0012434877687969987,0.016765645434470323,-0.00347318997491586
1993-12-07,SP500,Strong Buy,1.0,466.76,False,True,-0.003127945839403504,0.016153912074727956,-0.008034107464221441
1993-12-08,SP500,Strong Buy,1.0,466.29,False,True,0.0022089257758046983,0.01863647086577022,-0.0033241116043664057
1993-12-09,SP500,Strong Buy,0.9999999999999999,464.18,False,True,0.0068938773751561645,0.02270670860442074,0.0058813391356801635
1993-12-10,SP500,Strong Buy,0.9999999999999999,463.93,False,True,0.014247839113659417,0.01733020067682629,0.004203220313409326
1993-12-13,SP500,Strong Buy,0.9999999999999999,465.7,False,True,0.011251878891990572,0.011208932789349426,0.0029203349796006308
1993-12-14,SP500,Strong Buy,1.0,463.06,False,True,0.016239796138729282,0.021897810218978072,0.0018140197814537533
1993-12-15,SP500,Strong Buy,1.0,461.84,False,True,0.014723713840291036,0.03293348345747453,0.009960159362549851
1993-12-16,SP500,Strong Buy,1.0,463.34,False,True,0.0067121336383649454,0.03315060214960939,0.008740881426166554
1993-12-17,SP500,Strong Buy,1.0,466.38,False,True,-0.002015523821776229,0.032655774261332,0.0013508297954457642
1993-12-20,SP500,Strong Buy,1.0,465.85,False,True,0.0022324782655360384,0.02955887088118489,0.007663410969196078
1993-12-21,SP500,Strong Buy,1.0,465.3,False,True,0.00483558994197292,0.035890823124865655,0.012035246077799195
1993-12-22,SP500,Strong Buy,1.0,467.32,False,True,-0.00042797226739704834,0.028652743302233986,0.008003081400325279
1993-12-23,SP500,Strong Buy,1.0,467.38,False,True,0.005391758312294026,0.005199195515426434,0.0024819204929608135
1993-12-27,SP500,Strong Buy,1.0,470.54,False,True,0.010052280358736688,0.0025927657584901825,-0.0036978790326008606
1993-12-28,SP500,Strong Buy,1.0,470.94,False,True,0.0067736866692147575,0.0002335754023867449,-0.005096190597528299
1993-12-29,SP500,Strong Buy,1.0,470.58,False,True,0.0076288835054614135,0.004653831442050231,-0.013238981682179357
1993-12-30,SP500,Strong Buy,1.0,468.64,False,True,0.008172584499829381,0.0006188118811881625,-0.017198702628883584
1993-12-31,SP500,Strong Buy,1.0,466.45,False,True,0.018136992174938443,0.007996569835995324,-0.013827848644013268
1994-01-03,SP500,Strong Buy,0.9999999999999999,465.44,False,True,0.016887246476452417,0.010291337229288459,-0.027844620144379467
1994-01-04,SP500,Strong Buy,0.9999999999999999,466.89,False,True,0.01576388442673866,0.012058514853605765,-0.04570669750904919
1994-01-05,SP500,Strong Buy,0.9999999999999999,467.55,False,True,0.014436958614051972,0.011207357501871476,-0.04658325312800776
1994-01-06,SP500,Strong Buy,0.9999999999999999,467.12,False,True,0.01682651138893649,0.006893303647884848,-0.060369926357252926
1994-01-07,SP500,Strong Buy,1.0,469.9,False,True,0.01025750159608438,-0.004703128325175526,-0.04598850819323251
1994-01-10,SP500,Strong Buy,1.0,475.27,False,True,-0.006943421634018463,-0.008016495886548704,-0.05727270814484392
1994-01-11,SP500,Strong Buy,1.0,474.13,False,True,-0.0067702950667538,-0.007255394090228413,-0.04903718389471242
1994-01-12,SP500,Strong Buy,1.0,474.17,False,True,-0.0020456798194740857,-0.020899677330915124,-0.05708922960119787
1994-01-13,SP500,Strong Buy,1.0,472.47,False,True,0.009693737168497436,-0.013545833597900467,-0.04783372489258582
1994-01-14,SP500,Strong Buy,1.0,474.91,False,True,0.007980459455475698,-0.016360994714788146,-0.057568802509949314
1994-01-17,SP500,Strong Buy,1.0,473.3,False,True,0.017557574477075854,-0.01871962814282699,-0.05713078385801821
1994-01-18,SP500,Strong Buy,1.0,474.25,False,True,0.011323141802846609,-0.01990511333684765,-0.05876647337901952
1994-01-19,SP500,Strong Buy,1.0,474.3,False,True,0.016234450769555108,-0.023803499894581533,-0.059287370862323434
1994-01-20,SP500,Strong Buy,1.0,474.98,False,True,0.012063665838561543,-0.02155880247589374,-0.06846604067539694
1994-01-21,SP500,Strong Buy,1.0,474.72,False,True,-0.010342938995618521,-0.016451803168183354,-0.06778732726659926
1994-01-24,SP500,Strong Buy,1.0,471.97,False,True,-0.00044494353454676433,-0.012903362501853997,-0.06358454986545765
1994-01-25,SP500,Strong Buy,1.0,470.92,False,True,0.00027605538095641603,-0.008196721311475438,-0.04712053002633143
1994-01-26,SP500,Strong Buy,1.0,473.2,False,True,-0.0009087066779374616,-0.01965342349957737,-0.054036348267117486
1994-01-27,SP500,Strong Buy,1.0,477.05,False,True,-0.01702127659574469,-0.022240855256262473,-0.051021905460643606
1994-01-28,SP500,Strong Buy,1.0,478.7,False,True,-0.01779820346772505,-0.02362648840609986,-0.05604762899519529
1994-01-31,SP500,Strong Buy,1.0,481.61,False,True,-0.02362907746932164,-0.030314985153962797,-0.06750275118872115
1994-02-01,SP500,Strong Buy,1.0,479.62,False,True,-0.014803386013927741,-0.021266836245360885,-0.05985988907885405
1994-02-02,SP500,Strong Buy,1.0,482.0,False,True,-0.019107883817427344,-0.023029045643153574,-0.06012448132780087
1994-02-03,SP500,Strong Buy,1.0,480.71,False,True,-0.021572257702148916,-0.020074473175095125,-0.05758149404006575
1994-02-04,SP500,Strong Buy,1.0,469.81,True,True,-0.004512462484834305,-0.0027032204508205056,-0.03850492752389258
1994-02-07,SP500,Strong Buy,1.0,471.76,False,True,-0.0006359165677463358,-0.006274376801763565,-0.04319993216889943
1994-02-08,SP500,Strong Buy,1.0,471.05,False,True,-0.0007642500796094122,-0.005328521388387625,-0.0493153593036833
1994-02-09,SP500,Strong Buy,1.0,472.77,False,True,-0.018000296127080803,-0.017809928717981174,-0.06440764007868517
1994-02-10,SP500,Strong Buy,1.0,468.93,False,True,-0.006098991320666227,-0.017806495639008,-0.04887723114324103
1994-02-11,SP500,Strong Buy,1.0,470.18,True,True,-0.006465608915734443,-0.02165128248755797,-0.06101918414224339
1994-02-14,SP500,Strong Buy,1.0,470.23,False,True,-0.012313123365161773,-0.0377474852731642,-0.05631286817089513
1994-02-15,SP500,Strong Buy,1.0,472.52,False,True,-0.016316769660543427,-0.057076949123846546,-0.06006094980106661
1994-02-16,SP500,Strong Buy,1.0,472.79,False,True,-0.020685716702976014,-0.05715010892785388,-0.05985744199327399
1994-02-17,SP500,Strong Buy,1.0,470.34,False,True,-0.01190628056299691,-0.0668027384445294,-0.04458476846536542
1994-02-18,SP500,Strong Buy,1.0,467.69,True,True,-0.0016677713870298118,-0.041480467831255696,-0.02993435822874126
1994-02-22,SP500,Strong Buy,1.0,471.46,False,True,-0.011835574598057065,-0.049654265473210814,-0.03177363933313529
1994-02-23,SP500,Strong Buy,1.0,470.69,False,True,-0.007712082262210787,-0.042087148654103554,-0.033504004758970835
1994-02-24,SP500,Strong Buy,1.0,464.26,True,True,-0.0007754275621419327,-0.03696204712876398,-0.02382285788135959
1994-02-25,SP500,Strong Buy,1.0,466.07,True,True,0.0007938721651254201,-0.03475872722981524,-0.024159461025167875
1994-02-28,SP500,Strong Buy,1.0,467.14,True,True,0.000535171468938648,-0.04189322258851735,-0.023119407458149617
1994-03-01,SP500,Strong Buy,1.0,464.44,True,True,0.005533545775557646,-0.03914391525277755,-0.015890104211523544
1994-03-02,SP500,Strong Buy,1.0,464.81,True,True,0.009918031023428957,-0.03965060992663671,-0.016092596975108148
1994-03-03,SP500,Strong Buy,0.935049011177983,463.01,True,True,0.017040668668063294,-0.03634910693073581,-0.014060171486576945
1994-03-04,SP500,Strong Buy,1.0,464.74,True,True,0.013599001592288147,-0.047940784094332375,-0.01529887679132421
1994-03-07,SP500,Strong Buy,1.0,466.91,False,True,0.0034910368165170917,-0.05219421301749803,-0.01983251590242241
1994-03-08,SP500,Strong Buy,1.0,465.88,True,True,0.006267708422769846,-0.051343693655018494,-0.012342234051687129
1994-03-09,SP500,Strong Buy,1.0,467.06,False,True,0.0031687577613155014,-0.03924549308440026,-0.017513809788892234
1994-03-10,SP500,Strong Buy,1.0,463.9,True,True,0.0009700366458289405,-0.035072213839189445,-0.012265574477258026
1994-03-11,SP500,Strong Buy,1.0,466.44,True,True,-0.012563245004716606,-0.029435725924020276,-0.020109767601406387
1994-03-14,SP500,Strong Buy,1.0,467.39,True,True,-0.015811206914996014,-0.03320567406234618,-0.020389824343695784
1994-03-15,SP500,Strong Buy,1.0,467.01,False,True,-0.031112824136528067,-0.03835035652341485,-0.01785828997237741
1994-03-16,SP500,Strong Buy,1.0,469.42,False,True,-0.05084998508798092,-0.03943163904392653,-0.021984576711686746
1994-03-17,SP500,Strong Buy,1.0,470.9,False,True,-0.053365895094499884,-0.03796984497770226,-0.01811424930983218
1994-03-18,SP500,Strong Buy,1.0,471.06,False,True,-0.06822910032692223,-0.03827537893262011,-0.022184010529444208
1994-03-21,SP500,Strong Buy,1.0,468.54,False,True,-0.043219362274298886,-0.0358987493063559,-0.014107653562129195
1994-03-22,SP500,Strong Buy,1.0,468.8,False,True,-0.04426194539249147,-0.037158703071672385,-0.022077645051194587
1994-03-23,SP500,Strong Buy,1.0,468.54,False,True,-0.03769155248217874,-0.04422247833696168,-0.027873820805054
1994-03-24,SP500,Strong Buy,1.0,464.35,False,True,-0.037148702487347904,-0.04744266178529133,-0.028017659093356406
1994-03-25,SP500,Hold,-0.08205621601407403,460.58,False,False,-0.023253289330843675,-0.03163402666203481,-0.01626210430326981
1994-03-28,SP500,Hold,-0.09256489732661616,460.0,True,False,-0.027021739130434798,-0.04023913043478259,-0.022543478260869575
1994-03-29,SP500,Mild Sell,-0.65,452.48,True,False,-0.013746463932107557,-0.01929367043847246,-0.021393210749646407
1994-03-30,SP500,Strong Sell,-0.75,445.55,True,False,0.001862866120525158,-0.003164627987880204,0.003950173942318462
1994-03-31,SP500,Mild Sell,-0.65,445.77,True,False,0.0009197568252686924,-0.0028714359423020227,0.0006729927989770765
1994-04-04,SP500,Strong Sell,-0.75,438.92,True,False,0.008065251070810088,0.023808438895470675,0.019844162945411418
1994-04-05,SP500,Mild Sell,-0.6,448.29,True,False,-0.01282651854826117,0.012045773940975656,-0.008967409489393112
1994-04-06,SP500,Strong Sell,-0.75,448.05,True,False,-0.013592233009708809,0.01881486441245398,-0.004129003459435381
1994-04-07,SP500,Strong Sell,-1.0,450.88,True,False,-0.004768452803406621,0.008960255500354907,-0.010002661462029789
1994-04-08,SP500,Strong Sell,-1.0,447.1,True,False,0.0011854171326324595,0.013643480205770444,-0.0021695370163275045
1994-04-11,SP500,Strong Sell,-1.0,449.87,True,False,0.006312934847844878,0.010980950052237308,-0.003312067930735566
1994-04-12,SP500,Strong Sell,-1.0,447.57,True,False,0.009607435708380838,0.019594700270348733,0.004423889000603298
1994-04-13,SP500,Strong Sell,-1.0,446.26,True,False,0.006364003047550827,0.024201138349840928,0.004033523058306842
1994-04-14,SP500,Strong Sell,-1.0,446.38,True,False,0.010148304135490008,0.024530668936780298,0.0035171826694744236
1994-04-15,SP500,Strong Sell,-1.0,446.18,False,False,0.015330135819624311,0.023129678605047273,0.005715182213456478
1994-04-18,SP500,Strong Sell,-1.0,442.46,True,False,0.023889165122270926,0.0342855851376396,0.0247479998191928
1994-04-19,SP500,Strong Sell,-1.0,442.54,True,False,0.020743887558186846,0.03414380620960807,0.026257513445112315
1994-04-20,SP500,Strong Sell,-1.0,441.96,True,False,0.021314146076568053,0.04111231785681966,0.03000271517784426
1994-04-21,SP500,Strong Sell,-1.0,448.73,False,False,-0.0020279455351771107,0.022619392507744026,0.0114322643906135
1994-04-22,SP500,Strong Sell,-1.0,447.63,False,False,-0.011862475705381683,0.023635591895091894,0.008868931930388999
1994-04-25,SP500,Strong Sell,-1.0,452.71,False,False,-0.014799761436681295,0.009608800335755832,-0.0002208919617414369
1994-04-26,SP500,Strong Sell,-1.0,451.87,False,False,-0.022971208533427746,0.013256024962931837,0.0027441520791378253
1994-04-28,SP500,Strong Sell,-1.0,449.1,False,False,-0.011912714317523988,0.021309285237140933,0.011467379202850094
1994-04-29,SP500,Strong Sell,-1.0,450.91,False,False,-0.015014082632898003,0.018163269832117267,0.005433456787385484
1994-05-02,SP500,Strong Sell,-1.0,453.02,False,False,-0.018829190764204612,0.020639265374597197,-0.0009933336276543832
1994-05-03,SP500,Strong Sell,-1.0,453.03,False,False,-0.00807893516985623,0.016731783767079535,0.002670904796591918
1994-05-04,SP500,Strong Sell,-1.0,451.72,False,False,0.004361108651376893,0.022602497122110994,0.014477995218276727
1994-05-05,SP500,Strong Sell,-1.0,451.38,False,False,0.011298684035624137,0.01566307767291416,0.021334573973149
1994-05-06,SP500,Strong Sell,-1.0,447.82,False,False,0.015854584431244746,0.01710508686525842,0.028448930373810927
1994-05-09,SP500,Strong Sell,-1.0,442.32,False,False,0.024597576415264957,0.020392476035449407,0.04324923132573701
1994-05-10,SP500,Strong Sell,-1.0,446.01,False,False,0.019730499316158858,0.01587408354072775,0.027779646196273596
1994-05-11,SP500,Strong Sell,-1.0,441.49,False,False,0.033636095947813006,0.018437563704727142,0.035334888672450035
1994-05-12,SP500,Strong Sell,-1.0,443.75,False,False,0.029994366197183105,-0.0021408450704225096,0.03186478873239434
1994-05-13,SP500,Strong Sell,-1.0,444.14,False,False,0.029697843022470388,0.007137389111541442,0.031026252983293624
1994-05-16,SP500,Strong Sell,-1.0,444.49,False,False,0.02701973047762602,0.003554635649845855,0.03556885419244528
1994-05-17,SP500,Strong Sell,-1.0,449.37,False,False,0.01838128936066046,-0.003872087589291695,0.02116296147940448
1994-05-18,SP500,Strong Sell,-1.0,453.69,False,False,0.008728426899424673,-0.02076307610923762,0.018184222707134826
1994-05-19,SP500,Strong Sell,-1.0,456.48,False,False,0.007995969155275099,-0.022520154223624318,0.01040571328426218
1994-05-20,SP500,Strong Sell,-1.0,454.92,False,False,0.008704827222368722,-0.0187945133210235,0.022179723907500164
1994-05-23,SP500,Strong Sell,-1.0,453.2,False,False,0.011054721977052054,-0.015600176522506604,0.026412180052956813
1994-05-24,SP500,Strong Sell,-1.0,454.81,False,False,0.0049471207757085375,-0.014137771816802636,0.018381302082188196
1994-05-25,SP500,Strong Sell,-1.0,456.34,False,False,0.0033308498049700636,-0.01487925669456976,0.016084498400315624
1994-05-26,SP500,Strong Sell,-1.0,457.06,False,False,0.0035225134555638507,-0.019691069006257386,0.011508335885879295
1994-05-27,SP500,Strong Sell,-1.0,457.33,False,False,0.003870290599785797,-0.020510353574005633,0.015699822885006466
1994-05-31,SP500,Strong Sell,-1.0,456.5,False,False,0.012858707557502748,-0.017020810514786378,0.027447973713033893
1994-06-01,SP500,Strong Sell,-1.0,457.63,False,False,0.006511810851561345,-0.009221423420667287,0.022835041408998513
1994-06-02,SP500,Strong Sell,-1.0,457.65,False,False,0.00935212498634334,-0.007625915000546165,0.03528897629192622
1994-06-03,SP500,Mild Sell,-0.4322479619016951,460.13,False,False,-0.0036511420685458604,-0.01067089735509523,0.03142590137569813
1994-06-06,SP500,Strong Sell,-0.75,458.88,False,False,-0.0074093444909344,-0.010939679218967883,0.0374607740585774
1994-06-07,SP500,Strong Sell,-0.75,458.21,False,False,-0.014993125422841065,-0.014425700006547122,0.03771196612906753
1994-06-08,SP500,Strong Sell,-0.75,457.06,False,False,-0.008685949328315817,-0.009736139675316125,0.03524701352120075
1994-06-09,SP500,Strong Sell,-0.75,457.86,False,False,-0.017974926833529938,-0.010374350238064036,0.028676888131743315
1994-06-10,SP500,Strong Sell,-1.0,458.67,False,False,-0.03460003924390085,-0.009636557873852696,0.028757058451610085
1994-06-13,SP500,Strong Sell,-1.0,459.1,False,False,-0.025680679590503203,-0.012502722718362032,0.025898497059464138
1994-06-14,SP500,Mild Buy,0.6058815656131349,462.37,False,True,-0.03525315223738567,-0.021195146743949674,0.023293033717585444
1994-06-15,SP500,Mild Sell,-0.6489498055919353,460.61,False,False,-0.028180022144547488,-0.013829486984650799,0.01643472786088012
1994-06-16,SP500,Hold,0.22773668639051375,461.93,False,False,-0.038230900785833404,-0.007944926720498811,0.009265473123633391
1994-06-17,SP500,Strong Sell,-0.75,458.45,False,False,-0.02672047115279747,0.0055840331551968644,0.01976224233831389
1994-06-20,SP500,Strong Sell,-0.75,455.48,False,False,-0.020000878194432276,0.011153069289540669,0.02924387459383506
1994-06-21,SP500,Mild Sell,-0.65,451.34,False,False,-0.01154340408561169,0.022399964550006677,0.052000708999867126
1994-06-22,SP500,Mild Sell,-0.65,453.09,False,False,-0.01039528570482681,0.011719525922002257,0.039947913218124485
1994-06-23,SP500,Strong Sell,-1.0,449.63,False,False,-0.00017792407090270687,0.01659141961168067,0.04719435980695245
1994-06-24,SP500,Strong Sell,-0.95,442.8,True,False,0.01187895212285454,0.0340785907859078,0.04643179765130985
1994-06-27,SP500,Strong Sell,-1.0,447.31,False,False,0.001430775077686585,0.023719568084773452,0.031633542733227465
1994-06-28,SP500,Strong Sell,-1.0,446.07,False,False,0.005963189633914016,0.03190082274082547,0.03407536933665117
1994-06-29,SP500,Strong Sell,-1.0,447.63,False,False,0.012912450014520988,0.025132363782588298,0.02689721421709899
1994-06-30,SP500,Strong Sell,-1.0,444.27,False,False,0.022261237535732874,0.03977311094604636,0.03725212145767216
1994-07-01,SP500,Strong Sell,-1.0,446.2,False,False,0.02021515015688041,0.033684446436575595,0.035522187359928334
1994-07-05,SP500,Strong Sell,-1.0,446.37,False,False,0.016779801509958128,0.04175907879113737,0.04137822882362159
1994-07-06,SP500,Strong Sell,-1.0,446.13,False,False,0.012261000156904999,0.04267814314213351,0.03611055073633249
1994-07-07,SP500,Strong Sell,-1.0,448.38,False,False,0.009433962264150985,0.032985414157634195,0.03195949863954678
1994-07-08,SP500,Strong Sell,-1.0,449.55,False,False,0.007919030141252368,0.03143143143143142,0.027116004893782665
1994-07-11,SP500,Strong Sell,-1.0,448.06,False,False,0.013815114047225813,0.031826094719457194,0.014573940990045916
1994-07-12,SP500,Strong Sell,-1.0,447.95,False,False,0.012077240763478122,0.036968411653086286,0.01243442348476391
1994-07-13,SP500,Strong Sell,-1.0,448.73,False,False,0.008557484456131694,0.04523878501548805,0.008089497024937034
1994-07-14,SP500,Strong Sell,-1.0,453.41,False,False,0.0018305727707813768,0.032354822346220766,0.003727310822434436
1994-07-15,SP500,Strong Sell,-1.0,454.16,False,False,0.009027655451823071,0.04324467148141621,0.010745111854852905
1994-07-18,SP500,Strong Sell,-1.0,455.22,False,False,0.012719124818768867,0.04255085453187458,0.02321954219937611
1994-07-19,SP500,Strong Sell,-1.0,453.86,False,False,0.014762261490327389,0.04893579517913008,0.02558057550786589
1994-07-20,SP500,Strong Sell,-1.0,451.6,False,False,0.021811337466784687,0.05290079716563327,0.03585031000885739
1994-07-21,SP500,Strong Sell,-1.0,452.61,False,False,0.012792470338702113,0.04542542144451073,0.03643313227723649
1994-07-22,SP500,Strong Sell,-1.0,453.11,False,False,0.008783739047913224,0.03946061662730903,0.03498046831895117
1994-07-25,SP500,Strong Sell,-1.0,454.25,False,False,0.008013208585580597,0.038767198679141475,0.029521188772702312
1994-07-26,SP500,Strong Sell,-1.0,453.36,False,False,0.01005823186871361,0.038887418387153684,0.03732133403917407
1994-07-27,SP500,Strong Sell,-1.0,452.57,False,False,0.017080230682546386,0.04545153235963496,0.03155312990255658
1994-07-28,SP500,Strong Sell,-1.0,454.24,False,False,0.01021486438886929,0.030688622754491014,0.02344575554772802
1994-07-29,SP500,Strong Sell,-1.0,458.26,False,False,0.008030375769213999,0.01734823026229649,0.005608170034478229
1994-08-01,SP500,Mild Buy,0.4409548485749697,461.01,False,True,0.0004772130756383317,0.014099477234767142,0.0011279581787813318
1994-08-02,SP500,Hold,-0.10005793023539755,460.56,False,False,0.009662150425568847,0.017891262810491596,0.004472815702622899
1994-08-03,SP500,Mild Buy,0.6441223703227752,461.45,False,True,0.00806154512948321,0.028952215841369627,0.00953516090584036
1994-08-04,SP500,Strong Sell,-1.0,458.4,False,False,0.010405759162303749,0.02790139616055851,0.03352966841186738
1994-08-05,SP500,Strong Sell,-0.95,457.09,False,False,0.0144172919993875,0.030103480714957772,0.03338511015336159
1994-08-08,SP500,Strong Sell,-0.95,457.89,False,False,0.009674812727947776,0.011946100591845263,0.022996789621961673
1994-08-09,SP500,Strong Sell,-0.95,457.92,False,False,0.014391160027952425,0.007730607966456944,0.018758735150244527
1994-08-10,SP500,Hold,0.1626419993509022,460.3,False,False,0.01896589180968925,0.0021073213121876396,0.01653269606778191
1994-08-11,SP500,Strong Sell,-0.8175496122871776,458.88,False,False,0.020048814504881426,0.001721582984658343,0.0074093444909344
1994-08-12,SP500,Strong Buy,0.9737518295657587,461.94,False,True,0.025674329999567074,-0.0024245573018140984,0.0024462051348659902
1994-08-15,SP500,Mild Buy,0.5788951048951085,461.23,False,True,0.02896602562712737,0.001777854866335653,0.009583071352687291
1994-08-16,SP500,Strong Buy,1.0,465.01,False,True,0.02378443474333886,-0.0003655835358379732,0.0008386916410399484
1994-08-17,SP500,Strong Buy,1.0,465.17,False,True,0.022185437581959268,-0.006298772491777214,-0.0017198013629426045
1994-08-18,SP500,Strong Buy,1.0,463.17,False,True,0.02159034479780642,-0.000993155860699174,-0.0017704082734201116
1994-08-19,SP500,Strong Buy,1.0,463.68,False,True,0.015765182884748107,-0.004183919944789505,0.0050897170462388145
1994-08-22,SP500,Strong Buy,1.0,462.32,False,True,0.020635057968506707,-0.016720020764838247,0.005861740785603002
1994-08-23,SP500,Strong Buy,1.0,464.51,False,True,0.013950184064928674,-0.023659339949624356,0.002389614862973916
1994-08-24,SP500,Strong Buy,1.0,469.03,False,True,0.00876276570795048,-0.03554143658188167,-0.011641046414941432
1994-08-25,SP500,Strong Buy,1.0,468.08,False,True,0.0002136386942403494,-0.02773030251239096,-0.014121517689283792
1994-08-26,SP500,Strong Buy,1.0,473.8,False,True,-0.016019417475728222,-0.031152384972562244,-0.03271422541156606
1994-08-29,SP500,Strong Buy,1.0,474.59,False,True,-0.01491813986809664,-0.01854232074000707,-0.051623506605701766
1994-08-30,SP500,Strong Buy,1.0,476.07,False,True,-0.015270863528472666,-0.022265633205200846,-0.05490789169659921
1994-08-31,SP500,Strong Buy,1.0,475.49,False,True,-0.0014301036825169968,-0.016193821110854042,-0.0487917726976382
1994-09-01,SP500,Strong Buy,1.0,473.17,False,True,-0.004184542553416358,-0.008601559693133531,-0.040175835323456664
1994-09-02,SP500,Strong Buy,1.0,470.99,False,True,-0.00029724622603449405,-0.004310070277500647,-0.03358882354190109
1994-09-06,SP500,Strong Buy,1.0,471.86,False,True,-0.01801381765777985,-0.008900945195608842,-0.03850718433433649
1994-09-07,SP500,Strong Buy,1.0,470.99,False,True,-0.020233975243635807,-0.0015074630034608725,-0.046858744347013724
1994-09-08,SP500,Strong Buy,1.0,473.14,False,True,-0.02508771188231814,-0.01329416240436227,-0.04193262036606496
1994-09-09,SP500,Strong Buy,1.0,468.18,False,True,-0.01817676961852277,-0.007027211756162203,-0.03173992908710328
1994-09-12,SP500,Strong Buy,1.0,466.21,False,True,-0.011561313571137441,-0.01153986400978099,-0.028098925376975968
1994-09-13,SP500,Strong Buy,1.0,467.51,False,True,-0.011678894569100083,-0.012791170242347796,-0.03482278453936809
1994-09-14,SP500,Strong Buy,1.0,468.8,False,True,-0.008447098976109292,-0.013182593856655305,-0.04980802047781575
1994-09-15,SP500,Strong Buy,1.0,474.81,False,True,-0.026473747393694305,-0.018870706177207684,-0.05865504096375397
1994-09-16,SP500,Strong Buy,1.0,471.19,False,True,-0.017996986353700246,0.005475498206668189,-0.04609605467009056
1994-09-19,SP500,Strong Buy,0.9999999999999999,470.85,False,True,-0.019347987681852,0.0031857279388340233,-0.04396304555590962
1994-09-20,SP500,Strong Buy,0.9496017165868292,463.36,False,True,-0.018926968232044282,0.010920234806629838,-0.018106871546961296
1994-09-21,SP500,Mild Buy,0.42021761133601687,461.46,False,True,-0.017206258397260865,0.010943527066267958,-0.013262254583279167
1994-09-22,SP500,Hold,0.35920967065998344,461.27,False,True,-0.01931623561037997,0.014395039781472984,-0.005354781364493617
1994-09-23,SP500,Mild Sell,-0.4357764598271028,459.67,False,False,-0.009941914851959,0.005677986381534485,-0.0038288337285443705
1994-09-26,SP500,Hold,0.19546270532268112,460.82,False,False,-0.0038626795711991075,0.004882600581571981,-0.00807256629486561
1994-09-27,SP500,Strong Buy,0.7082862370700415,462.05,False,True,0.008094362082025774,0.0077913645709338075,-0.005280813764744071
1994-09-28,SP500,Strong Buy,1.0,464.84,False,True,0.0013553050512005256,0.0012047156010670387,-0.01110059375268903
1994-09-29,SP500,Strong Buy,0.8151955108908657,462.24,False,True,0.012006749740394625,0.004607995846313593,-0.0052137417791623935
1994-09-30,SP500,Strong Buy,0.9996187816109389,462.71,False,True,0.013809945754360276,-0.0007780251129216071,-0.0005186834086143637
1994-10-03,SP500,Mild Buy,0.590075455879283,461.74,False,True,0.015636505392645147,0.009312600164594818,-0.0019058344522891572
1994-10-04,SP500,Strong Sell,-0.9,454.59,True,False,0.028751182384126467,0.022965749356563054,0.014474581491013971
1994-10-05,SP500,Strong Sell,-0.75,453.52,False,False,0.0369553713176927,0.026680190509790137,0.012678602928206033
1994-10-06,SP500,Strong Sell,-0.95,452.36,False,False,0.032032009903616605,0.02478114775842245,0.01492174374392077
1994-10-07,SP500,Strong Sell,-0.95,455.1,False,False,0.02151175565809704,0.013996923753021324,0.012326961107448816
1994-10-10,SP500,Mild Sell,-0.6073029258634715,459.04,False,False,0.0038994423143951804,-0.0016120599512025294,0.002831997211571877
1994-10-11,SP500,Strong Buy,1.0,465.79,False,True,-0.00914575237768103,-0.03370617660319038,-0.010970609072758139
1994-10-12,SP500,Strong Buy,1.0,465.47,False,True,-0.00612284357745939,-0.03338561024340993,-0.009968419017337407
1994-10-13,SP500,Strong Buy,1.0,467.79,False,True,-0.004147160050449983,-0.03313452617627568,-0.01306141644755128
1994-10-14,SP500,Strong Buy,1.0,469.1,False,True,0.009955233425708716,-0.03184821999573651,-0.01586015774888083
1994-10-17,SP500,Strong Buy,1.0,468.96,False,True,0.007228761514841443,-0.02940549300579999,-0.01560900716479016
1994-10-18,SP500,Strong Buy,0.7999999999999999,467.66,False,True,0.001625112261044329,-0.029872129324723145,-0.003613736475217033
1994-10-19,SP500,Strong Buy,1.0,470.28,False,True,-0.008016500808029221,-0.04541974993620813,-0.0019137535085480507
1994-10-20,SP500,Strong Buy,1.0,466.85,False,True,0.0022705365749170017,-0.029024311877476727,0.006854450037485249
1994-10-21,SP500,Strong Buy,1.0,464.89,False,True,-0.005614231323538931,-0.024887607821205002,0.010368044053431981
1994-10-24,SP500,Hold,-0.13364175977653545,460.83,True,True,0.004860794653125901,-0.016752381572380206,0.01328038539157608
1994-10-25,SP500,Mild Buy,0.452593130140311,461.53,False,True,0.008926830325222639,-0.022317075813056475,0.007041795766255715
1994-10-26,SP500,Strong Buy,0.893853317169914,462.62,False,True,0.006009251653624946,-0.03711469456573433,0.006917124205611492
1994-10-27,SP500,Strong Buy,1.0,465.85,False,True,-0.003176988300955282,-0.04054953311151668,2.1466137168596984e-05
1994-10-28,SP500,Strong Buy,1.0,473.77,False,True,-0.024104523291892607,-0.05129071068239854,-0.013360913523439611
1994-10-31,SP500,Strong Buy,1.0,472.35,False,True,-0.013358738223774747,-0.04699904731660854,-0.00853180903990691
1994-11-01,SP500,Strong Buy,1.0,468.42,False,True,-0.007237094914820125,-0.028713547670893617,0.00420562742837618
1994-11-02,SP500,Strong Buy,1.0,466.51,False,True,-0.0019077833272598366,-0.02394375254549745,0.004287153544404193
1994-11-03,SP500,Strong Buy,1.0,467.91,False,True,-0.00927528798273179,-0.019469556111218,0.005364279455450815
1994-11-04,SP500,Strong Buy,0.786668459745375,462.28,False,True,-0.0017521848230508468,-0.00945314527991682,0.01756511205330104
1994-11-07,SP500,Strong Buy,0.7304135967850062,463.07,True,True,-0.010300818450774142,-0.012892219318893408,0.020990347031766315
1994-11-08,SP500,Strong Buy,1.0,465.65,False,True,-0.03341565553527328,-0.012971115644797518,0.027917964136153765
1994-11-09,SP500,Strong Buy,1.0,465.4,False,True,-0.03324022346368709,-0.012290502793296026,0.03382036957455954
1994-11-10,SP500,Strong Buy,1.0,464.37,False,True,-0.02601373904429654,-0.009776686693800246,0.035402803798695
1994-11-11,SP500,Strong Buy,0.9168661260268282,462.35,False,True,-0.01771385314155942,0.0002595436357737743,0.04074835081648096
1994-11-14,SP500,Strong Buy,1.0,466.04,False,True,-0.023324178182130298,-0.011114925757445727,0.03036220066947038
1994-11-15,SP500,Strong Buy,1.0,465.03,False,True,-0.024385523514611908,-0.008300539750123556,0.03533105391050041
1994-11-16,SP500,Strong Buy,1.0,465.62,False,True,-0.03586615695202094,-0.013637730338043948,0.0344272153258021
1994-11-17,SP500,Strong Buy,1.0,463.57,False,True,-0.022154151476583863,-0.009620984964514485,0.04094311538710447
1994-11-18,SP500,Strong Buy,0.7474085728640744,461.47,False,True,-0.017660953041367874,-0.0016469109584589415,0.049992415541638656
1994-11-21,SP500,Hold,-0.3960164140595519,458.3,False,False,-0.011324459960724412,0.004451232816932061,0.05873881736853593
1994-11-22,SP500,Strong Sell,-0.95,450.09,True,False,0.0025328267679798335,0.023528627607811842,0.0708302783887668
1994-11-23,SP500,Strong Sell,-0.95,449.93,True,False,-0.009957104438468246,0.0242259907096659,0.07287800324494925
1994-11-25,SP500,Strong Sell,-0.95,452.29,True,False,-0.011784474562780606,0.02076101616219679,0.07247562404651876
1994-11-28,SP500,Strong Sell,-0.95,454.16,False,False,-0.010326757090012325,0.016514003875286242,0.07211115025541659
1994-11-29,SP500,Strong Sell,-1.0,455.17,False,False,-0.011028846365094444,0.014214469319155414,0.07236856559087812
1994-11-30,SP500,Strong Sell,-1.0,453.69,False,False,0.0028213097048646204,0.02706693998104439,0.06638894399259407
1994-12-01,SP500,Strong Sell,-1.0,448.92,False,False,0.014300989040363447,0.04557604918470992,0.0856945558228637
1994-12-02,SP500,Strong Sell,-1.0,453.3,False,False,0.01213324509155085,0.03695124641517759,0.07136554158393991
1994-12-05,SP500,Strong Sell,-1.0,453.32,False,False,0.010125297802876626,0.036155475161034116,0.0701711815053384
1994-12-06,SP500,Strong Sell,-1.0,453.11,False,False,0.008805808744013615,0.030544459402793968,0.07130718810001986
1994-12-07,SP500,Strong Sell,-1.0,451.23,False,False,0.01857146023092435,0.030029031757640125,0.07623606586441499
1994-12-08,SP500,Strong Sell,-1.0,445.45,True,False,0.03194522393085648,0.045729038051408696,0.08232124817600184
1994-12-09,SP500,Strong Sell,-1.0,446.96,False,False,0.028794522999821024,0.04228566314659038,0.08094684088061574
1994-12-12,SP500,Strong Sell,-1.0,449.47,False,False,0.028922953701025652,0.03998042138518693,0.07495494693750417
1994-12-13,SP500,Strong Sell,-1.0,450.15,False,False,0.023792069310230004,0.040364323003443336,0.08757080973009002
1994-12-14,SP500,Strong Sell,-1.0,454.97,False,False,0.013627272127832579,0.03389234455019003,0.0771039848781238
1994-12-15,SP500,Strong Sell,-1.0,455.34,False,False,0.008630913163789711,0.028923441823692223,0.08246584969473364
1994-12-16,SP500,Mild Buy,0.596566604127575,458.8,False,True,0.0006756756756756806,0.025326939843068885,0.07210113339145593
1994-12-19,SP500,Hold,0.12504388411871709,457.91,False,False,0.006114738704112062,0.027276102290843072,0.0818938219300736
1994-12-20,SP500,Hold,-0.17512258517736554,457.1,False,False,0.007088164515423216,0.03432509297746663,0.08405162984029743
1994-12-21,SP500,Strong Buy,0.8915616493598135,459.61,False,True,0.0023280607471551818,0.04142642675311669,0.07948042905941988
1994-12-22,SP500,Strong Buy,0.8350894203835352,459.68,False,True,0.0025017403411068074,0.04668465019143748,0.07698833971458403
1994-12-23,SP500,Strong Buy,0.9269230769230424,459.83,False,True,0.00402322597481683,0.04562555727116547,0.07794184807428839
1994-12-27,SP500,Strong Buy,1.0,462.47,False,True,-0.0017514649598892949,0.04047830129521908,0.07239388500875724
1994-12-28,SP500,Strong Buy,1.0,460.86,False,True,0.0016924879572971676,0.041943323351994063,0.08703293841947665
1994-12-29,SP500,Strong Buy,1.0,461.17,False,True,0.010408309300258064,0.043996790771299005,0.0911377583103844
1994-12-30,SP500,Strong Buy,0.8639873652917044,459.27,False,True,0.022013194852701055,0.04872950551962897,0.09717595314303133
1995-01-03,SP500,Strong Buy,0.8458246751986003,459.11,False,True,0.02382871207335932,0.05105530265078085,0.09585938010498571
1995-01-04,SP500,Strong Buy,1.0,460.71,False,True,0.019535065442469232,0.05172451216600474,0.09010006294632208
1995-01-05,SP500,Strong Buy,1.0,460.34,False,True,0.014358952078898236,0.05404700873267596,0.08769605074510146
1995-01-06,SP500,Strong Buy,1.0,460.68,False,True,0.00889988712338275,0.04621429191629769,0.0893678909438222
1995-01-09,SP500,Strong Buy,1.0,460.83,False,True,0.010828288088883121,0.04750124774862757,0.09636959399344666
1995-01-10,SP500,Strong Buy,1.0,461.68,False,True,0.009053890140356971,0.050662796742332324,0.09506584647374802
1995-01-11,SP500,Strong Buy,1.0,461.66,False,True,0.012520036390417131,0.054693930598275785,0.09621799592773893
1995-01-12,SP500,Strong Buy,1.0,461.64,False,True,0.014470149900355271,0.05733905207521018,0.09700199289489653
1995-01-13,SP500,Strong Buy,1.0,465.97,False,True,0.009485589201021436,0.0382857265489194,0.08807433954975634
1995-01-16,SP500,Strong Buy,1.0,469.38,False,True,-0.0018535088840598334,0.03836976437002001,0.07701648983765814
1995-01-17,SP500,Strong Buy,1.0,470.05,False,True,0.0007871503031592481,0.03318795872779484,0.07897032230613765
1995-01-18,SP500,Strong Buy,1.0,469.71,False,True,0.0014689915053969422,0.03282876668582746,0.08413702071490929
1995-01-19,SP500,Strong Buy,1.0,466.95,False,True,0.012506692365349677,0.03955455616233007,0.0839061998072599
1995-01-20,SP500,Strong Buy,1.0,464.78,False,True,0.029842075820818464,0.04485993373208835,0.08733164077628132
1995-01-23,SP500,Strong Buy,1.0,465.82,False,True,0.03288824009273967,0.0349920570177322,0.0839380018032717
1995-01-24,SP500,Strong Buy,1.0,465.86,False,True,0.03209118619327692,0.03709268879062373,0.08463916197999401
1995-01-25,SP500,Strong Buy,1.0,467.44,False,True,0.02941553996234811,0.033629984596953676,0.08781875748759202
1995-01-26,SP500,Strong Buy,1.0,468.32,False,True,0.02534591732148959,0.045374957294157844,0.09516996925179363
1995-01-27,SP500,Strong Buy,1.0,470.39,False,True,0.023533663555772855,0.04179510618848195,0.0886711027020133
1995-01-30,SP500,Strong Buy,1.0,468.51,False,True,0.028046359736184898,0.05203730976926852,0.09423491494311749
1995-01-31,SP500,Strong Buy,1.0,470.42,False,True,0.025785468304919,0.045618808724118824,0.09168402703966655
1995-02-01,SP500,Strong Buy,1.0,470.4,False,True,0.030059523809523904,0.05316751700680283,0.0941964285714287
1995-02-02,SP500,Strong Buy,1.0,472.79,False,True,0.02629074218997865,0.04807631295078145,0.08771336111169857
1995-02-03,SP500,Strong Buy,1.0,478.65,False,True,0.006936174657892093,0.036540269507991247,0.07565026637417745
1995-02-06,SP500,Strong Buy,1.0,481.14,False,True,0.003283867481398431,0.02895207216194872,0.08176414349253862
1995-02-07,SP500,Strong Buy,1.0,480.81,False,True,0.008860048667872945,0.030906179156007598,0.08263139285788557
1995-02-08,SP500,Strong Buy,1.0,481.19,False,True,0.011887196325775737,0.030673954155323244,0.08090359317525303
1995-02-09,SP500,Strong Buy,1.0,480.19,False,True,0.016493471334263553,0.04327453716237329,0.09115141922988824
1995-02-10,SP500,Strong Buy,1.0,481.46,False,True,0.004880986997881491,0.04515432226976283,0.08744236281311006
1995-02-13,SP500,Strong Buy,1.0,481.65,False,True,0.011917367382954448,0.04619537008200976,0.08867434859337701
1995-02-14,SP500,Strong Buy,1.0,482.55,False,True,0.006424204745622144,0.04262770697337062,0.08666459434255516
1995-02-15,SP500,Strong Buy,1.0,484.54,False,True,0.0012176497296404322,0.036488215627192816,0.0846369752755189
1995-02-16,SP500,Strong Buy,1.0,485.22,False,True,0.0004121841638844001,0.0319236634928485,0.08763035324182841
1995-02-17,SP500,Strong Buy,1.0,481.97,False,True,0.007593833641097927,0.041247380542357395,0.0958980849430463
1995-02-21,SP500,Strong Buy,1.0,482.72,False,True,-0.0012429565793835406,0.046652303612860414,0.09187520715942994
1995-02-22,SP500,Strong Buy,1.0,485.07,False,True,-0.003978807182468524,0.04226194157544272,0.07114437091553806
1995-02-23,SP500,Strong Buy,1.0,486.91,False,True,-0.007701628637735926,0.03937072559610597,0.06629561931363091
1995-02-24,SP500,Strong Buy,1.0,488.11,False,True,0.002991129048779946,0.03751203622134355,0.07281145643400046
1995-02-27,SP500,Strong Buy,1.0,483.81,False,True,0.012897625100762715,0.047952708707963844,0.09255699551476826
1995-02-28,SP500,Strong Buy,1.0,487.39,False,True,0.01128459755021646,0.03721865446562299,0.08457292927634959
1995-03-01,SP500,Strong Buy,1.0,485.65,False,True,0.012828168434057487,0.0443117471430043,0.08841758468032546
1995-03-02,SP500,Strong Buy,1.0,485.13,False,True,0.021190196442190813,0.04967740605610872,0.07940139756353963
1995-03-03,SP500,Strong Buy,1.0,485.42,False,True,0.020806724073997702,0.04266408471014787,0.07861233570928274
1995-03-06,SP500,Strong Buy,1.0,485.63,False,True,0.021641990816053357,0.04064823013405269,0.09836706957972115
1995-03-07,SP500,Strong Buy,1.0,482.12,False,True,0.026860532647473633,0.047291130838795346,0.1065502364556542
1995-03-08,SP500,Strong Buy,1.0,483.14,False,True,0.025934511735728836,0.045845924576727315,0.1021857018669537
1995-03-09,SP500,Strong Buy,1.0,483.16,False,True,0.026471562215415106,0.05242569749151416,0.10853547479095951
1995-03-10,SP500,Strong Buy,1.0,489.57,False,True,0.023285740547827755,0.047633637682047494,0.09391915354290492
1995-03-13,SP500,Strong Buy,1.0,490.05,False,True,0.02683399653096618,0.04499540863177229,0.08790939700030606
1995-03-14,SP500,Strong Buy,1.0,492.89,False,True,0.02233764125869868,0.04011036945363059,0.08005843088721629
1995-03-15,SP500,Strong Buy,1.0,491.88,False,True,0.0228511018947711,0.04405546068146694,0.073310563552086
1995-03-16,SP500,Strong Buy,1.0,495.41,False,True,0.013746190024424218,0.038957631053067175,0.0715972628731757
1995-03-17,SP500,Strong Buy,1.0,495.52,False,True,0.0104738456570875,0.03781885695834681,0.08179286406199543
1995-03-20,SP500,Strong Buy,1.0,496.14,False,True,0.01150884830894513,0.037731285524247246,0.08128753980731254
1995-03-21,SP500,Strong Buy,1.0,495.07,False,True,0.02054254953844914,0.05132607510049089,0.08493748358817947
1995-03-22,SP500,Strong Buy,1.0,495.67,False,True,0.019972965884560247,0.05017451126757711,0.08909153267294777
1995-03-23,SP500,Strong Buy,1.0,495.95,False,True,0.0204254461135195,0.0487347514870451,0.09934469200524254
1995-03-24,SP500,Strong Buy,1.0,500.97,False,True,0.010878894943808988,0.04589097151526041,0.08784957183064852
1995-03-27,SP500,Strong Buy,1.0,503.2,False,True,0.007571542130365664,0.04046104928457861,0.08104133545310022
1995-03-28,SP500,Strong Buy,1.0,503.9,False,True,0.003234768803333986,0.04060329430442555,0.09360984322286182
1995-03-29,SP500,Strong Buy,1.0,503.12,False,True,0.008049769438702519,0.0422364445857847,0.09260216250596286
1995-03-30,SP500,Strong Buy,1.0,502.22,False,True,0.013958026362948489,0.04645374537055459,0.08344948428975342
1995-03-31,SP500,Strong Buy,1.0,500.71,False,True,0.010824629026782003,0.0539833436520142,0.08332168320984197
1995-04-03,SP500,Strong Buy,1.0,501.85,False,True,0.0070140480223173885,0.052485802530636706,0.08544385772641226
1995-04-04,SP500,Strong Buy,1.0,505.24,False,True,-0.0006333623624415984,0.04320718866281379,0.07645871269099833
1995-04-05,SP500,Strong Buy,1.0,505.57,False,True,-0.0005538303301223821,0.027711296160769127,0.0774966869078466
1995-04-06,SP500,Strong Buy,1.0,506.08,False,True,0.004762092949731318,0.025904995257666912,0.08103461903256412
1995-04-07,SP500,Strong Buy,1.0,506.42,False,True,0.01277595671576946,0.03402314284585909,0.08064452430788668
1995-04-10,SP500,Strong Buy,1.0,507.01,False,True,0.010039249718940518,0.04256326305201089,0.09266089426244062
1995-04-11,SP500,Strong Buy,1.0,505.53,False,True,0.01410400965323521,0.04565505509069698,0.10056772100567728
1995-04-12,SP500,Strong Buy,1.0,507.17,False,True,0.012579608415324128,0.042234359287812794,0.09862570735650775
1995-04-13,SP500,Strong Buy,1.0,509.23,False,True,0.010761345560944992,0.0283172633191288,0.08944877560237997
1995-04-17,SP500,Strong Buy,1.0,506.13,False,True,0.01606306680101949,0.03447730820145031,0.10819354711240194
1995-04-18,SP500,Strong Buy,1.0,505.37,False,True,0.01877832083424028,0.055464313275421916,0.11007776480598372
1995-04-19,SP500,Strong Buy,1.0,504.92,False,True,0.03081676305157253,0.056583221104333344,0.10886873168026612
1995-04-20,SP500,Strong Buy,1.0,505.29,False,True,0.03018068831759968,0.053870054820004294,0.1136575036117873
1995-04-21,SP500,Strong Buy,1.0,508.49,False,True,0.022871639560266662,0.05331471612027771,0.09827135243564283
1995-04-24,SP500,Strong Buy,1.0,512.89,False,True,0.02158357542552994,0.04418101347267439,0.07426543703328206
1995-04-25,SP500,Strong Buy,1.0,512.1,False,True,0.022378441710603245,0.041066198008201465,0.08092169498144881
1995-04-26,SP500,Strong Buy,1.0,512.66,False,True,0.02282214333086265,0.038407521554246586,0.07989700776343003
1995-04-27,SP500,Strong Buy,1.0,513.55,False,True,0.02106902930581258,0.028020640638691658,0.08388667121020357
1995-04-28,SP500,Strong Buy,1.0,514.71,False,True,0.021060402945347705,0.03141574867401053,0.09012842182976818
1995-05-01,SP500,Strong Buy,1.0,514.26,False,True,0.026212421732197757,0.0423715630225955,0.09207404814685183
1995-05-02,SP500,Strong Buy,1.0,514.86,False,True,0.025890533348871616,0.04197257506895081,0.09781299770811486
1995-05-03,SP500,Strong Buy,1.0,520.48,False,True,0.012661389486627789,0.031970488779588045,0.08155932984936967
1995-05-04,SP500,Strong Buy,1.0,520.54,False,True,-0.0018442386752217366,0.0370576708802399,0.07976332270334649
1995-05-05,SP500,Strong Buy,1.0,520.12,False,True,-0.001788048911789491,0.048258094285934056,0.07598246558486499
1995-05-08,SP500,Strong Buy,1.0,523.96,False,True,-0.00059164821742129,0.04011756622642946,0.06649362546759278
1995-05-09,SP500,Strong Buy,1.0,523.56,False,True,0.009607303842921704,0.03900221560088638,0.06721292688517086
1995-05-10,SP500,Strong Buy,1.0,524.36,False,True,0.008105118620794874,0.05093828667327797,0.06594705927225578
1995-05-11,SP500,Strong Buy,1.0,524.37,False,True,0.008047752541144664,0.04832465625417173,0.06800541602303711
1995-05-12,SP500,Strong Buy,1.0,525.55,False,True,-0.0036152602035961897,0.03535343925411482,0.06629245552278572
1995-05-15,SP500,Strong Buy,1.0,527.74,False,True,-0.007882669496342835,0.02783567665896074,0.06057907302838524
1995-05-16,SP500,Strong Buy,1.0,528.19,False,True,0.009863874742043435,0.031314489104299514,0.05539673223650578
1995-05-17,SP500,Strong Buy,1.0,527.07,False,True,0.012180545278615664,0.03187432409357382,0.053199764737131616
1995-05-18,SP500,Strong Buy,1.0,519.58,False,True,0.024885484429731607,0.04844297317063774,0.07729319835251543
1995-05-19,SP500,Strong Buy,1.0,519.19,False,True,0.031606926173462446,0.053737552726362166,0.0758489185076754
1995-05-22,SP500,Strong Buy,1.0,523.65,False,True,0.02272510264489636,0.04508736751647095,0.06935930487921331
1995-05-23,SP500,Strong Buy,1.0,528.59,False,True,0.008588887417469047,0.0480523657276906,0.05760608411055815
1995-05-24,SP500,Strong Buy,1.0,528.61,False,True,0.007075159380261457,0.052515086736913776,0.05788766765668455
1995-05-25,SP500,Strong Buy,1.0,528.59,False,True,-0.0012296865245274736,0.05410620707921077,0.055846686467772716
1995-05-26,SP500,Strong Buy,1.0,523.65,False,True,0.013806932111142974,0.059448104650052506,0.06849995225818774
1995-05-30,SP500,Strong Buy,1.0,523.58,False,True,0.02381679972497023,0.07125940639443817,0.0640971771267045
1995-05-31,SP500,Strong Buy,1.0,533.4,False,True,0.005755530558680259,0.05174353205849273,0.04510686164229483
1995-06-01,SP500,Strong Buy,1.0,533.49,False,True,0.006804251251194953,0.04948546364505422,0.04987909801495813
1995-06-02,SP500,Strong Buy,1.0,532.51,False,True,0.013746220728249329,0.056731328989127035,0.04983943963493637
1995-06-05,SP500,Strong Buy,1.0,535.6,False,True,0.017961165048543698,0.04268110530246455,0.04555638536221056
1995-06-06,SP500,Strong Buy,1.0,535.55,False,True,0.017608066473718726,0.028811502194006283,0.04737186070394923
1995-06-07,SP500,Strong Buy,1.0,533.13,False,True,0.020351509012811176,0.03828334552548153,0.05392680959615854
1995-06-08,SP500,Strong Buy,1.0,532.35,False,True,0.03516483516483521,0.03995491687799377,0.05915281299896686
1995-06-09,SP500,Strong Buy,0.9999999999999999,527.94,False,True,0.04123574648634311,0.054343296586733224,0.07809599575709342
1995-06-12,SP500,Strong Buy,0.9999999999999999,530.88,False,True,0.024958559373116335,0.05692435201928878,0.07400919228450867
1995-06-13,SP500,Strong Buy,0.9999999999999999,536.05,False,True,0.01190187482510959,0.04768211920529813,0.06387463855983586
1995-06-14,SP500,Strong Buy,0.9999999999999999,536.47,False,True,0.015396946707178389,0.05359106753406528,0.0674967845359478
1995-06-15,SP500,Strong Buy,1.0,537.12,False,True,0.012567024128686327,0.04805257670539162,0.0684949359547214
1995-06-16,SP500,Strong Buy,1.0,539.83,False,True,0.00911398032713995,0.04117963062445567,0.06794731674786497
1995-06-19,SP500,Strong Buy,1.0,545.22,False,True,0.003429808150838202,0.02644803932357573,0.06153479329444986
1995-06-20,SP500,Strong Buy,1.0,544.98,False,True,0.0041836397665968895,0.02535872876068835,0.07088333516826305
1995-06-21,SP500,Strong Buy,1.0,543.98,False,True,0.018401411816610886,0.027151733519614658,0.07237398433765947
1995-06-22,SP500,Strong Buy,1.0,551.07,False,True,0.009617652929754757,0.014281307274937855,0.0575244524289109
1995-06-23,SP500,Strong Buy,1.0,549.71,False,True,0.013607174692110417,0.01877353513670833,0.06274217314584055
1995-06-26,SP500,Strong Buy,1.0,544.13,False,True,0.019572528623674448,0.02988256482825794,0.07836362633929389
1995-06-27,SP500,Strong Buy,1.0,542.43,False,True,0.03403204100068218,0.03185664509706338,0.07479306085577872
1995-06-28,SP500,Strong Buy,1.0,544.73,False,True,0.029868008003965232,0.023351017935491027,0.06792355846015458
1995-06-29,SP500,Strong Buy,0.9999999999999999,543.87,False,True,0.029455568426278306,0.02066670344016035,0.06975931748395746
1995-06-30,SP500,Strong Buy,1.0,544.75,False,True,0.032987608994951866,0.027517209729233612,0.06729692519504354
1995-07-03,SP500,Strong Buy,0.9999999999999999,547.09,False,True,0.02078268657807674,0.020983750388418758,0.062055603282823536
1995-07-05,SP500,Strong Buy,1.0,547.26,False,True,0.006797500274092803,0.023224792603150305,0.0705514746190111
1995-07-06,SP500,Strong Buy,1.0,553.99,False,True,-0.000812289030487997,0.00911568800880874,0.054910738460982975
1995-07-07,SP500,Strong Buy,1.0,556.37,False,True,-0.00494275392274925,0.005104516778402918,0.045563204342434035
1995-07-10,SP500,Strong Buy,1.0,557.19,False,True,-0.0010050431630145176,0.0016511423392378884,0.04513720633895076
1995-07-11,SP500,Strong Buy,1.0,554.78,False,True,0.011391903096723116,0.008543927322542286,0.04810916038790161
1995-07-12,SP500,Strong Buy,1.0,560.89,False,True,0.0012836741607089221,-0.006685802920358716,0.038759828130292946
1995-07-13,SP500,Strong Buy,1.0,561.0,False,True,0.007522281639928748,-0.006310160427807422,0.03830659536541891
1995-07-14,SP500,Strong Buy,1.0,559.89,False,True,0.005429637964600125,0.0003750736751862623,0.033006483416385395
1995-07-17,SP500,Strong Buy,1.0,562.72,False,True,-0.0011728746090419425,-0.006521893659368909,0.02630082456639173
1995-07-18,SP500,Strong Buy,1.0,558.46,False,True,0.002112953479210597,0.0027575833542240508,0.0376034093757834
1995-07-19,SP500,Strong Buy,1.0,550.98,False,True,0.014192892663980428,0.01804058223528974,0.058296126901157944
1995-07-20,SP500,Strong Buy,1.0,553.54,False,True,0.009412147270296703,0.015066661849188916,0.055930917368211944
1995-07-21,SP500,Strong Buy,1.0,553.62,False,True,0.009609479426321394,0.01846031574003834,0.053123080813554366
1995-07-24,SP500,Strong Buy,1.0,556.63,False,True,0.006108186766792981,0.022528430016348317,0.05416524441729691
1995-07-25,SP500,Strong Buy,1.0,561.1,False,True,-0.0012653715915167286,0.01616467652824797,0.0469435038317591
1995-07-26,SP500,Strong Buy,1.0,561.61,False,True,-0.003383130642260603,0.01545556524990643,0.05170848097434156
1995-07-27,SP500,Strong Buy,1.0,565.22,False,True,-0.013746859629878599,0.01319840062276622,0.039347510703796766
1995-07-28,SP500,Strong Buy,1.0,562.93,False,True,-0.013891602863588612,0.019505089442737142,0.039312170252073966
1995-07-31,SP500,Strong Buy,1.0,562.06,False,True,-0.004127673202149124,0.025708999039248562,0.043554068960609225
1995-08-01,SP500,Strong Buy,1.0,559.64,False,True,-0.001911943392180574,0.03418268887141733,0.04079408190979923
1995-08-02,SP500,Strong Buy,1.0,558.8,False,True,0.002093772369363051,0.044398711524695884,0.032068718682892045
1995-08-03,SP500,Strong Buy,1.0,558.75,False,True,0.0005190156599551921,0.04402684563758393,0.03749440715883677
1995-08-04,SP500,Strong Buy,1.0,558.94,False,True,0.0004830572154434855,0.042634272014885184,0.043493040397895914
1995-08-07,SP500,Strong Buy,1.0,560.03,False,True,-0.003428387764941091,0.04315840222845218,0.03833723193400359
1995-08-08,SP500,Strong Buy,1.0,560.39,False,True,-0.0015524902300183881,0.04707435892860329,0.04252395653027363
1995-08-09,SP500,Strong Buy,1.0,559.71,False,True,-0.004591663540047614,0.041610834181987036,0.053617051687480995
1995-08-10,SP500,Strong Buy,1.0,557.45,False,True,1.7938828594476462e-05,0.043555475827428414,0.05941340030496009
1995-08-11,SP500,Strong Buy,1.0,555.11,False,True,0.008989209345895425,0.048098575057195746,0.06007818270252747
1995-08-14,SP500,Strong Buy,1.0,559.74,False,True,-0.001232715189195081,0.03871440311573223,0.04748633294029378
1995-08-15,SP500,Strong Buy,1.0,558.57,False,True,0.002560108849383157,0.04022772436758135,0.059330075012979544
1995-08-16,SP500,Strong Buy,1.0,559.97,False,True,0.0016965194563993281,0.046252477811311275,0.05944961337214487
1995-08-17,SP500,Strong Buy,1.0,559.04,False,True,0.005080137378362965,0.045381368059530636,0.060246136233543336
1995-08-18,SP500,Strong Buy,1.0,559.21,False,True,0.008279537204270302,0.04025321435596643,0.059172761574363686
1995-08-21,SP500,Strong Buy,0.9999999999999999,558.11,False,True,0.019816881976671166,0.04341438067764422,0.05586712296859033
1995-08-22,SP500,Strong Buy,1.0,559.52,False,True,0.01903417214755501,0.0392300543322849,0.061552759508149944
1995-08-23,SP500,Strong Buy,1.0,557.14,False,True,0.023602685141975048,0.0457515166744445,0.07215421617546765
1995-08-24,SP500,Strong Buy,1.0,557.46,False,True,0.027302407347612228,0.04490008251713122,0.07643597746923549
1995-08-25,SP500,Strong Buy,1.0,560.1,False,True,0.024656311372969014,0.03261917514729509,0.06561328334226031
1995-08-28,SP500,Strong Buy,1.0,559.05,False,True,0.03123155352830702,0.03303818978624457,0.07367856184598884
1995-08-29,SP500,Strong Buy,0.9999999999999999,560.0,False,True,0.03351785714285711,0.034750000000000066,0.06857142857142853
1995-08-30,SP500,Strong Buy,1.0,560.92,False,True,0.04045140126934332,0.03954218070313069,0.06961777080510602
1995-08-31,SP500,Strong Buy,1.0,561.88,False,True,0.03821100590873501,0.040257706271801814,0.07019292375596223
1995-09-01,SP500,Strong Buy,1.0,563.84,False,True,0.03357335414301921,0.03403447786606119,0.07557108399545973
1995-09-05,SP500,Strong Buy,1.0,569.17,False,True,0.026406873166189518,0.0309397895180702,0.06758964808405227
1995-09-06,SP500,Strong Buy,1.0,570.17,False,True,0.02911412385779684,0.030289211989406838,0.06173597348159329
1995-09-07,SP500,Strong Buy,1.0,570.29,False,True,0.02228690666152315,0.035701134510512225,0.06433568886005375
1995-09-08,SP500,Strong Buy,1.0,572.68,False,True,0.015802891667248846,0.025808479430048346,0.07159321086819866
1995-09-11,SP500,Strong Buy,1.0,573.91,False,True,0.013765224512554195,0.01942813333101005,0.07626631353348083
1995-09-12,SP500,Strong Buy,1.0,576.51,False,True,0.008499418917278066,0.01739779015108146,0.07574890288112948
1995-09-13,SP500,Strong Buy,1.0,578.77,False,True,0.003922110683000124,0.006392867633084033,0.06461979715603777
1995-09-14,SP500,Strong Buy,1.0,583.61,False,True,0.003872449067013915,-0.01180582923527696,0.05803533181405391
1995-09-15,SP500,Strong Buy,1.0,583.35,False,True,0.0018170909402587562,-0.00625696408674034,0.06200394274449294
1995-09-18,SP500,Strong Buy,1.0,582.77,False,True,-0.0018017399660242542,0.0008236525558968687,0.06179110112051065
1995-09-19,SP500,Strong Buy,1.0,584.2,False,True,-0.0031838411502910194,-0.0046217048955837815,0.06417322834645671
1995-09-20,SP500,Strong Buy,1.0,586.77,False,True,-0.00903249995739379,-0.004345825451198859,0.05138299504064621
1995-09-21,SP500,Strong Buy,1.0,583.0,False,True,-0.000634648370497435,0.01152658662092629,0.05718696397941687
1995-09-22,SP500,Strong Buy,1.0,581.73,False,True,0.0013064480085262767,0.015196053151805874,0.04311278428136752
1995-09-25,SP500,Strong Buy,1.0,581.81,False,True,-0.005912583145700386,0.011429848232240924,0.051769478008284506
1995-09-26,SP500,Strong Buy,1.0,581.41,False,True,-0.006690631396088795,0.008444987186323047,0.04219053679847283
1995-09-27,SP500,Strong Buy,1.0,581.04,False,True,-0.002719262012942185,0.018363623846895348,0.05068497865895644
1995-09-28,SP500,Strong Buy,1.0,585.87,False,True,-0.004728011333572263,0.012613719767183822,0.044514994794067016
1995-09-29,SP500,Strong Buy,1.0,584.41,False,True,0.0001540014715696717,0.014219469208261426,0.05114559983573174
1995-10-02,SP500,Strong Buy,1.0,581.72,True,True,0.002251942515299363,0.018187444131197012,0.056401705287767216
1995-10-03,SP500,Strong Buy,1.0,582.34,True,True,0.007624411855616892,0.011934608647868824,0.05457292990349275
1995-10-04,SP500,Strong Buy,1.0,581.47,True,True,0.010267081706708906,0.021480041962612016,0.05926359055497261
1995-10-05,SP500,Strong Buy,1.0,582.63,True,True,0.01376516828862225,0.02524758423012896,0.06539313114669691
1995-10-06,SP500,Strong Buy,0.9999999999999999,582.49,True,True,0.008532335319061318,0.0301807756356333,0.06666208861954719
1995-10-09,SP500,Strong Buy,0.9999999999999999,578.37,True,True,0.011566989989107216,0.03195186472327406,0.06800145235748749
1995-10-10,SP500,Strong Buy,0.9999999999999999,577.52,True,True,0.015618506718382016,0.03934062889596902,0.067859121762017
1995-10-11,SP500,Strong Buy,0.9999999999999999,579.46,True,True,0.00519449142304903,0.032685603838056014,0.06730404169399096
1995-10-12,SP500,Strong Buy,1.0,583.1,True,True,-0.01094151946492882,0.028931572629051626,0.04518950437317788
1995-10-13,SP500,Strong Buy,0.9999999999999999,584.5,False,True,-0.008212147134302746,0.02877673224978623,0.023917878528657004
1995-10-16,SP500,Strong Buy,0.9999999999999999,583.03,True,True,0.0003773390734611037,0.04016945954753627,0.0337203917465655
1995-10-17,SP500,Strong Buy,0.9999999999999999,586.78,True,True,-0.00899826169944438,0.035549950577729326,0.02561436995125937
1995-10-18,SP500,Strong Buy,0.9999999999999999,587.44,True,True,-0.005481410867492896,0.030522266103772212,0.02107449271414952
1995-10-19,SP500,Strong Buy,1.0,590.65,False,True,-0.0015745365275543046,0.027647506983831442,0.030119360027088933
1995-10-20,SP500,Strong Buy,1.0,587.46,False,True,0.005293977462295328,0.044632826064753196,0.03218942566302381
1995-10-23,SP500,Strong Buy,0.9999999999999999,585.06,True,True,0.005811369774040426,0.05575496530270401,0.03961986804772171
1995-10-24,SP500,Strong Buy,1.0,586.54,True,True,-0.0003750809833939946,0.05735329218808605,0.04311726395471763
1995-10-25,SP500,Strong Buy,1.0,582.47,True,True,0.01586347794736211,0.057857057015811855,0.053101447284838614
1995-10-26,SP500,Strong Buy,1.0,576.72,True,True,0.02867942849216251,0.07067554445831598,0.06254334859203761
1995-10-27,SP500,Strong Buy,1.0,579.7,True,True,0.02245989304812831,0.0686907020872864,0.06944971537001896
1995-10-30,SP500,Strong Buy,1.0,583.25,True,True,0.015516502357479561,0.06091727389627085,0.05791684526360904
1995-10-31,SP500,Strong Buy,1.0,581.5,False,True,0.01339638865004293,0.06911435941530533,0.068993981083405
1995-11-01,SP500,Strong Buy,1.0,584.22,False,True,0.016671801718530704,0.055972065317859594,0.06846735818698435
1995-11-02,SP500,Strong Buy,1.0,589.72,False,True,0.012921386420674225,0.045140066472224114,0.06855795970969265
1995-11-03,SP500,Strong Buy,1.0,590.57,False,True,0.01608615405455746,0.02749885703642226,0.0769595475557511
1995-11-06,SP500,Strong Buy,1.0,588.46,False,True,0.01425755361451923,0.039883764401998284,0.08496754239880365
1995-11-07,SP500,Strong Buy,1.0,586.32,False,True,0.023741301678264357,0.03346295538272616,0.08445899849911308
1995-11-08,SP500,Strong Buy,1.0,591.71,False,True,0.011306214192763247,0.0317385205590576,0.08402764867925151
1995-11-09,SP500,Strong Buy,1.0,593.26,False,True,0.011310386677005084,0.031503893739675784,0.08945487644540345
1995-11-10,SP500,Strong Buy,1.0,592.72,False,True,0.01450938048319615,0.03640842218922919,0.09652112295856377
1995-11-13,SP500,Strong Buy,1.0,592.3,False,True,0.023889920648320264,0.037531656255276075,0.10766503461083927
1995-11-14,SP500,Strong Buy,1.0,589.29,False,True,0.03113916747272145,0.04213545113611302,0.11383189940436804
1995-11-15,SP500,Strong Buy,1.0,593.96,False,True,0.019210047814667598,0.03698902282982004,0.11362718028150044
1995-11-16,SP500,Strong Buy,1.0,597.34,False,True,0.016138212743161327,0.03915692905213109,0.10575216794455411
1995-11-17,SP500,Strong Buy,1.0,600.07,False,True,0.02268068725315363,0.03541253520422617,0.09250587431466327
1995-11-20,SP500,Strong Buy,1.0,596.85,False,True,0.03489989109491485,0.034933400351847235,0.09126246125492171
1995-11-21,SP500,Strong Buy,1.0,600.24,False,True,0.03322004531520715,0.027439024390243948,0.07953485272557645
1995-11-22,SP500,Strong Buy,1.0,598.4,False,True,0.029695855614973232,0.03352272727272737,0.07060494652406417
1995-11-24,SP500,Strong Buy,1.0,599.97,False,True,0.029184792572961964,0.015800790039502004,0.08022067770055168
1995-11-27,SP500,Strong Buy,1.0,601.32,False,True,0.0302667464910529,-0.00472294285904349,0.09568948313709831
1995-11-28,SP500,Strong Buy,1.0,606.45,False,True,0.020331437051694164,-0.006200016489405541,0.08678374144612086
1995-11-29,SP500,Strong Buy,1.0,607.64,False,True,0.02312224343361212,-0.00959449674149174,0.07046935685603326
1995-11-30,SP500,Strong Buy,1.0,605.37,False,True,0.019079240794885696,-0.009167946875464517,0.06916431273436081
1995-12-01,SP500,Strong Buy,1.0,606.98,False,True,0.015420606939273145,0.002405351082408047,0.062226103001746316
1995-12-04,SP500,Strong Buy,1.0,613.68,False,True,-0.011194759483770052,-0.011911745535132228,0.04358949289532004
1995-12-05,SP500,Strong Buy,1.0,617.68,False,True,-0.009309027328066313,-0.015282994430773121,0.043210076414972244
1995-12-06,SP500,Strong Buy,1.0,620.18,False,True,-0.02296107581669821,-0.013463833080718355,0.04938888709729433
1995-12-07,SP500,Strong Buy,1.0,616.17,False,True,-0.009218235227291089,-0.0044955126020416155,0.06430043656783031
1995-12-08,SP500,Strong Buy,1.0,617.48,False,True,-0.008955755652004878,-0.0075953877048650234,0.055904644684848064
1995-12-11,SP500,Strong Buy,1.0,619.52,False,True,-0.008425878099173598,0.0007102272727273608,0.05509103822314049
1995-12-12,SP500,Strong Buy,1.0,618.78,False,True,-0.006868353857590743,-0.002828145706066777,0.02378874559617316
1995-12-13,SP500,Strong Buy,1.0,621.69,False,True,-0.012176486673422525,-0.00011259631005814798,0.02948414804806242
1995-12-14,SP500,Strong Buy,1.0,616.92,False,True,-0.001604746158334969,0.011832976723076037,0.032694676781430454
1995-12-15,SP500,Strong Buy,1.0,616.34,False,True,0.0071226920206379375,0.02240646396469472,0.036035305188694425
1995-12-18,SP500,Strong Buy,1.0,606.81,True,True,0.02391193289497554,0.048136978625929104,0.05612959575484923
1995-12-19,SP500,Strong Buy,1.0,611.93,False,True,0.009429183076495835,0.0433546320657593,0.04820812838069714
1995-12-20,SP500,Strong Buy,1.0,605.94,False,True,0.01777403703336961,0.04934481961910416,0.07708684028121583
1995-12-21,SP500,Strong Buy,1.0,610.49,False,True,0.013055086897410322,0.05068060082884231,0.06748677292011343
1995-12-22,SP500,Strong Buy,1.0,611.95,False,True,-0.004085301086690089,0.056181060544162095,0.06214560013072958
1995-12-26,SP500,Strong Buy,1.0,614.3,False,True,-0.025752889467686696,0.058000976721471594,0.056796353573172885
1995-12-27,SP500,Strong Buy,1.0,614.53,False,True,-0.01926675670837863,0.06759637446503845,0.05872780824369849
1995-12-28,SP500,Strong Buy,1.0,614.12,False,True,-0.02004494235654279,0.06879762912785775,0.05849019735556562
1995-12-29,SP500,Strong Buy,1.0,615.93,False,True,-0.026155569626418428,0.07390450213498304,0.06013670384621642
1996-01-02,SP500,Strong Buy,1.0,620.73,False,True,-0.019799268603096293,0.0640858344207626,0.04539816023069603
1996-01-03,SP500,Strong Buy,1.0,621.32,False,True,-0.024061675143243488,0.055140668254683556,0.04445374364256744
1996-01-04,SP500,Strong Buy,1.0,617.7,False,True,-0.015314877772381472,0.05442771571960499,0.045005666180993935
1996-01-05,SP500,Strong Buy,1.0,616.71,False,True,-0.007912957467853603,0.05070454508602095,0.06002821423359436
1996-01-08,SP500,Strong Buy,1.0,618.46,False,True,-0.008181612392070723,0.03587944248617524,0.059502635578695395
1996-01-09,SP500,Strong Buy,1.0,609.45,True,True,0.005480351136270273,0.06341783575354824,0.07618344408893256
1996-01-10,SP500,Strong Buy,1.0,598.48,True,True,0.035890923673305736,0.10088891859377087,0.09587621975671701
1996-01-11,SP500,Strong Buy,1.0,602.69,True,True,0.023793326585806827,0.09356385538170532,0.06894091489820629
1996-01-12,SP500,Strong Buy,1.0,601.81,True,True,0.032917365946062815,0.08083946760605523,0.0670975889400311
1996-01-15,SP500,Strong Buy,1.0,599.82,True,True,0.04067887032776495,0.0790570504484678,0.0561501783868493
1996-01-16,SP500,Strong Buy,1.0,608.44,False,True,0.035681414765630005,0.05967720728420213,0.03737426862139224
1996-01-17,SP500,Strong Buy,1.0,606.37,True,True,0.04889753780694951,0.056170325049062365,0.050035456899252984
1996-01-18,SP500,Strong Buy,1.0,608.24,False,True,0.049684335130869436,0.05940089438379586,0.05631000920689202
1996-01-19,SP500,Strong Buy,1.0,611.83,False,True,0.039242926956834394,0.06371050782079973,0.054214405962440475
1996-01-22,SP500,Strong Buy,1.0,613.4,False,True,0.0456961199869579,0.06910661884577761,0.045989566351483595
1996-01-23,SP500,Strong Buy,1.0,612.79,False,True,0.05473326914603711,0.06398603110364079,0.050294554415052546
1996-01-24,SP500,Strong Buy,1.0,619.96,False,True,0.0483418285050647,0.05434221562681454,0.040502613071811105
1996-01-25,SP500,Strong Buy,0.9999999999999999,617.03,False,True,0.06327082961930551,0.026692381245644502,0.05001377566730956
1996-01-26,SP500,Strong Buy,1.0,621.62,False,True,0.05590231974518194,0.029600077217592703,0.04819664746951519
1996-01-29,SP500,Strong Buy,1.0,624.22,False,True,0.05964243375732917,0.020617730928198397,0.041571881708371936
1996-01-30,SP500,Strong Buy,1.0,630.15,False,True,0.04817900499880983,0.01333015948583667,0.036054907561691704
1996-01-31,SP500,Strong Buy,1.0,636.02,False,True,0.030753749882079275,0.007625546366466499,0.02742052136725269
1996-02-01,SP500,Strong Buy,1.0,638.46,False,True,0.02014221721016197,0.004651818438116582,0.024590420699808806
1996-02-02,SP500,Strong Buy,1.0,635.84,False,True,0.019092853548062384,0.02643746854554596,0.02882800704579757
1996-02-05,SP500,Strong Buy,1.0,641.43,False,True,-0.0012160329264299654,0.015995510032271808,0.0205010679263522
1996-02-06,SP500,Strong Buy,1.0,646.33,True,True,0.0027385391363544654,0.005647269970448497,-0.0045642318939242265
1996-02-07,SP500,Strong Buy,1.0,649.93,False,True,0.013739941224439655,-0.0011385841552165549,-0.0127706060652685
1996-02-08,SP500,Strong Buy,1.0,656.07,False,True,0.004587925068971285,-0.008307040407273683,-0.023259713140366275
1996-02-09,SP500,Strong Buy,1.0,656.37,True,True,-0.009004067827597191,-0.00964395082042147,-0.027591145238204082
1996-02-12,SP500,Strong Buy,1.0,661.45,True,True,-0.02148310529896445,-0.01282031899614486,-0.025217325572605732
1996-02-13,SP500,Strong Buy,1.0,660.51,True,True,-0.023860350335346916,-0.017562186795052344,-0.022815703017365272
1996-02-14,SP500,Strong Buy,1.0,655.58,True,True,-0.023109307788523277,-0.010128435888831243,-0.0053235303090393375
1996-02-15,SP500,Strong Buy,1.0,651.32,True,True,-0.010670638088804344,-0.008935699809617469,0.015645151384879843
1996-02-16,SP500,Strong Buy,1.0,647.98,True,True,0.004367418747492094,0.008873730670699713,0.027192197290039823
1996-02-20,SP500,Strong Buy,1.0,640.65,True,True,0.023632248497619586,0.02280496370873334,0.03866385702021382
1996-02-21,SP500,Strong Buy,1.0,648.1,False,True,0.006017589878105196,0.012004320320938084,0.025844777040580157
1996-02-22,SP500,Strong Buy,1.0,658.86,False,True,-0.007907597972255162,-0.004553319369820599,0.015253619888898938
1996-02-23,SP500,Strong Buy,1.0,659.08,True,True,-0.038811676882927776,-0.022516234751471794,0.021347939552102832
1996-02-26,SP500,Strong Buy,1.0,650.46,True,True,-0.01605017987270555,-0.012714079266980262,0.034283430187866976
1996-02-27,SP500,Strong Buy,1.0,647.24,True,True,-0.01568197268401208,-0.021228601446140548,0.048173784067733684
1996-02-28,SP500,Strong Buy,1.0,644.75,True,True,-0.009616130283055519,-0.021046917409848855,0.04846839860411012
1996-02-29,SP500,Strong Buy,1.0,640.43,True,True,0.0006870383960777206,-0.005808597348656237,0.059460050278719055
1996-03-01,SP500,Strong Buy,1.0,644.37,True,True,-0.004562596024023549,-0.0029175784099197597,0.04323602898955571
1996-03-04,SP500,Strong Buy,1.0,650.81,True,True,0.002827246047233497,-0.008927336703492487,0.026305680613389476
1996-03-05,SP500,Strong Buy,1.0,655.79,True,True,-0.006252001402887982,-0.021622775583647127,0.024260815199987927
1996-03-06,SP500,Strong Buy,1.0,652.0,True,True,-0.003098159509202426,-0.012868098159509182,0.02625766871165645
1996-03-07,SP500,Strong Buy,1.0,653.65,True,True,-0.006823223437619403,-0.013126290828424887,0.021464086284708903
1996-03-08,SP500,Strong Buy,1.0,633.5,True,True,0.027024467245461727,0.02271507498026833,0.06165745856353583
1996-03-11,SP500,Strong Buy,1.0,640.02,True,True,0.0156557607574763,0.0180619355645137,0.06002937408206005
1996-03-12,SP500,Strong Buy,1.0,637.09,True,True,0.02492583465444442,0.02053085121411406,0.05641275173052463
1996-03-13,SP500,Strong Buy,1.0,638.55,True,True,0.016224258084723223,0.02242580847232018,0.05443583118001721
1996-03-14,SP500,Strong Buy,1.0,640.87,True,True,0.012592257400096821,0.01964516984723896,0.048824254528999585
1996-03-15,SP500,Strong Buy,1.0,641.43,True,True,0.006345197449448966,0.0198462809659667,0.04605334954710581
1996-03-18,SP500,Strong Buy,1.0,652.65,True,True,0.0016547920018387206,0.002328966521106231,0.025113000842718128
1996-03-19,SP500,Strong Buy,1.0,651.69,True,True,0.005478064724025128,0.004434623824210876,0.024904479123509494
1996-03-20,SP500,Strong Buy,1.0,649.98,True,True,0.009077202375457671,-0.010154158589495097,0.02441613588110404
1996-03-21,SP500,Strong Buy,1.0,649.19,True,True,0.010274341872179113,-0.011645281042530011,0.024599886011799185
1996-03-22,SP500,Strong Buy,1.0,650.62,True,True,-0.009806031170268353,-0.015077925670898619,0.01758322830530869
1996-03-25,SP500,Strong Buy,1.0,650.04,True,True,-0.012076179927388945,-0.01812196172543224,0.01833733308719475
1996-03-26,SP500,Strong Buy,1.0,652.97,True,True,-0.029817602646369706,-0.012558004196211227,0.01398226564773266
1996-03-27,SP500,Strong Buy,1.0,648.91,True,True,-0.02732274121218662,-0.005347428765159905,0.027630950362916375
1996-03-28,SP500,Strong Buy,1.0,648.94,True,True,-0.01884611828520359,0.0048540697136869,0.030680802539525945
1996-03-29,SP500,Strong Buy,1.0,645.5,True,True,-0.004663051897753665,0.024802478698683177,0.03560030983733543
1996-04-01,SP500,Strong Buy,1.0,653.73,True,True,-0.013354137029048717,0.018157343245682474,0.016306426200419083
1996-04-02,SP500,Strong Buy,1.0,655.26,False,True,-0.020831425693617765,0.01550529560785027,0.02028202545554431
1996-04-03,SP500,Strong Buy,1.0,655.88,False,True,-0.018707690431176406,0.013676282246752497,0.022488869915228395
1996-04-04,SP500,Strong Buy,1.0,655.86,False,True,-0.016451681761351453,0.01989753910895611,0.030524807123471446
1996-04-08,SP500,Strong Buy,1.0,644.24,True,True,0.005665590463181388,0.04487458090152733,0.04558860052154477
1996-04-09,SP500,Strong Buy,1.0,642.19,True,True,0.014621840888210632,0.047602734393248004,0.04704215263395556
1996-04-10,SP500,Strong Buy,1.0,633.5,True,True,0.026314127861089123,0.0709076558800315,0.03779005524861887
1996-04-11,SP500,Strong Buy,1.0,631.18,True,True,0.03436420672391403,0.0710098545581293,0.03384137646946991
1996-04-12,SP500,Strong Buy,1.0,636.71,True,True,0.02630710998727835,0.06564998193840202,0.028333150099731374
1996-04-15,SP500,Strong Buy,0.9999999999999999,642.49,False,True,0.018163706828121774,0.04628865818923253,0.021120951298852803
1996-04-16,SP500,Strong Buy,1.0,645.0,False,True,0.014217054263565829,0.035550387596899144,0.0010387596899224171
1996-04-17,SP500,Strong Buy,1.0,641.61,False,True,0.02021477221365008,0.04689764810398845,0.007138292732345257
1996-04-18,SP500,Strong Buy,1.0,643.61,False,True,-0.0003573592703656223,0.0396358042914187,-0.02145709358151685
1996-04-19,SP500,Strong Buy,1.0,645.07,False,True,-0.0053327545847738295,0.03505045964003891,-0.025888663245849357
1996-04-22,SP500,Strong Buy,1.0,647.89,False,True,-0.010927780950470051,0.038077451419222336,-0.021330781459815613
1996-04-23,SP500,Strong Buy,1.0,651.58,False,True,-0.020442616409343518,0.041222873630252635,-0.012308542312532759
1996-04-24,SP500,Strong Buy,1.0,650.17,False,True,-0.008305520094744417,0.03516003506775153,-0.01759539812664371
1996-04-25,SP500,Strong Buy,1.0,652.87,False,True,-0.011380519858470982,0.031307917349548825,-0.029255441358922944
1996-04-26,SP500,Strong Buy,1.0,653.46,False,True,-0.00209653230496129,0.028616900804945875,-0.04069109050286174
1996-04-29,SP500,Strong Buy,1.0,654.16,False,True,0.011235783294606859,0.025697077167665495,-0.0420539317598141
1996-04-30,SP500,Strong Buy,1.0,654.17,False,True,0.017472522433006808,0.022731094363850384,-0.035159056514361714
1996-05-01,SP500,Strong Buy,1.0,654.58,False,True,0.016560237098597448,0.020379479971890248,-0.028537382749243886
1996-05-02,SP500,Strong Buy,1.0,643.38,True,True,0.03337063632689861,0.03492492772545001,-0.019382013739936005
1996-05-03,SP500,Strong Buy,1.0,641.63,False,True,0.04251671524087086,0.03667222542586845,-0.009927840032417444
1996-05-06,SP500,Strong Buy,1.0,640.81,False,True,0.05046737722569878,0.03316115541268083,-0.0013420514661130446
1996-05-07,SP500,Strong Buy,1.0,638.26,False,True,0.05405320715695798,0.0371322031773886,0.018425093222197837
1996-05-08,SP500,Strong Buy,1.0,644.77,False,True,0.05218915272112533,0.026877801386541,0.027482668238286562
1996-05-09,SP500,Strong Buy,1.0,645.44,False,True,0.04734754586018831,0.03315567674764498,0.022914600892414417
1996-05-10,SP500,Strong Buy,1.0,652.09,False,True,0.040515879709855936,0.025701973653943458,0.015780030363906766
1996-05-13,SP500,Strong Buy,1.0,661.51,False,True,0.0162053483696392,0.010536499826155352,0.004005986304061885
1996-05-14,SP500,Strong Buy,1.0,665.6,False,True,0.003500600961538352,-0.0018179086538462085,-0.0045222355769230635
1996-05-15,SP500,Strong Buy,1.0,665.42,False,True,0.009437648402512828,0.004703796098704571,-0.004989330047188147
1996-05-16,SP500,Strong Buy,1.0,664.85,False,True,0.006422501316086308,0.008693690306084037,0.0013837707753628023
1996-05-17,SP500,Strong Buy,1.0,668.91,False,True,-0.0018388123962865231,0.010419936912290186,-0.013021183716792877
1996-05-20,SP500,Strong Buy,1.0,673.15,False,True,-0.0008764762682909186,0.000683354378667513,-0.01648963826784524
1996-05-21,SP500,Strong Buy,1.0,672.76,False,True,0.008442832510850918,-0.0005351091028004246,-0.015577620548189574
1996-05-22,SP500,Strong Buy,1.0,678.42,False,True,-0.00794493086878333,-0.030924795849178836,-0.019471713687685983
1996-05-23,SP500,Strong Buy,1.0,676.0,False,True,-0.003979289940828483,-0.034704142011834374,-0.01393491124260349
1996-05-24,SP500,Strong Buy,1.0,678.51,False,True,-0.009358741949271231,-0.03501790688420214,-0.01889434201411908
1996-05-28,SP500,Strong Buy,1.0,672.23,False,True,-0.0018743584784969294,-0.024054267140710878,-0.010651116433363533
1996-05-29,SP500,Strong Buy,1.0,667.93,False,True,0.0016618507927477636,-0.03332684562753581,0.004117197909960625
1996-05-30,SP500,Strong Buy,1.0,671.7,False,True,-0.005627512282268998,-0.037978264105999686,-0.00695250856036932
1996-05-31,SP500,Strong Buy,1.0,669.12,False,True,-0.004887015781922498,-0.05876374940219998,-0.007831181252989015
1996-06-03,SP500,Strong Buy,1.0,667.68,False,True,-0.0037742631200574856,-0.05887550922597644,-0.0019170860292355213
1996-06-04,SP500,Strong Buy,1.0,672.56,False,True,-0.015611990008326396,-0.057229094801950604,-0.011523135482336149
1996-06-05,SP500,Strong Buy,1.0,678.44,False,True,-0.02429102057661697,-0.05141206296798553,-0.03101232238665184
1996-06-06,SP500,Strong Buy,1.0,673.03,False,True,-0.016239989302111273,-0.05096355288768696,-0.031261607952097176
1996-06-07,SP500,Strong Buy,1.0,673.31,False,True,-0.009609243884688945,-0.058724807295302266,-0.027609867668681468
1996-06-10,SP500,Strong Buy,1.0,672.16,False,True,-0.00492442275648647,-0.06737979052606517,-0.02462211378243269
1996-06-11,SP500,Strong Buy,0.9999999999999999,670.97,False,True,-0.003711045203213272,-0.06605362385799671,-0.03208787278119733
1996-06-12,SP500,Strong Buy,0.9999999999999999,669.04,False,True,-0.006950257084778156,-0.056603491570010774,-0.01996891067798639
1996-06-13,SP500,Strong Buy,0.9999999999999999,667.92,False,True,0.000943226733740561,-0.04793987303868724,-0.0062282908132710035
1996-06-14,SP500,Strong Buy,0.9999999999999999,665.85,True,True,0.007178794022677739,-0.052474280994218,-0.003063753097544608
1996-06-17,SP500,Strong Buy,1.0,665.16,False,True,0.01611642311624275,-0.04495159059474409,0.003187203078958453
1996-06-18,SP500,Strong Buy,1.0,662.06,False,True,0.017445548741805983,-0.033395764734313965,0.013729873425369351
1996-06-19,SP500,Strong Buy,1.0,661.96,False,True,0.015771345700646474,-0.018037343646141842,0.028068161218200383
1996-06-20,SP500,Strong Buy,1.0,662.1,False,True,-0.007038211750490814,0.000589034888989558,0.03304636761818456
1996-06-21,SP500,Strong Buy,1.0,666.84,False,True,-0.021444424449643194,-0.0099124227700798,0.024143722632115682
1996-06-24,SP500,Strong Buy,1.0,668.85,False,True,-0.021080959856470093,-0.00967331987740155,0.01886820662330867
1996-06-25,SP500,Strong Buy,1.0,668.48,False,True,-0.018579463858305518,-0.006462422211584565,0.021720919100047843
1996-06-26,SP500,Strong Buy,1.0,664.39,False,True,-0.028176221797438294,-0.0027092520959074557,0.034076370806303505
1996-06-27,SP500,Strong Buy,1.0,668.55,False,True,-0.0334455164161243,-0.009647745120035797,0.02681923565926268
1996-06-28,SP500,Strong Buy,0.9999999999999999,670.63,False,True,-0.06088305026616769,-0.00724691707797148,0.022337205314405886
1996-07-01,SP500,Strong Buy,0.9999999999999999,675.88,False,True,-0.07029354323252647,-0.023199384506125274,0.014721548203823232
1996-07-02,SP500,Strong Buy,0.9999999999999999,673.61,False,True,-0.05869865352355215,-0.01716126542064408,0.01818559700717032
1996-07-03,SP500,Strong Buy,1.0,672.4,False,True,-0.0428911362284355,-0.015050565139797746,0.02050862581796561
1996-07-05,SP500,Strong Buy,1.0,657.44,False,True,-0.0284588707714773,0.011818568994889238,0.04546422487223166
1996-07-08,SP500,Strong Buy,1.0,652.54,False,True,-0.02876452018267077,0.021515922395562076,0.055996567260244705
1996-07-09,SP500,Strong Buy,1.0,654.75,False,True,-0.04258113783886979,0.016708667430316997,0.05996181748759067
1996-07-10,SP500,Strong Buy,1.0,656.06,False,True,-0.04482821693137818,0.013733499984757652,0.05597049050391737
1996-07-11,SP500,Strong Buy,1.0,645.67,False,True,-0.02245729242492295,0.03873495748602226,0.08640636857837608
1996-07-12,SP500,Strong Buy,1.0,646.19,False,True,-0.015924109008186565,0.032250576455841035,0.08844148006004422
1996-07-15,SP500,Hold,-0.17506724758478068,629.8,True,False,0.0017624642743728385,0.05411241664020331,0.1124801524293427
1996-07-16,SP500,Hold,-0.15628691654328628,628.37,True,False,0.010964877381160759,0.060521667170615995,0.10880532170536468
1996-07-17,SP500,Mild Buy,0.6821381404174618,634.07,True,True,0.009273424069897637,0.048480451685145004,0.09547841720945631
1996-07-18,SP500,Strong Buy,1.0,643.56,False,True,0.010037914102803214,0.021505376344086072,0.0887252159860775
1996-07-19,SP500,Strong Buy,1.0,638.73,False,True,0.037198816401296304,0.020759945516885054,0.10146697352558975
1996-07-22,SP500,Hold,0.30556701030928257,633.77,True,True,0.041750161730596334,0.03305615601874504,0.10855673193745376
1996-07-23,SP500,Mild Sell,-0.5065911043553017,626.87,True,False,0.05664651363121539,0.04584682629572321,0.12369390782777923
1996-07-24,SP500,Hold,-0.36191466832763,626.65,True,False,0.05985797494614217,0.03636798851033285,0.12820553738131338
1996-07-25,SP500,Hold,-0.0039244491080851485,631.17,True,False,0.04978056624998031,0.038832644137078744,0.12619421075146173
1996-07-26,SP500,Mild Buy,0.489915243014165,635.9,False,True,0.04120144676835988,0.04381192011322537,0.1162918697908477
1996-07-29,SP500,Hold,-0.07676954461700969,630.91,True,False,0.0552535226894486,0.05214689892377673,0.11992201740343328
1996-07-30,SP500,Hold,0.3012316813216097,635.26,True,True,0.03925951578881097,0.05040455876334097,0.11335516166608946
1996-07-31,SP500,Strong Buy,0.7441337797407019,639.95,True,True,0.0345339479646846,0.04875380889131952,0.09741386045784814
1996-08-01,SP500,Strong Buy,1.0,650.02,False,True,0.01886095812436539,0.0469524014645703,0.07830528291437183
1996-08-02,SP500,Strong Buy,1.0,662.49,False,True,0.0041057223505260865,0.03243822548264881,0.05248381107639358
1996-08-05,SP500,Strong Buy,1.0,660.23,False,True,0.009617860442573076,0.03439710403950144,0.06250851975826603
1996-08-06,SP500,Strong Buy,1.0,662.38,False,True,0.004997131555904555,0.028820314623026106,0.058153929768410856
1996-08-07,SP500,Strong Buy,1.0,664.16,False,True,0.0013701517706577963,0.02836665863647319,0.06189773548542522
1996-08-08,SP500,Strong Buy,1.0,662.59,False,True,0.012209662083641343,0.036885555169863624,0.06215004754071137
1996-08-09,SP500,Strong Buy,1.0,662.1,False,True,0.0074460051351758795,0.036822232291194676,0.06740673614257664
1996-08-12,SP500,Strong Buy,1.0,665.77,False,True,-0.002838818210493093,0.029800081109091776,0.07265271790558302
1996-08-13,SP500,Strong Buy,1.0,660.2,False,True,0.009391093607997473,0.038821569221448034,0.09753105119660706
1996-08-14,SP500,Strong Buy,1.0,662.05,False,True,0.0041688694207386015,0.035964051053545894,0.09908617173929465
1996-08-15,SP500,Strong Buy,1.0,662.28,False,True,-0.007368484628857878,0.036102554810654226,0.10349097058645902
1996-08-16,SP500,Strong Buy,1.0,665.21,False,True,-0.019873423430195016,0.033252657055666636,0.10020895657010563
1996-08-19,SP500,Strong Buy,1.0,666.58,False,True,-0.01779231300069011,0.03375438807044916,0.09448228269675042
1996-08-20,SP500,Strong Buy,1.0,665.69,False,True,-0.01514218329853241,0.04254232450540031,0.09830401538253532
1996-08-21,SP500,Strong Buy,1.0,665.07,False,True,-0.023501285578961605,0.04166478716526068,0.10646999563955664
1996-08-22,SP500,Strong Buy,1.0,670.68,False,True,-0.02236536052961174,0.04589371980676342,0.09980914892348074
1996-08-23,SP500,Strong Buy,1.0,667.03,False,True,-0.004902328231114016,0.0544353327436548,0.10492781434118408
1996-08-26,SP500,Strong Buy,1.0,663.88,False,True,-0.00010544074230290116,0.055371452672169655,0.11791287582093145
1996-08-27,SP500,Strong Buy,1.0,666.4,False,True,0.001320528211284507,0.045528211284513856,0.11637154861944789
1996-08-28,SP500,Strong Buy,1.0,664.81,False,True,0.009536559317699842,0.044824837171522795,0.11723650366270072
1996-08-29,SP500,Strong Buy,1.0,657.4,False,True,0.035199269850927875,0.06580468512321265,0.13892607240644972
1996-08-30,SP500,Strong Buy,1.0,651.99,False,True,0.0490651697111919,0.0790656298409484,0.16110676544118768
1996-09-03,SP500,Strong Buy,1.0,654.72,False,True,0.043102394916911084,0.07308467741935487,0.15463098729227762
1996-09-04,SP500,Strong Buy,1.0,655.61,False,True,0.039444181754396686,0.07443449611811893,0.15159927395860343
1996-09-05,SP500,Strong Buy,1.0,649.44,True,True,0.05167528948016744,0.08861480660261141,0.1656504065040649
1996-09-06,SP500,Strong Buy,1.0,655.68,False,True,0.04781295754026358,0.08409590043923881,0.1538555392874573
1996-09-09,SP500,Strong Buy,1.0,663.76,False,True,0.034229239484150936,0.06943774858382552,0.12733518139086414
1996-09-10,SP500,Strong Buy,1.0,663.81,False,True,0.032840722495895015,0.06441602265708578,0.12245973998583945
1996-09-11,SP500,Strong Buy,1.0,667.28,False,True,0.027799424529433025,0.05992986452463735,0.11554369979618755
1996-09-12,SP500,Strong Buy,1.0,671.15,False,True,0.021917604112344537,0.04639797362735601,0.10198912314683758
1996-09-13,SP500,Strong Buy,1.0,680.54,False,True,0.008302230581597101,0.0299468069474241,0.10171334528462696
1996-09-16,SP500,Strong Buy,1.0,683.98,False,True,0.0048978040293576166,0.019415772391005545,0.09292669376297544
1996-09-17,SP500,Strong Buy,1.0,682.94,False,True,0.008990540896711257,0.02717661873663857,0.08461943948223849
1996-09-18,SP500,Strong Buy,1.0,681.47,False,True,0.01840139698005776,0.028511893406899715,0.07018650857704657
1996-09-19,SP500,Strong Buy,1.0,683.0,False,True,0.01431918008784769,0.03260614934114199,0.06682284040995605
1996-09-20,SP500,Strong Buy,1.0,687.03,False,True,0.021003449631020573,0.024365748220601734,0.04941560048323952
1996-09-23,SP500,Strong Buy,1.0,686.48,False,True,0.02456007458338191,0.029498310220254047,0.057627316163617215
1996-09-24,SP500,Strong Buy,1.0,685.61,False,True,0.0219220839836058,0.04161257857965895,0.06699143828123853
1996-09-25,SP500,Strong Buy,1.0,685.83,False,True,0.01590773223685165,0.0565154630156161,0.08738317075660142
1996-09-26,SP500,Strong Buy,1.0,685.86,False,True,0.012757705654215145,0.06093080220453148,0.09187006094538243
1996-09-27,SP500,Strong Buy,1.0,686.19,False,True,0.02108745391218163,0.06504029496203674,0.08850318424926026
1996-09-30,SP500,Strong Buy,1.0,687.33,False,True,0.023584013501520264,0.06480147818369628,0.09267746206334647
1996-10-01,SP500,Strong Buy,1.0,689.08,False,True,0.019576827073779543,0.058744993324432435,0.09685377604922506
1996-10-02,SP500,Strong Buy,1.0,694.01,False,True,0.014985374850506444,0.05348626100488466,0.09045979164565349
1996-10-03,SP500,Strong Buy,1.0,692.78,False,True,0.020511562112070263,0.062213112387771045,0.08815208291232433
1996-10-04,SP500,Strong Buy,1.0,701.46,False,True,0.013343597639209667,0.051549625067715855,0.05599749094745241
1996-10-07,SP500,Strong Buy,1.0,703.34,False,True,0.009255836437569298,0.04788580203031244,0.04787158415560036
1996-10-08,SP500,Strong Buy,1.0,700.64,False,True,0.008463690340260425,0.05926010504681432,0.06763815939712262
1996-10-09,SP500,Strong Buy,1.0,696.74,False,True,0.015113241668341092,0.06775841777420563,0.07306886356460081
1996-10-10,SP500,Strong Buy,1.0,694.61,False,True,0.011056564115114884,0.06930507766948357,0.08439268078490088
1996-10-11,SP500,Strong Buy,1.0,700.66,False,True,0.00037107869722831463,0.06860674221448357,0.06815002997174094
1996-10-14,SP500,Strong Buy,1.0,703.54,False,True,-0.008926287062569253,0.07602979219376299,0.07293117662108774
1996-10-15,SP500,Strong Buy,1.0,702.57,False,True,-0.0015229799165920122,0.0759924278007885,0.08103107163698983
1996-10-16,SP500,Strong Buy,1.0,704.41,False,True,-0.004982893485328134,0.07181896906631086,0.07822149032523676
1996-10-17,SP500,Strong Buy,1.0,706.99,False,True,-0.0024328491209211264,0.07076479158121045,0.08751184599499286
1996-10-18,SP500,Strong Buy,1.0,710.82,False,True,-0.0099181227314933,0.06434821755156002,0.07931684533355841
1996-10-21,SP500,Strong Buy,1.0,709.85,False,True,-0.004395294780587454,0.054138198210889554,0.08438402479397052
1996-10-22,SP500,Strong Buy,1.0,706.57,False,True,0.010713729708309064,0.05453104434097113,0.09850404064706951
1996-10-23,SP500,Strong Buy,1.0,707.27,False,True,0.02448852630537143,0.0524693539949383,0.0981661883014974
1996-10-24,SP500,Strong Buy,1.0,702.29,False,True,0.0361104387076564,0.05312620142676111,0.11452533853536298
1996-10-25,SP500,Strong Buy,1.0,700.92,False,True,0.04265822062432245,0.06967984934086634,0.121711464931804
1996-10-28,SP500,Strong Buy,1.0,697.26,False,True,0.049637151134440546,0.07211083383529814,0.1151650747210509
1996-10-29,SP500,Strong Buy,1.0,701.5,False,True,0.039999999999999925,0.05592302209550965,0.09838916607270133
1996-10-30,SP500,Strong Buy,0.9999999999999999,700.9,False,True,0.04313026109288061,0.040519332287059465,0.09148237979740335
1996-10-31,SP500,Strong Buy,1.0,705.27,False,True,0.04340181774355922,0.033136245693138805,0.08471932734980929
1996-11-01,SP500,Strong Buy,0.9999999999999999,703.77,False,True,0.04809810023160979,0.024454011964136064,0.09765974679227592
1996-11-04,SP500,Strong Buy,0.9999999999999999,706.73,False,True,0.042859366377541584,0.027323022936623528,0.10957508525179338
1996-11-05,SP500,Strong Buy,1.0,714.14,False,True,0.03923600414484552,0.024364970453972578,0.1008485731089142
1996-11-06,SP500,Strong Buy,1.0,724.59,False,True,0.026718558081121755,0.029216522447176967,0.08575884293186489
1996-11-07,SP500,Strong Buy,1.0,727.65,False,True,0.020751735037449356,0.029162372019514916,0.0846698275269704
1996-11-08,SP500,Strong Buy,1.0,730.82,False,True,0.024506718480610777,0.02203004843873992,0.06494075148463359
1996-11-11,SP500,Strong Buy,1.0,731.87,False,True,0.034377690026917304,0.026179512754997428,0.0659679997813819
1996-11-12,SP500,Strong Buy,1.0,729.56,False,True,0.03618619441855377,0.03599429793300086,0.0822413509512583
1996-11-13,SP500,Strong Buy,1.0,731.13,False,True,0.03264809267845664,0.03509635769288631,0.07426859792376178
1996-11-14,SP500,Strong Buy,1.0,735.88,False,True,0.02872750992009565,0.024419742349296118,0.07298744360493564
1996-11-15,SP500,Strong Buy,1.0,737.62,False,True,0.025677177950706245,0.0042298202326401186,0.08832461158862284
1996-11-18,SP500,Strong Buy,1.0,737.02,False,True,0.015277740088464345,-1.3568152831661156e-05,0.10148978318091785
1996-11-19,SP500,Strong Buy,1.0,742.16,False,True,0.003961409938557797,0.007909345693650972,0.08936078473644504
1996-11-20,SP500,Strong Buy,1.0,743.95,False,True,0.0005779958330532294,0.004973452516970135,0.0972377175885475
1996-11-21,SP500,Strong Buy,1.0,742.75,False,True,-0.004240996297542884,0.014109727364523754,0.09389431167956919
1996-11-22,SP500,Strong Buy,1.0,748.73,False,True,0.001375662788989319,-0.0004273903810453034,0.07221561844723723
1996-11-25,SP500,Strong Buy,1.0,757.03,False,True,-0.01253583081251735,-0.002879674517522357,0.05909937518988681
1996-11-26,SP500,Strong Buy,1.0,755.96,False,True,-0.020146568601513332,0.004682787449071331,0.07185565373829295
1996-11-27,SP500,Strong Buy,1.0,755.0,False,True,-0.03403973509933781,0.005973509933774822,0.07553642384105956
1996-11-29,SP500,Strong Buy,1.0,757.02,False,True,-0.037489102005231034,0.015640273704789875,0.0642783546009352
1996-12-02,SP500,Strong Buy,1.0,756.56,False,True,-0.0470286560219942,0.014063656550703315,0.05090144866236664
1996-12-03,SP500,Strong Buy,1.0,748.28,False,True,-0.029721494627679493,0.0286924680600845,0.05685037686427551
1996-12-04,SP500,Strong Buy,1.0,745.1,False,True,-0.018198899476580405,0.04169910079183994,0.06738692792913692
1996-12-05,SP500,Strong Buy,1.0,744.38,False,True,0.0018538918294419456,0.04341868400548114,0.0625621322442839
1996-12-06,SP500,Strong Buy,0.9999999999999999,739.6,False,True,0.012533802055164928,0.05830178474851271,0.08435640886965926
1996-12-09,SP500,Strong Buy,0.9999999999999999,749.76,False,True,-0.0037878787878788305,0.04864223218096461,0.06508749466495939
1996-12-10,SP500,Strong Buy,0.9999999999999999,747.54,False,True,0.004668646493833118,0.040158386173315117,0.07682532038419358
1996-12-11,SP500,Strong Buy,0.9999999999999999,740.73,True,True,0.02037179539103321,0.04021708314770559,0.09844342742969767
1996-12-12,SP500,Strong Buy,1.0,729.3,True,True,0.037693678870149475,0.04897847250788431,0.11249143013848907
1996-12-13,SP500,Strong Buy,1.0,728.64,True,True,0.03459870443566101,0.0499286341677646,0.10378238910847608
1996-12-16,SP500,Strong Buy,1.0,720.98,True,True,0.027407140281283795,0.0714582928791367,0.09512053038919238
1996-12-17,SP500,Strong Buy,1.0,726.04,True,True,0.015109360365820104,0.08006445925844306,0.09246047049749324
1996-12-18,SP500,Strong Buy,1.0,731.54,True,True,0.022541487820214902,0.07466440659430791,0.08771905842469321
1996-12-19,SP500,Strong Buy,0.9999999999999999,745.76,False,True,0.002534327397554155,0.05493724522634631,0.05886612314953869
1996-12-20,SP500,Strong Buy,0.9999999999999999,748.87,False,True,0.00582210530532671,0.0539345947894828,0.04927423985471441
1996-12-23,SP500,Strong Buy,1.0,746.92,True,True,0.0019948588871632963,0.04198575483318162,0.047836448347882
1996-12-24,SP500,Strong Buy,1.0,751.03,False,True,0.005086348081967498,0.038773417839500425,0.04403286153682283
1996-12-26,SP500,Strong Buy,1.0,755.82,False,True,0.004868884125850004,0.044640258262549144,0.04639993649281566
1996-12-27,SP500,Strong Buy,0.9999999999999999,756.79,False,True,0.003594127829384674,0.0378440518505794,0.04265384056343251
1996-12-30,SP500,Strong Buy,1.0,753.85,True,True,0.01991112290243416,0.04740996219407045,0.04861709889235256
1996-12-31,SP500,Strong Buy,1.0,740.74,True,True,0.03572103572103577,0.0837405837405837,0.04473904473904472
1997-01-02,SP500,Strong Buy,1.0,737.01,True,True,0.04442273510535815,0.10150472856541982,0.027285925564103627
1997-01-03,SP500,Strong Buy,0.9999999999999999,748.03,False,True,0.037618812079729405,0.08081226688769173,0.015520767883641049
1997-01-06,SP500,Strong Buy,0.9999999999999999,747.65,True,True,0.03885507924831147,0.09180766401391023,0.003290309636862217
1997-01-07,SP500,Strong Buy,0.9999999999999999,753.23,False,True,0.03915138802225085,0.07867450845027414,-0.0038633617885638757
1997-01-08,SP500,Strong Buy,1.0,748.41,True,True,0.050533798319103235,0.07267406902633582,0.01268021538996006
1997-01-09,SP500,Strong Buy,0.9999999999999999,754.85,True,True,0.030085447439888616,0.06215804464463133,0.009644300192091107
1997-01-10,SP500,Strong Buy,1.0,759.5,False,True,0.014509545753785361,0.06685977616853189,0.008716260697827525
1997-01-13,SP500,Strong Buy,1.0,759.51,True,True,0.00725467735777013,0.06914984661163116,0.0014351358112467667
1997-01-14,SP500,Strong Buy,1.0,768.86,False,True,-0.004994407304320724,0.04788908253778313,-0.01368259501079518
1997-01-15,SP500,Strong Buy,1.0,767.2,False,True,0.0069082377476537464,0.03632690302398332,-0.03851668404588121
1997-01-16,SP500,Strong Buy,1.0,769.75,False,True,0.018733354985384813,0.027372523546606107,-0.033803182851575166
1997-01-17,SP500,Strong Buy,1.0,776.17,False,True,0.012870891686099707,0.02465954623342823,-0.027635698365048807
1997-01-20,SP500,Strong Buy,1.0,776.7,False,True,0.012913608857988892,0.018346852066434917,-0.016956353804557837
1997-01-21,SP500,Strong Buy,1.0,782.72,False,True,0.008355478331970517,0.024619276369582967,-0.026765637775960808
1997-01-22,SP500,Strong Buy,1.0,786.23,False,True,-0.010111544967757584,0.015682433893389882,-0.025297940806125418
1997-01-23,SP500,Strong Buy,1.0,777.56,False,True,0.0033309326611451616,0.035251298935130515,-0.022107618704665804
1997-01-24,SP500,Strong Buy,1.0,770.52,False,True,0.02471058505944033,0.05597518558895291,0.0053081036183357105
1997-01-27,SP500,Strong Buy,1.0,765.02,True,True,0.026679041070821637,0.06054743666832246,0.011267679276358794
1997-01-28,SP500,Strong Buy,1.0,765.02,True,True,0.032116807403728076,0.051292776659433756,0.008052077069880485
1997-01-29,SP500,Strong Buy,1.0,772.5,True,True,0.039184466019417455,0.022084142394821937,-0.009229773462783166
1997-01-30,SP500,Strong Buy,1.0,784.17,False,True,0.03526021143374535,0.011477103179157582,-0.014295369626483955
1997-01-31,SP500,Strong Buy,1.0,786.16,False,True,0.02839116719242909,0.012147654421491896,0.010036124961839811
1997-02-03,SP500,Strong Buy,1.0,786.73,False,True,0.03757324622170242,0.003724276435371665,0.018570538812553244
1997-02-04,SP500,Strong Buy,1.0,789.26,False,True,0.029432633099358917,-0.004421863517725476,0.011745179028457012
1997-02-05,SP500,Strong Buy,1.0,778.28,True,True,0.03150537081770055,0.005614945777869153,0.044572647376265685
1997-02-06,SP500,Strong Buy,1.0,780.15,True,True,0.02771261936807025,0.005063128885470801,0.06426969172595012
1997-02-07,SP500,Strong Buy,1.0,789.56,False,True,0.026242464157252177,0.0016844824965804258,0.0483813769694514
1997-02-10,SP500,Strong Buy,1.0,785.43,True,True,0.03386679907821197,0.004634404084387024,0.038437543765835344
1997-02-11,SP500,Strong Buy,1.0,789.59,False,True,0.020377664357451232,0.0011524968654617817,0.03884294380627915
1997-02-12,SP500,Strong Buy,1.0,802.77,False,True,-0.009591788432552203,-0.035987891924212395,0.027417566675386463
1997-02-13,SP500,Strong Buy,1.0,811.82,False,True,-0.025867803207607596,-0.06737946835505412,0.031829715946884676
1997-02-14,SP500,Strong Buy,1.0,808.48,False,True,-0.016289827825054514,-0.060409657629131246,0.030489313279240027
1997-02-18,SP500,Strong Buy,1.0,816.29,False,True,-0.031042889169290228,-0.08107412806723095,0.024194832718764166
1997-02-19,SP500,Strong Buy,1.0,812.49,True,True,-0.012923235978288964,-0.07651786483525946,0.036172752895420233
1997-02-20,SP500,Strong Buy,1.0,802.8,True,True,-0.005281514698555069,-0.05592924763328348,0.033570004982561095
1997-02-21,SP500,Strong Buy,1.0,801.77,True,True,0.003991169537398562,-0.04944061264452398,0.039288075133766545
1997-02-24,SP500,Strong Buy,1.0,810.28,False,True,0.004159056128745625,-0.054499679123266,0.03872735350742953
1997-02-25,SP500,Strong Buy,1.0,812.03,False,True,-0.0008497223009001402,-0.0633350984569535,0.03364407718926647
1997-02-26,SP500,Strong Buy,1.0,805.68,True,True,-0.0017624863469366983,-0.058757819481679976,0.03721080329659421
1997-02-27,SP500,Strong Buy,1.0,795.07,True,True,-0.006930207403121869,-0.07222005609568978,0.06535273623706078
1997-02-28,SP500,Strong Buy,1.0,790.82,True,True,0.002971599099668583,-0.05954578791634004,0.07446700892744237
1997-03-03,SP500,Strong Buy,1.0,795.31,True,True,0.0005029485357911895,-0.051036702669399255,0.06525757251889212
1997-03-04,SP500,Strong Buy,0.9999999999999999,790.95,True,True,-0.0016309501232695837,-0.03466717238763521,0.06717238763512232
1997-03-05,SP500,Strong Buy,1.0,801.99,False,True,-0.020224691080936205,-0.05015025125001562,0.05771892417611187
1997-03-06,SP500,Strong Buy,1.0,798.56,False,True,-0.019923362051693008,-0.04034762572630725,0.05985774393909045
1997-03-07,SP500,Strong Buy,1.0,804.97,False,True,-0.02592643204094563,-0.0554057915201809,0.050324856826962486
1997-03-10,SP500,Strong Buy,0.9999999999999999,813.65,False,True,-0.027972715541080308,-0.04798131874884774,0.03252012536102752
1997-03-11,SP500,Strong Buy,0.9999999999999999,811.34,False,True,-0.02744841866541768,-0.04646633963566451,0.03955185249094081
1997-03-12,SP500,Strong Buy,0.9999999999999999,804.26,False,True,-0.017108895133414556,-0.04113097754457519,0.06683162161490065
1997-03-13,SP500,Strong Buy,1.0,789.56,False,True,-0.019859162064947505,-0.03063731698667605,0.09289984295050412
1997-03-14,SP500,Strong Buy,1.0,793.17,False,True,-0.045450533933456834,-0.02548003580569099,0.0909010678669138
1997-03-17,SP500,Strong Buy,1.0,795.71,True,True,-0.04533058526347545,-0.0020861871787461283,0.0928227620615551
1997-03-18,SP500,Strong Buy,1.0,789.66,True,True,-0.05008484664285889,0.01479117594914275,0.11878530000253283
1997-03-19,SP500,Strong Buy,1.0,785.77,True,True,-0.04511498275576814,0.016238848518014166,0.13680848085317587
1997-03-20,SP500,Strong Buy,1.0,782.65,True,True,-0.031623330990864375,0.03874017760173775,0.14214527566600652
1997-03-21,SP500,Strong Buy,1.0,784.1,False,True,-0.028019385282489512,0.05890830251243456,0.1406963397525825
1997-03-24,SP500,Strong Buy,1.0,790.89,False,True,-0.03131914678400281,0.0466183666502295,0.12412598465020415
1997-03-25,SP500,Strong Buy,1.0,789.07,False,True,-0.03608044913632507,0.03364720493745796,0.13803591569822696
1997-03-26,SP500,Strong Buy,1.0,790.5,False,True,-0.040683111954459165,0.0376470588235294,0.13687539531941814
1997-03-27,SP500,Strong Buy,1.0,773.88,False,True,-0.046816043831084946,0.06577247118416289,0.13534398097896316
1997-03-31,SP500,Strong Buy,1.0,757.12,True,True,-0.017685439560439543,0.10637679628064238,0.18388102282333055
1997-04-01,SP500,Strong Buy,1.0,759.64,False,True,-0.006476752145753197,0.09674319414459483,0.17027802643357384
1997-04-02,SP500,Strong Buy,1.0,750.11,True,True,0.01789070936262676,0.11455653170868266,0.17806721680820137
1997-04-03,SP500,Strong Buy,1.0,750.32,True,True,0.015260155666915357,0.12202793474784084,0.18256210683441718
1997-04-04,SP500,Strong Buy,1.0,757.9,False,True,0.011136033777543283,0.09480142499010427,0.16788494524343583
1997-04-07,SP500,Strong Buy,1.0,762.13,False,True,-0.0023093173080707898,0.09334365528190727,0.169131250574049
1997-04-08,SP500,Strong Buy,1.0,766.12,False,True,0.011081814859290984,0.09860074139821433,0.18001096433979008
1997-04-09,SP500,Strong Buy,1.0,760.6,False,True,0.017144359716013625,0.1035366815671838,0.20552195635024972
1997-04-10,SP500,Strong Buy,1.0,758.34,False,True,0.016931719281588625,0.10195954321280683,0.20289052403934912
1997-04-11,SP500,Strong Buy,1.0,737.65,False,True,0.03757879753270525,0.14828170541584762,0.24550938792110083
1997-04-14,SP500,Strong Buy,1.0,743.73,False,True,0.03930189719387414,0.14249794952469313,0.22025466231024693
1997-04-15,SP500,Strong Buy,1.0,754.72,False,True,0.052112041551833695,0.12254875980496079,0.210753656985372
1997-04-16,SP500,Strong Buy,1.0,763.53,False,True,0.04951999266564518,0.10549683705944767,0.200581509567404
1997-04-17,SP500,Strong Buy,1.0,761.77,False,True,0.04825603528624124,0.11356446171416569,0.20558698819853763
1997-04-18,SP500,Strong Buy,1.0,766.34,False,True,0.06084766552705065,0.10441840436359838,0.20802776835347228
1997-04-21,SP500,Strong Buy,1.0,760.37,False,True,0.09195523232110678,0.11193234872496287,0.23175559267198867
1997-04-22,SP500,Strong Buy,1.0,774.61,False,True,0.06861517408760534,0.08455868114276861,0.20268264029640723
1997-04-23,SP500,Strong Buy,1.0,773.64,False,True,0.05426296468641748,0.09020991675714798,0.18310842252210327
1997-04-24,SP500,Strong Buy,1.0,771.18,False,True,0.06364272932389331,0.11259368759563272,0.18382219455898768
1997-04-25,SP500,Strong Buy,1.0,765.37,False,True,0.0776225877680076,0.12744162953865446,0.2202986790702536
1997-04-28,SP500,Strong Buy,1.0,772.96,False,True,0.08370420202856542,0.11942403229145097,0.21165390188366784
1997-04-29,SP500,Strong Buy,1.0,794.05,False,True,0.04921604432970222,0.09510736099741843,0.1841823562747938
1997-04-30,SP500,Strong Buy,1.0,801.34,False,True,0.04330246836548772,0.10247834876581725,0.17152519529787597
1997-05-01,SP500,Strong Buy,1.0,798.53,False,True,0.05428725282706977,0.11864300652448877,0.17271736816400146
1997-05-02,SP500,Strong Buy,1.0,812.97,False,True,0.020640368033260727,0.09954856882787796,0.15907106043273422
1997-05-05,SP500,Strong Buy,1.0,830.29,False,True,0.003589107420298954,0.07723807344421828,0.14693661250888246
1997-05-06,SP500,Strong Buy,1.0,827.76,False,True,0.016792306948874042,0.07405528172417121,0.15288247801295057
1997-05-07,SP500,Strong Buy,1.0,815.62,False,True,0.029094431230229787,0.10099065741399181,0.1612515632279738
1997-05-08,SP500,Strong Buy,1.0,820.26,False,True,0.018774534903567133,0.09562821544388371,0.15853509862726448
1997-05-09,SP500,Strong Buy,1.0,824.78,False,True,0.02697689080724557,0.065278013530881,0.15469579766725677
1997-05-12,SP500,Strong Buy,1.0,837.66,False,True,0.014385311462884784,0.07005228851801455,0.146431726476136
1997-05-13,SP500,Strong Buy,1.0,833.13,False,True,0.016900123630165808,0.06704835979979117,0.1417065764046428
1997-05-14,SP500,Strong Buy,1.0,836.04,False,True,0.00961676474809827,0.05698291947753695,0.11662121429596671
1997-05-15,SP500,Strong Buy,1.0,841.88,False,True,0.007602033543972986,0.053950681807383424,0.11298522354729891
1997-05-16,SP500,Strong Buy,1.0,829.75,True,True,0.020018077734257324,0.06675504670081348,0.11663754142814098
1997-05-19,SP500,Strong Buy,1.0,833.27,False,True,0.014653113636636428,0.06931726811237653,0.10650809461519076
1997-05-20,SP500,Strong Buy,1.0,841.66,False,True,-0.0018415987453365428,0.07410355725589907,0.09874533659672553
1997-05-21,SP500,Strong Buy,1.0,839.35,False,True,0.004860904271162122,0.09241675105736574,0.07322332757490906
1997-05-22,SP500,Strong Buy,1.0,835.66,False,True,0.026745327046885124,0.09159227436995918,0.09193930545915809
1997-05-23,SP500,Strong Buy,1.0,847.03,False,True,0.0187478601702419,0.0846723256555258,0.0932434506451956
1997-05-27,SP500,Strong Buy,1.0,849.71,False,True,0.018312130020830573,0.0680585140812747,0.10549481587835847
1997-05-28,SP500,Strong Buy,1.0,847.21,False,True,0.02639251189197485,0.07857555977856721,0.0918780467652647
1997-05-29,SP500,Strong Buy,1.0,844.08,False,True,0.04665434555966259,0.086010804663065,0.09413799639844554
1997-05-30,SP500,Strong Buy,1.0,848.28,False,True,0.053036733154147225,0.082637808270854,0.08473617201867308
1997-06-02,SP500,Strong Buy,1.0,846.36,False,True,0.05616995132095085,0.09381350725459613,0.07876081100241028
1997-06-03,SP500,Strong Buy,0.9999999999999999,845.48,False,True,0.05788427875289769,0.10776127170364765,0.0806878932677296
1997-06-04,SP500,Strong Buy,0.9999999999999999,840.11,False,True,0.05826617942888423,0.10891430884050898,0.07565675923390978
1997-06-05,SP500,Strong Buy,1.0,843.43,False,True,0.06468823731667128,0.08521157653865763,0.06644297689197691
1997-06-06,SP500,Strong Buy,1.0,858.01,False,True,0.0474236897005863,0.06402023286441891,0.0810829710609434
1997-06-09,SP500,Strong Buy,1.0,862.91,False,True,0.018205838384072543,0.08236084875595376,0.07526856798507382
1997-06-10,SP500,Strong Buy,1.0,865.27,False,True,0.035907866908595064,0.08239046771527958,0.07581448565187748
1997-06-11,SP500,Strong Buy,1.0,869.57,False,True,0.022332877169175522,0.0813390526352104,0.06840162379106904
1997-06-12,SP500,Strong Buy,1.0,883.46,False,True,0.00024902089511682883,0.06262875512190696,0.05403753424037309
1997-06-13,SP500,Strong Buy,1.0,893.27,False,True,-0.006683309637623594,0.04833924793175643,0.045171112877405516
1997-06-16,SP500,Strong Buy,1.0,893.9,False,True,-0.009799753887459437,0.0541335719879181,0.028112764291307747
1997-06-17,SP500,Strong Buy,1.0,894.42,False,True,-0.0037901656939692612,0.064701147112095,0.020314840902484373
1997-06-18,SP500,Strong Buy,1.0,889.06,False,True,0.016838008683328493,0.07339212201651182,0.03919870424943201
1997-06-19,SP500,Strong Buy,1.0,897.99,False,True,0.021080412922192843,0.05473334892370736,0.024254167641065014
1997-06-20,SP500,Strong Buy,1.0,898.7,False,True,0.015021698008234115,0.05741626794258363,0.05223100033381544
1997-06-23,SP500,Strong Buy,1.0,878.62,False,True,0.0456738977032164,0.0839384489312786,0.0732739978602809
1997-06-24,SP500,Strong Buy,1.0,896.34,False,True,0.012495258495660052,0.07137916415645851,0.05684226967445381
1997-06-25,SP500,Strong Buy,1.0,888.99,False,True,0.027885578015500696,0.06996704124905798,0.06920212825791064
1997-06-26,SP500,Strong Buy,1.0,883.68,True,True,0.03734383487235198,0.05642313959804456,0.08119455006337135
1997-06-27,SP500,Strong Buy,1.0,887.3,False,True,0.03502761185619299,0.05601262256283111,0.07283894962245013
1997-06-30,SP500,Strong Buy,1.0,885.14,False,True,0.04589104548433017,0.04676096436721873,0.06704024222156951
1997-07-01,SP500,Strong Buy,1.0,891.03,False,True,0.05113183618957842,0.03477997373825798,0.052613267791207924
1997-07-02,SP500,Strong Buy,1.0,904.03,False,True,0.030507837129298852,0.022941716535955677,0.04556264725728135
1997-07-03,SP500,Strong Buy,1.0,916.92,False,True,-0.0017667844522968248,-0.017569689831173945,0.039719931946080436
1997-07-07,SP500,Strong Buy,1.0,912.2,False,True,0.0008112256084192162,0.00031791273843451395,0.03845647884235905
1997-07-08,SP500,Strong Buy,1.0,918.75,False,True,0.01657687074829934,0.007902040816326521,0.0399020408163265
1997-07-09,SP500,Strong Buy,1.0,907.54,False,True,0.03197655199770807,0.03505079665910049,0.05831147938382889
1997-07-10,SP500,Strong Buy,1.0,913.78,False,True,0.029022302961325463,0.012333384403248026,0.05608570990829303
1997-07-11,SP500,Strong Buy,1.0,916.68,False,True,0.02411964916873938,0.007483527512327109,0.06110092944102643
1997-07-14,SP500,Strong Buy,1.0,918.38,False,True,0.019675951131340023,0.001938195518195053,0.07049369542019644
1997-07-15,SP500,Strong Buy,1.0,925.76,False,True,0.017855599723470415,-0.01376166609056344,0.0519357068786727
1997-07-16,SP500,Strong Buy,1.0,936.59,False,True,0.016762937891713483,-0.024439722824288093,0.03633393480605171
1997-07-17,SP500,Strong Buy,1.0,931.61,False,True,0.02436641942443719,-0.0299910906924572,0.03796653105913419
1997-07-18,SP500,Strong Buy,1.0,915.3,True,True,0.0347864088277068,-0.017294875996940816,0.05768600458865953
1997-07-21,SP500,Strong Buy,1.0,912.94,True,True,0.04092273314785188,0.016036103139308155,0.06280807062895691
1997-07-22,SP500,Strong Buy,1.0,933.98,False,True,0.019689929120537897,-0.006552602839461235,0.03398359707916659
1997-07-23,SP500,Strong Buy,1.0,936.56,False,True,0.02536943708892127,-0.006075424959425922,0.01995600922524991
1997-07-24,SP500,Strong Buy,1.0,940.3,False,True,0.011581410188237903,-0.011964266723386154,0.00410507284909073
1997-07-25,SP500,Strong Buy,1.0,938.79,False,True,-0.0055923049883360495,-0.008084875211708602,0.017916679981678597
1997-07-28,SP500,Strong Buy,1.0,936.45,False,True,0.0005873244700731,-0.003022051364194608,0.0382615195685834
1997-07-29,SP500,Strong Buy,1.0,942.29,True,True,-0.01672521198357193,-0.024684545097581414,0.027804603678273192
1997-07-30,SP500,Strong Buy,1.0,952.29,False,True,-0.03178653561415113,-0.04168898129771386,-0.001680160455323388
1997-07-31,SP500,Strong Buy,1.0,954.31,False,True,-0.030954302061175054,-0.03185547673187956,-0.013276608230030032
1997-08-01,SP500,Strong Buy,1.0,947.14,True,True,-0.04891568300356868,-0.028897523069451196,-0.07406508013598832
1997-08-04,SP500,Strong Buy,1.0,950.3,False,True,-0.039787435546669414,-0.0049037146164368816,-0.029937914342839034
1997-08-05,SP500,Strong Buy,1.0,952.37,False,True,-0.027678318300660473,-0.009838613144051161,-0.034870901015361715
1997-08-06,SP500,Strong Buy,1.0,960.32,False,True,-0.021836471176274602,-0.01356839386871052,-0.058980339886704536
1997-08-07,SP500,Strong Buy,1.0,951.19,False,True,-0.027481365447492193,-0.0007148939749156989,-0.038446577445095144
1997-08-08,SP500,Strong Buy,1.0,933.54,True,True,-0.010711913790517814,0.02344837928744348,0.005837993015832258
1997-08-11,SP500,Strong Buy,1.0,937.0,True,True,-0.017972251867662787,0.015933831376734205,0.0040128068303094885
1997-08-12,SP500,Strong Buy,1.0,926.53,True,True,-0.014581287168251423,0.019373360819401473,0.01751697192751451
1997-08-13,SP500,Strong Buy,1.0,922.02,True,True,-0.009023665430250901,0.017233899481573053,0.01736404850220168
1997-08-14,SP500,Strong Buy,1.0,924.77,True,True,-0.022816484098748903,0.02211360662651259,0.002962898882965504
1997-08-15,SP500,Strong Buy,1.0,900.81,True,True,-0.001487550093804374,0.058314183901155725,0.022557476049333433
1997-08-18,SP500,Strong Buy,1.0,912.49,True,True,0.01653716753060311,0.03812644522131745,0.012372738331378934
1997-08-19,SP500,Strong Buy,1.0,926.01,True,True,0.0019978185980713196,0.03174911718016002,-0.021652033995313177
1997-08-20,SP500,Strong Buy,1.0,939.35,False,True,-0.009027519029115897,0.022472986639697677,-0.0241550007984245
1997-08-21,SP500,Strong Buy,1.0,925.05,True,True,0.004324090589697854,0.04321928544403007,0.003567374736500804
1997-08-22,SP500,Strong Buy,1.0,923.54,True,True,0.008294172423500966,0.053219135067241366,0.024536024427745506
1997-08-25,SP500,Strong Buy,1.0,920.16,True,True,0.014627890801599762,0.06842288297687363,0.019637889062771748
1997-08-26,SP500,Strong Buy,1.0,913.02,True,True,0.006582550217957976,0.0666140938862238,0.03457755580381596
1997-08-27,SP500,Strong Buy,1.0,913.7,True,True,-0.0012148407573601987,0.06229615847652398,0.04955674729123342
1997-08-28,SP500,Strong Buy,1.0,903.67,True,True,0.02239755663018581,0.07005876038819488,0.06575409164850009
1997-08-29,SP500,Strong Buy,1.0,899.47,True,True,0.02256884609825781,0.07630048806519395,0.05247534659299358
1997-09-02,SP500,Strong Buy,1.0,927.58,True,True,0.019470018758489773,0.046033765281700695,0.02505444274348305
1997-09-03,SP500,Strong Buy,1.0,927.86,True,True,0.016317116806414747,0.04080356950402002,0.025628866423813908
1997-09-04,SP500,Strong Buy,1.0,930.87,True,True,0.017639412592520932,0.02619055292360909,0.026351692502712486
1997-09-05,SP500,Strong Buy,1.0,929.05,True,True,0.023098864431408468,0.016263925515311355,0.04921156019589907
1997-09-08,SP500,Strong Buy,1.0,931.2,True,True,0.026020189003436323,0.026213487972508557,0.04347079037800677
1997-09-09,SP500,Strong Buy,1.0,933.62,True,True,0.019611833508279542,0.04140871018187268,0.04621794734474409
1997-09-10,SP500,Strong Buy,1.0,919.03,True,True,0.02769224073207626,0.05381761204748489,0.05883377038834429
1997-09-11,SP500,Strong Buy,1.0,912.59,True,True,0.0277452086917454,0.041749306917673895,0.0780197021663616
1997-09-12,SP500,Strong Buy,1.0,923.91,True,True,0.023065017155350694,0.01919018086177227,0.06327456137502575
1997-09-15,SP500,Strong Buy,1.0,919.77,True,True,0.0364982549985323,-0.046511627906976716,0.06089565869728301
1997-09-16,SP500,Strong Buy,1.0,945.64,True,True,0.0017342751998646276,-0.02515756524681693,0.025538259802884794
1997-09-17,SP500,Strong Buy,0.9999999999999999,943.0,True,True,0.013160127253446414,-0.025281018027571614,0.012661717921527099
1997-09-18,SP500,Strong Buy,0.9999999999999999,947.29,True,True,0.013902817511005154,-0.04603658858427727,0.006439421929926446
1997-09-19,SP500,Strong Buy,1.0,950.51,False,True,0.015276009721097076,-0.03775867692081092,0.01355062019336987
1997-09-22,SP500,Strong Buy,1.0,955.43,False,True,0.018065164376249547,-0.017206912071004617,0.013198245816020027
1997-09-23,SP500,Strong Buy,1.0,951.93,False,True,0.03276501423423997,-0.011734056075551731,0.014297269757230063
1997-09-24,SP500,Strong Buy,1.0,944.48,False,True,0.031085888531255306,-0.001821107911231606,0.011456039302049737
1997-09-25,SP500,Strong Buy,1.0,937.91,False,True,0.03487541448539842,0.00012794404580397325,0.00945719738567667
1997-09-26,SP500,Strong Buy,1.0,945.22,False,True,0.023021095617951366,-0.018736378832441163,0.008971456380525187
1997-09-29,SP500,Strong Buy,1.0,953.34,False,True,0.01548240921392157,-0.03378647701764327,-0.01490549017139744
1997-09-30,SP500,Strong Buy,1.0,947.28,False,True,0.024280043915209864,-0.024807870956844863,-0.015391436534076437
1997-10-01,SP500,Strong Buy,1.0,955.41,False,True,0.010791178656283752,-0.05175788404977961,-0.019834416637883143
1997-10-02,SP500,Strong Buy,1.0,960.46,False,True,-0.005424484101368132,-0.045603148491347965,-0.007402702871540734
1997-10-03,SP500,Strong Buy,1.0,965.03,False,True,-0.021626270685885417,-0.0380091810617286,0.006020538221609752
1997-10-06,SP500,Strong Buy,1.0,972.69,False,True,-0.017559551347294658,-0.02723375381673504,-0.0023234535155086454
1997-10-07,SP500,Strong Buy,1.0,983.12,False,True,-0.011026120921149027,-0.045660753519407585,-0.008218732199528074
1997-10-08,SP500,Strong Buy,1.0,973.84,False,True,-0.005493715600098602,-0.030035734822968865,0.0033167666146389735
1997-10-09,SP500,Strong Buy,1.0,970.62,False,True,-0.020533267396097288,-0.011992334796315743,-0.004162288022088937
1997-10-10,SP500,Strong Buy,1.0,966.98,False,True,-0.026205298972057367,-0.00402283397795196,-0.003081759705474796
1997-10-13,SP500,Strong Buy,1.0,968.1,False,True,-0.09411217849395724,-0.022136142960438036,-0.012447061254002755
1997-10-14,SP500,Strong Buy,1.0,970.28,False,True,-0.04991342705198494,-0.020056066290142973,-0.043894545904274974
1997-10-15,SP500,Strong Buy,1.0,965.72,False,True,-0.048212732469038705,-0.01457979538582616,-0.02745102099987573
1997-10-16,SP500,Strong Buy,1.0,955.25,False,True,-0.053985867573933574,0.00015702695629414004,-0.0032766291546715474
1997-10-17,SP500,Strong Buy,1.0,944.16,False,True,-0.031287069988137566,0.03242035248263008,0.014594983901033816
1997-10-20,SP500,Strong Buy,0.9999999999999999,955.61,False,True,-0.017392032314437905,0.016816483711974483,-0.00510668578185661
1997-10-21,SP500,Strong Buy,1.0,972.28,False,True,-0.03241864483482123,0.00461801127247296,-0.011077055992101022
1997-10-22,SP500,Strong Buy,1.0,968.49,False,True,-0.02656713027496414,0.004759987196563737,0.01043893070656384
1997-10-23,SP500,Strong Buy,1.0,950.69,False,True,-0.013316643700891017,0.034816817259043335,0.021163575929061932
1997-10-24,SP500,Strong Buy,1.0,941.64,False,True,-0.015005734675672226,0.04325432224629372,0.02272630729365785
1997-10-27,SP500,Strong Buy,1.0,876.99,True,True,0.050331246650474906,0.11264666643861385,0.09190526687875578
1997-10-28,SP500,Strong Buy,1.0,921.85,True,True,0.002093616098063622,0.05200412214568524,0.03807560883006999
1997-10-29,SP500,Strong Buy,1.0,919.16,True,True,-0.01436093824796546,0.03892684625092485,0.05424518038208801
1997-10-30,SP500,Strong Buy,1.0,903.68,True,True,0.01436349150141645,0.05500841005665727,0.0816439447592069
1997-10-31,SP500,Strong Buy,1.0,914.62,True,True,0.015011698847608862,0.05332269139096016,0.0774857317793182
1997-11-03,SP500,Strong Buy,1.0,938.99,True,True,0.007678463029425272,0.03093749667195599,0.04397277926282491
1997-11-04,SP500,Strong Buy,1.0,940.76,True,True,-0.0026893150218971606,0.026340405629491023,0.06432033674901143
1997-11-05,SP500,Strong Buy,1.0,942.76,True,True,0.0019411090839662702,0.013301370444227549,0.06707963850820994
1997-11-06,SP500,Strong Buy,1.0,938.03,True,True,0.022334040489110207,0.009328059870153407,0.07341982665799603
1997-11-07,SP500,Strong Buy,1.0,927.51,True,True,0.03836077239059422,0.028236892324611115,0.08197216202520724
1997-11-10,SP500,Strong Buy,1.0,921.13,True,True,0.027726813804783215,0.01954121568073996,0.09914995711788786
1997-11-11,SP500,Strong Buy,1.0,923.78,True,True,0.02927103855896434,0.009655978696226454,0.09413496719998272
1997-11-12,SP500,Strong Buy,1.0,905.96,True,True,0.050421652170073675,0.033665945516358334,0.12478475870899372
1997-11-13,SP500,Strong Buy,1.0,916.66,True,True,0.04226212554273123,0.04002574564178655,0.11274627451836017
1997-11-14,SP500,Strong Buy,1.0,928.35,True,True,0.05000269294985723,0.04576937577422309,0.10318306673129754
1997-11-17,SP500,Strong Buy,1.0,946.2,True,True,0.0269287677023884,0.02560769393362915,0.07809131261889662
1997-11-18,SP500,Strong Buy,1.0,938.23,True,True,0.041077347771868264,0.03923345022009523,0.09009517922044698
1997-11-19,SP500,Strong Buy,1.0,944.59,True,True,0.030182407181951948,0.03438528885548229,0.09262219587334176
1997-11-20,SP500,Strong Buy,1.0,958.98,False,True,0.02587123819057743,0.00792508707168035,0.0722642807983482
1997-11-21,SP500,Strong Buy,1.0,963.09,False,True,0.020018897506982703,0.0009448753491366,0.0738456426709861
1997-11-24,SP500,Strong Buy,1.0,946.67,True,True,0.030749891725733374,0.009908415815437265,0.09662289921514376
1997-11-25,SP500,Strong Buy,1.0,950.82,True,True,0.01995120001682749,-0.024326370921941055,0.0838644538398434
1997-11-26,SP500,Strong Buy,1.0,951.64,True,True,0.0034676978689421084,-0.013061661973014954,0.09589760833928808
1997-11-28,SP500,Strong Buy,1.0,955.4,False,True,-0.0021038308561858814,-0.0034331170190495842,0.09762403181913346
1997-12-01,SP500,Strong Buy,1.0,974.77,False,True,-0.011674548867938074,-0.017265611374990948,0.07650009745888767
1997-12-02,SP500,Strong Buy,1.0,971.68,False,True,-0.003746089247488871,-0.021560596081014256,0.07823563313024874
1997-12-03,SP500,Strong Buy,1.0,976.77,False,True,-0.011497077101057586,-0.015622920441864504,0.07703963061928601
1997-12-04,SP500,Strong Buy,1.0,973.1,False,True,-0.018292056314870072,0.005652039872572192,0.07628198540746059
1997-12-05,SP500,Strong Buy,1.0,983.79,False,True,-0.03761981723741855,-0.013193872676079264,0.052104615822482436
1997-12-08,SP500,Strong Buy,1.0,982.37,False,True,-0.029184523143011246,-0.019676903814245184,0.07463582967720925
1997-12-09,SP500,Strong Buy,1.0,975.78,False,True,-0.037559695833077104,-0.018641497058763185,0.0784295640410748
1997-12-10,SP500,Strong Buy,1.0,969.79,False,True,-0.03824539333257707,-0.013239979789438867,0.0974025304447355
1997-12-11,SP500,Strong Buy,1.0,954.94,False,True,-0.019352001172848573,0.014744381845979775,0.11888705049531904
1997-12-12,SP500,Strong Buy,1.0,953.39,False,True,-4.1955548096753294e-05,0.02524675106724431,0.12222700049297779
1997-12-15,SP500,Strong Buy,1.0,963.39,False,True,0.007733109125068815,0.022939827068995965,0.1092184888778168
1997-12-16,SP500,Strong Buy,1.0,968.04,False,True,0.0024689062435436413,0.012644105615470445,0.11490227676542294
1997-12-17,SP500,Strong Buy,1.0,965.54,False,True,0.009839053793732006,0.037005199163162604,0.11901112330923637
1997-12-18,SP500,Strong Buy,0.9999999999999999,955.3,False,True,0.022788652779231755,0.05307233329844033,0.1363132000418717
1997-12-19,SP500,Strong Buy,1.0,946.78,False,True,0.020912989290014648,0.06349944020786244,0.1509960075202265
1997-12-22,SP500,Strong Buy,1.0,953.7,False,True,0.010800041941910405,0.0522596204257103,0.15252175736604806
1997-12-23,SP500,Strong Buy,1.0,939.13,True,True,0.018016675007719866,0.07808290651986417,0.1665584104437085
1997-12-24,SP500,Strong Buy,1.0,932.7,True,True,-0.0053715020907043965,0.08367106250670094,0.18542939852042462
1997-12-26,SP500,Strong Buy,1.0,936.46,False,True,0.002936590991606689,0.08815112231168437,0.1766973495931487
1997-12-29,SP500,Strong Buy,1.0,953.35,False,True,-0.0012901872344889267,0.06992185451303295,0.15466512823202383
1997-12-30,SP500,Strong Buy,1.0,970.84,False,True,-0.013287462403691625,0.05490091055168727,0.1283424663178279
1997-12-31,SP500,Strong Buy,1.0,970.43,False,True,-0.0203002792576486,0.05117319126572765,0.12692311655657798
1998-01-02,SP500,Strong Buy,1.0,975.04,False,True,-0.01387635379061369,0.04894158188382018,0.1299536429274697
1998-01-05,SP500,Strong Buy,0.9999999999999999,977.07,False,True,0.0015659062298504433,0.05630098150593087,0.13415620170509793
1998-01-06,SP500,Strong Buy,1.0,966.58,False,True,0.004376254422810222,0.06383330919323794,0.15873492106188825
1998-01-07,SP500,Strong Buy,1.0,964.0,False,True,-0.0009958506224066767,0.07283195020746892,0.16462655601659756
1998-01-08,SP500,Strong Buy,1.0,956.05,False,True,0.00161079441451815,0.08586371005700555,0.1729302860729043
1998-01-09,SP500,Strong Buy,1.0,927.69,False,True,0.03154070864189545,0.11088833554312312,0.1960353135206803
1998-01-12,SP500,Strong Buy,1.0,939.21,False,True,0.03173944059369038,0.11040129470512457,0.17295386548269295
1998-01-13,SP500,Strong Buy,1.0,952.12,False,True,0.026614292316094645,0.10140528504810326,0.16652312733689037
1998-01-14,SP500,Strong Buy,1.0,957.94,False,True,0.028759630039459624,0.09541307388771725,0.15841284422823976
1998-01-15,SP500,Strong Buy,1.0,950.73,False,True,0.031081379571487124,0.10199530886792257,0.17357188686588199
1998-01-16,SP500,Strong Buy,1.0,961.51,False,True,0.04135162400807063,0.09413318634231573,0.16412725816684168
1998-01-20,SP500,Strong Buy,1.0,978.6,False,True,0.02799918250562025,0.07023298589822186,0.1324034334763949
1998-01-21,SP500,Strong Buy,1.0,970.81,False,True,0.03717514240685617,0.06617154747066883,0.156477580577044
1998-01-22,SP500,Strong Buy,0.9999999999999999,963.04,False,True,0.04205432796145539,0.09620576507725545,0.16677396577504583
1998-01-23,SP500,Strong Buy,0.9999999999999999,957.59,False,True,0.05730009711880868,0.09891498449231917,0.17656825990246353
1998-01-26,SP500,Strong Buy,0.9999999999999999,956.95,False,True,0.05620983332462507,0.1121270703798526,0.1813992371597261
1998-01-27,SP500,Strong Buy,0.9999999999999999,969.02,False,True,0.051588202513880015,0.10262946069224582,0.15537347010381616
1998-01-28,SP500,Strong Buy,0.9999999999999999,977.46,False,True,0.043531193092300406,0.09459210607083669,0.13344791602725437
1998-01-29,SP500,Strong Buy,1.0,985.49,False,True,0.03921906868664329,0.08434382895818313,0.10253782382368157
1998-01-30,SP500,Strong Buy,1.0,980.28,False,True,0.04061084588076882,0.10098135226669933,0.10693883380258694
1998-02-02,SP500,Strong Buy,1.0,1001.27,False,True,0.021462742317257092,0.07907956894743683,0.0932315958732409
1998-02-03,SP500,Strong Buy,1.0,1006.0,False,True,0.02592445328031802,0.07904572564612324,0.10511928429423459
1998-02-04,SP500,Strong Buy,1.0,1006.9,False,True,0.021233488926407782,0.08227232098520214,0.11331810507498265
1998-02-05,SP500,Strong Buy,1.0,1003.54,False,True,0.030561811188393163,0.09528269924467397,0.11811188393088465
1998-02-06,SP500,Strong Buy,1.0,1012.46,False,True,0.02536396499614806,0.08206743970132145,0.10177192185370282
1998-02-09,SP500,Strong Buy,1.0,1010.74,False,True,0.019609395096661788,0.09390149791242068,0.09317925480341142
1998-02-10,SP500,Strong Buy,1.0,1019.01,False,True,0.02344432341193914,0.08137309741808232,0.07470976732318634
1998-02-11,SP500,Strong Buy,1.0,1020.01,False,True,0.028097763747414323,0.07920510583229573,0.08640111371457153
1998-02-12,SP500,Strong Buy,1.0,1024.14,False,True,0.024606010896947503,0.06961938797430034,0.08055539281738824
1998-02-13,SP500,Strong Buy,1.0,1020.09,False,True,0.027066239253399224,0.07206226901547891,0.09381525159544739
1998-02-17,SP500,Strong Buy,1.0,1022.76,False,True,0.028608862294184356,0.07723219523641911,0.09396143767843865
1998-02-18,SP500,Strong Buy,1.0,1032.08,False,True,0.014775986357646695,0.07370552670335649,0.08263894271761876
1998-02-19,SP500,Strong Buy,1.0,1028.28,False,True,0.006583809857237311,0.08920721982339443,0.07823744505387642
1998-02-20,SP500,Strong Buy,1.0,1034.21,False,True,0.02076947621856298,0.08556289341623075,0.06924125661132642
1998-02-23,SP500,Strong Buy,1.0,1038.14,False,True,0.013649411447396155,0.08018186371780299,0.06875758568208515
1998-02-24,SP500,Strong Buy,1.0,1030.56,False,True,0.03269096413600378,0.07664764788076386,0.0858756404285049
1998-02-25,SP500,Strong Buy,1.0,1042.9,False,True,0.024518170486144342,0.05633330137117652,0.06878895387860773
1998-02-26,SP500,Strong Buy,1.0,1048.67,False,True,0.0202637626708116,0.059122507557191485,0.058931789790877924
1998-02-27,SP500,Strong Buy,1.0,1049.34,False,True,0.018363923990317707,0.05751234109059041,0.04257914498637245
1998-03-02,SP500,Strong Buy,1.0,1047.7,False,True,0.030132671566288,0.0649517991791543,0.04250262479717474
1998-03-03,SP500,Strong Buy,1.0,1052.02,False,True,0.027024201060816395,0.0639721678295089,0.04332617250622605
1998-03-04,SP500,Strong Buy,1.0,1047.33,False,True,0.03646415170003729,0.05809057317177981,0.04152463884353548
1998-03-05,SP500,Strong Buy,1.0,1035.05,False,True,0.05283802714844699,0.0847012221631806,0.054036036906429705
1998-03-06,SP500,Strong Buy,1.0,1055.69,False,True,0.041176860631435386,0.06437495855791002,0.03555020886813361
1998-03-09,SP500,Strong Buy,1.0,1052.31,False,True,0.04109055316399161,0.07066358772605043,0.028907831342475196
1998-03-10,SP500,Strong Buy,1.0,1064.25,False,True,0.038900634249471544,0.06228799624148458,0.028733850129198896
1998-03-11,SP500,Strong Buy,1.0,1068.47,False,True,0.03131580671427371,0.047834754368395835,0.04248130504366044
1998-03-12,SP500,Strong Buy,1.0,1069.92,False,True,0.028861970988485006,0.03549798115746973,0.04280693883654848
1998-03-13,SP500,Strong Buy,1.0,1068.61,False,True,0.025107382487530677,0.016778806112613644,0.04660259589560287
1998-03-16,SP500,Strong Buy,1.0,1079.27,False,True,0.0132774931203498,0.005411064886450951,0.030585488339340473
1998-03-17,SP500,Strong Buy,1.0,1080.45,False,True,0.01971400805220043,0.013114905826275945,0.013077884214910344
1998-03-18,SP500,Strong Buy,1.0,1085.52,False,True,0.020847151595548778,0.024163534527231207,0.012270616847225234
1998-03-19,SP500,Strong Buy,1.0,1089.74,False,True,0.027777267972176833,0.02868574155303099,-0.01168168553967003
1998-03-20,SP500,Strong Buy,1.0,1099.16,False,True,0.021416354306925255,0.02084318934459028,-0.010526220022562833
1998-03-23,SP500,Strong Buy,1.0,1095.55,False,True,0.023577198667336183,0.018210031491031942,0.010551777645931218
1998-03-24,SP500,Strong Buy,1.0,1105.65,False,True,0.00352733686067007,-0.0006602451046895656,0.0006512006512004702
1998-03-25,SP500,Strong Buy,1.0,1101.93,False,True,-0.00025409962520302806,-0.006161915911173998,-0.0011615982866425023
1998-03-26,SP500,Strong Buy,1.0,1100.8,False,True,0.008966206395348945,0.006667877906976876,0.0021893168604651906
1998-03-27,SP500,Strong Buy,1.0,1095.44,False,True,0.01300847148177901,0.010224202147082492,0.021954648360476114
1998-03-30,SP500,Strong Buy,1.0,1093.6,False,True,0.020254206291148585,0.020290782735918122,0.03591806876371635
1998-03-31,SP500,Strong Buy,1.0,1101.75,False,True,0.01594735647832987,0.01552983889267066,0.024987519854776468
1998-04-01,SP500,Strong Buy,1.0,1108.15,False,True,1.8048098181637693e-05,0.008320173261742362,0.022605242972521727
1998-04-02,SP500,Strong Buy,1.0,1120.01,False,True,0.0024196212533816987,-0.01007133864876204,0.016499852679886802
1998-04-03,SP500,Strong Buy,1.0,1122.7,False,True,0.0008461744009976356,-0.01503518304088368,0.009922508239066423
1998-04-06,SP500,Strong Buy,1.0,1121.38,False,True,0.004717401772815605,-0.010576254258146326,0.024237992473559216
1998-04-07,SP500,Strong Buy,1.0,1109.55,False,True,0.018917579198774286,0.008571042314451797,0.03322968771123439
1998-04-08,SP500,Strong Buy,1.0,1101.65,False,True,0.016275586620069744,0.011791403803385838,0.05054236826578299
1998-04-09,SP500,Strong Buy,1.0,1110.67,False,True,-0.0024939901140752715,-0.00018007148838092814,0.03960672386937615
1998-04-13,SP500,Strong Buy,1.0,1109.69,False,True,-0.020861682091394974,-0.014121060836810344,0.051086339428128624
1998-04-14,SP500,Strong Buy,1.0,1115.75,False,True,-0.02746134886847421,-0.021079991037418762,0.03836881021734254
1998-04-15,SP500,Strong Buy,1.0,1119.32,False,True,-0.022066969231319056,-0.019404638530536422,0.04021191437658578
1998-04-16,SP500,Strong Buy,1.0,1108.17,False,True,0.0032305512692095317,-0.015656442603571775,0.05145419926545564
1998-04-17,SP500,Strong Buy,1.0,1122.72,False,True,-0.0015319937295140615,-0.02827062847370672,0.0488634744192674
1998-04-20,SP500,Strong Buy,1.0,1123.65,False,True,-0.0014061318026077111,-0.027081386552752246,0.04553019178569826
1998-04-21,SP500,Strong Buy,1.0,1126.67,False,True,-0.009914171851562634,-0.03899988461572604,0.0508755891254759
1998-04-22,SP500,Strong Buy,1.0,1130.54,False,True,-0.0226617368691067,-0.03158667539405951,0.04971960302156495
1998-04-23,SP500,Strong Buy,1.0,1119.58,False,True,-0.021829614676932268,-0.005109058754175698,0.05762875363975775
1998-04-24,SP500,Strong Buy,1.0,1107.9,False,True,0.0002166260492824344,0.007058398772452329,0.05160213015615114
1998-04-27,SP500,Strong Buy,1.0,1086.54,False,True,0.01849908885084777,0.029331639884403814,0.07136414674103113
1998-04-28,SP500,Strong Buy,1.0,1085.11,False,True,0.028273631244758658,0.025038936144722725,0.05035434195611514
1998-04-29,SP500,Strong Buy,1.0,1094.62,False,True,0.02214467121010032,-3.6542361732805565e-05,0.042188156620562446
1998-04-30,SP500,Strong Buy,1.0,1111.75,False,True,0.005055093321340131,-0.011612322914324338,0.031949628963346056
1998-05-01,SP500,Strong Buy,1.0,1121.0,False,True,-0.010945584299732365,-0.03924174843889385,0.008242640499553977
1998-05-04,SP500,Strong Buy,1.0,1122.07,False,True,-0.014482162431933837,-0.03072892065557409,0.002798399386847612
1998-05-05,SP500,Strong Buy,1.0,1115.5,False,True,-0.005360824742268058,-0.007521290900941372,0.024607799193186952
1998-05-06,SP500,Strong Buy,1.0,1104.92,False,True,0.01279730659233236,0.001312312203598286,0.014254425659776273
1998-05-07,SP500,Strong Buy,1.0,1095.14,False,True,0.017805942619208502,0.005031320196504548,0.01579706704165673
1998-05-08,SP500,Strong Buy,1.0,1108.14,False,True,0.0021026224123305063,-0.0044488963488368465,-0.032504918151136326
1998-05-11,SP500,Strong Buy,1.0,1106.64,False,True,-0.011403889250343488,0.011611725583748922,-0.022780669413720842
1998-05-12,SP500,Strong Buy,1.0,1115.79,False,True,-0.021115084379677133,0.015316502209197202,-0.023445271959777247
1998-05-13,SP500,Strong Buy,1.0,1118.86,False,True,-0.019001483653003946,0.00931305078383361,-0.02628568364227862
1998-05-14,SP500,Strong Buy,1.0,1117.37,False,True,-0.0237611534227695,0.014167196183896252,-0.030634436220768228
1998-05-15,SP500,Strong Buy,1.0,1108.73,False,True,-0.01600930794693027,0.026841521380318013,-0.035851830472703
1998-05-18,SP500,Strong Buy,1.0,1105.82,False,True,-0.011394259463565417,0.025338662711833736,-0.01953301622325506
1998-05-19,SP500,Strong Buy,1.0,1109.52,False,True,-0.024145576465498562,0.03518638690604943,-0.031193669334486897
1998-05-20,SP500,Strong Buy,1.0,1119.06,False,True,-0.021652100870373368,0.024449091201544267,-0.05031901774703765
1998-05-21,SP500,Strong Buy,1.0,1114.64,False,True,-0.0006997775066390942,0.03829936122873737,-0.027784755616163087
1998-05-22,SP500,Strong Buy,0.9999999999999999,1110.47,False,True,0.004727727898997722,0.03979396111556373,-0.008347816690230245
1998-05-26,SP500,Strong Buy,0.9999999999999999,1094.02,False,True,0.022293925156761395,0.0661413868119414,0.0036928026909928188
1998-05-27,SP500,Strong Buy,0.9999999999999999,1092.23,False,True,0.018356939472455393,0.06072896734204328,-0.0005768015894089241
1998-05-28,SP500,Strong Buy,0.9999999999999999,1097.6,False,True,-0.0027514577259475054,0.06079628279883384,-0.01490524781341099
1998-05-29,SP500,Strong Buy,1.0,1090.82,False,True,0.007352267101813298,0.06817806787554329,-0.0024568673108302345
1998-06-01,SP500,Strong Buy,1.0,1090.98,False,True,-0.01280500100826782,0.07937817375203937,0.0017140552530751168
1998-06-02,SP500,Strong Buy,1.0,1093.22,False,True,-0.005149924077495938,0.07463273632022824,-0.008260002561241079
1998-06-03,SP500,Strong Buy,1.0,1082.73,False,True,0.022517155708255875,0.09352285426652997,-0.03707295447618529
1998-06-04,SP500,Strong Buy,1.0,1094.83,False,True,0.010540449202159206,0.08395824009206916,-0.06182695030278658
1998-06-05,SP500,Strong Buy,1.0,1113.86,False,True,-0.011859659203131282,0.06305998958576484,-0.14057421938125073
1998-06-08,SP500,Strong Buy,1.0,1115.72,False,True,-0.011212490589036667,0.04423152762341798,-0.10886243860466786
1998-06-09,SP500,Strong Buy,1.0,1118.41,False,True,0.0009656566017828231,0.04083475648465218,-0.11438560098711568
1998-06-10,SP500,Strong Buy,1.0,1112.28,False,True,0.018520516416729724,0.024697018736289447,-0.11689502643219332
1998-06-11,SP500,Strong Buy,1.0,1094.58,False,True,0.0317016572566647,0.04222624202890609,-0.11026147015293533
1998-06-12,SP500,Strong Buy,1.0,1098.84,False,True,0.0312693385752249,0.04407375050052789,-0.068599614138546
1998-06-15,SP500,Strong Buy,1.0,1077.01,False,True,0.057083963937196516,0.0494238679306599,-0.06574683614822513
1998-06-16,SP500,Strong Buy,1.0,1087.59,False,True,0.04252521630393807,0.03459024080765741,-0.09875044823876633
1998-06-17,SP500,Strong Buy,1.0,1107.11,False,True,0.037439820794681694,0.032372573637669384,-0.08856391867113472
1998-06-18,SP500,Strong Buy,1.0,1106.37,False,True,0.03619946310908664,0.012925151621971116,-0.06928062040727774
1998-06-19,SP500,Strong Buy,1.0,1100.65,False,True,0.051496842774723876,0.010711852087402864,-0.05721164766274476
1998-06-22,SP500,Strong Buy,1.0,1103.21,False,True,0.04663663309795963,-0.028181397920613614,-0.052329112317691114
1998-06-23,SP500,Strong Buy,1.0,1119.49,False,True,0.04188514412812986,-0.033997623918034056,-0.0898802133114186
1998-06-24,SP500,Strong Buy,1.0,1132.88,False,True,0.022667890685685893,-0.038177035520090385,-0.09956041240025428
1998-06-25,SP500,Strong Buy,1.0,1129.28,False,True,0.031037475205440593,-0.035270260697081265,-0.09332495041088126
1998-06-26,SP500,Strong Buy,1.0,1133.2,False,True,0.02822979174020474,-0.04417578538651601,-0.09139604659371685
1998-06-29,SP500,Strong Buy,1.0,1138.49,False,True,0.03433495243699981,-0.06105455471721314,-0.06359300476947544
1998-06-30,SP500,Strong Buy,1.0,1133.84,False,True,0.03613384604529742,-0.043762788400479695,-0.08036407253227959
1998-07-01,SP500,Strong Buy,1.0,1148.56,False,True,0.0308473218638992,-0.06412377237584442,-0.09038274012676739
1998-07-02,SP500,Strong Buy,1.0,1146.42,False,True,0.03517907922052993,-0.07298372324279066,-0.08524798939306713
1998-07-06,SP500,Strong Buy,1.0,1157.33,False,True,0.023130826989709058,-0.06364649667769769,-0.09358609903830364
1998-07-07,SP500,Strong Buy,1.0,1154.66,False,True,0.009015640967903846,-0.046299343529697085,-0.11921258205878794
1998-07-08,SP500,Strong Buy,1.0,1166.38,False,True,-0.001971913098647252,-0.0585743925650304,-0.15431506027195263
1998-07-09,SP500,Strong Buy,1.0,1158.56,False,True,-0.0162356718685264,-0.057795884546333415,-0.13461538461538455
1998-07-10,SP500,Strong Buy,1.0,1164.33,False,True,-0.02020904726323291,-0.07136292975359212,-0.1509623560330834
1998-07-13,SP500,Strong Buy,1.0,1165.19,False,True,-0.015379466009835368,-0.0661265544675117,-0.15499618088037145
1998-07-14,SP500,Strong Buy,1.0,1177.58,False,True,-0.040201090371779345,-0.07195264865232089,-0.17569931554544063
1998-07-15,SP500,Strong Buy,1.0,1174.81,False,True,-0.042219592955456554,-0.07713587729079587,-0.18332326078259456
1998-07-16,SP500,Strong Buy,1.0,1183.99,False,True,-0.03466245491938273,-0.11942668434699626,-0.1685825049198051
1998-07-17,SP500,Strong Buy,1.0,1186.75,False,True,-0.05568148304192115,-0.13449336423003994,-0.15929218453760266
1998-07-20,SP500,Strong Buy,1.0,1184.1,False,True,-0.060518537285702105,-0.19155476733384,-0.1598682543704079
1998-07-21,SP500,Strong Buy,1.0,1165.07,False,True,-0.07978061404035813,-0.146609216613594,-0.1369359780957367
1998-07-22,SP500,Strong Buy,1.0,1164.08,False,True,-0.0710002748951961,-0.14913064394199704,-0.10015634664284236
1998-07-23,SP500,Strong Buy,0.9999999999999999,1139.75,False,True,-0.04397455582364544,-0.13817942531256855,-0.07311252467646408
1998-07-24,SP500,Strong Buy,1.0,1140.8,False,True,-0.045012272089761496,-0.1463096072931276,-0.06873246844319764
1998-07-27,SP500,Strong Buy,1.0,1147.27,False,True,-0.05589791417887671,-0.10791705527033736,-0.07264201103489146
1998-07-28,SP500,Strong Buy,1.0,1130.24,False,True,-0.05420087768969421,-0.1097466024915062,-0.05336919592298975
1998-07-29,SP500,Strong Buy,1.0,1125.21,False,True,-0.036428755521191604,-0.12888260857973177,-0.04153002550634994
1998-07-30,SP500,Strong Buy,1.0,1142.95,False,True,-0.059530163174242055,-0.11714423203114756,-0.06323986176123188
1998-07-31,SP500,Strong Buy,1.0,1120.67,False,True,-0.05168336798522319,-0.08115680798094001,-0.04314383359954325
1998-08-03,SP500,Strong Buy,1.0,1112.44,False,True,-0.025862068965517224,-0.06720362446513968,-0.04233936212290113
1998-08-04,SP500,Strong Buy,1.0,1072.12,True,True,0.027123829422079766,-0.024847964780061817,-0.0037589075849718064
1998-08-05,SP500,Strong Buy,1.0,1081.43,False,True,0.015377786819303959,-0.05784932912902366,0.0041611569865825804
1998-08-06,SP500,Strong Buy,1.0,1089.63,False,True,0.001807953158411387,-0.06381982874920851,0.008296394188853062
1998-08-07,SP500,Strong Buy,1.0,1089.45,False,True,-0.007535912616457879,-0.06017715360961958,0.020331359860479934
1998-08-10,SP500,Strong Buy,1.0,1083.14,False,True,0.004616208431043078,-0.049402662629023014,0.025573794707978485
1998-08-11,SP500,Strong Buy,1.0,1068.98,True,True,0.02232969746861484,-0.0027035117588730378,0.04648356377107154
1998-08-12,SP500,Strong Buy,1.0,1084.22,False,True,-2.7669661138858086e-05,-0.03827636457545516,0.045774842744092416
1998-08-13,SP500,Strong Buy,1.0,1074.91,False,True,-0.03006763356932223,-0.028058163008996176,0.061493520387753305
1998-08-14,SP500,Strong Buy,0.750019952371763,1062.75,True,True,-0.03350741002117139,-0.013229828275699783,0.06346741943072222
1998-08-17,SP500,Strong Buy,1.0,1083.67,True,True,-0.1166314468426736,-0.031974678638330936,0.041147212712357
1998-08-18,SP500,Strong Buy,1.0,1101.2,False,True,-0.09711224119142758,-0.07645296040682896,0.01795314202687975
1998-08-19,SP500,Strong Buy,1.0,1098.06,False,True,-0.09797278837222004,-0.10169753929657757,0.017876983042821076
1998-08-20,SP500,Strong Buy,1.0,1091.6,False,True,-0.10016489556614137,-0.0815316965921582,0.03125687064858934
1998-08-21,SP500,Strong Buy,1.0,1081.24,True,True,-0.09928415522918133,-0.08571639968924574,0.05052532277755159
1998-08-24,SP500,Strong Buy,1.0,1088.14,True,True,-0.059440880769018746,-0.09516238719282451,0.047034388957303136
1998-08-25,SP500,Strong Buy,1.0,1092.85,True,True,-0.07928809992222159,-0.1117902731390401,0.047243446035595105
1998-08-26,SP500,Strong Buy,1.0,1084.19,True,True,-0.09592414613674724,-0.11506285798614634,0.06310701998727146
1998-08-27,SP500,Mild Sell,-0.6525611745513933,1042.59,True,False,-0.03216029311618179,-0.05582251891922994,0.116018760970276
1998-08-28,SP500,Strong Sell,-0.75,1027.14,True,False,0.0025118289619720066,-0.02865237455458853,0.15681406624218697
1998-08-31,SP500,Strong Sell,-0.75,957.28,True,False,0.08398796590339304,0.039194384088250024,0.23578263413003514
1998-09-01,SP500,Strong Sell,-0.75,994.26,True,False,0.05151570011868126,0.01133506326313035,0.19372196407378342
1998-09-02,SP500,Strong Sell,-0.75,990.48,True,False,0.028662870527421034,0.05755795170018576,0.20379008157660922
1998-09-03,SP500,Strong Sell,-0.75,982.26,True,False,0.03851322460448358,0.07549935862195353,0.18464561317777384
1998-09-04,SP500,Strong Sell,-0.75,973.89,True,False,0.051340500467198555,0.09087268582694157,0.20678926778178233
1998-09-08,SP500,Strong Sell,-1.0,1023.46,True,False,0.0060285697535810605,0.039542336779160914,0.14440232153674784
1998-09-09,SP500,Strong Sell,-1.0,1006.2,True,False,0.059520969986086136,0.06332737030411452,0.14305307096004774
1998-09-10,SP500,Strong Sell,-1.0,980.19,True,False,0.06379375427213088,0.10027647700955933,0.20052234770809735
1998-09-11,SP500,Strong Sell,-1.0,1009.06,True,False,0.035369551860147126,0.061056825164014165,0.17703605335658942
1998-09-14,SP500,Mild Sell,-0.6321555494805849,1029.72,True,False,0.018422483781999018,0.04137046964223275,0.1472827564774891
1998-09-15,SP500,Mild Sell,-0.4324810341090468,1037.68,True,False,0.010928224500809419,0.026655616374990223,0.1405153804641122
1998-09-16,SP500,Hold,-0.07989966687035543,1045.48,True,False,-0.027231510884952393,0.02162642996518336,0.11433982476948383
1998-09-17,SP500,Strong Sell,-0.75,1018.87,True,False,-0.03187845358092791,0.06581801407441583,0.14485655677368067
1998-09-18,SP500,Strong Sell,-0.75,1020.09,True,False,-0.017145545981236958,0.07703241870815324,0.11872481839837662
1998-09-21,SP500,Strong Sell,-0.75,1023.89,True,False,-0.034505659787672546,0.0856634990086825,0.13569817070193083
1998-09-22,SP500,Strong Sell,-0.75,1029.63,True,False,-0.04374386915688167,0.07887299321115333,0.12850247176170074
1998-09-23,SP500,Mild Buy,0.501354367384277,1066.09,False,True,-0.08949525837405846,0.04932041384873712,0.10682962976859375
1998-09-24,SP500,Mild Sell,-0.5138871958835014,1042.72,True,False,-0.0798680374405401,0.08739642473530754,0.13935668252263306
1998-09-25,SP500,Mild Sell,-0.47580624421355977,1044.75,True,False,-0.057774587221823416,0.09213687485044268,0.15131849724814542
1998-09-28,SP500,Hold,-0.3987740585774008,1048.69,True,False,-0.048613031496438426,0.07772554329687513,0.14768902154116076
1998-09-29,SP500,Mild Sell,-0.4167740284845164,1049.02,True,False,-0.05168633581819224,0.0755371680234886,0.17113115097900897
1998-09-30,SP500,Strong Sell,-0.75,1017.01,True,False,-0.011287991268522451,0.10222121709717706,0.20576002202534882
1998-10-01,SP500,Mild Sell,-0.65,986.39,True,False,0.061943044840276185,0.13311164955038074,0.24239905108527054
1998-10-02,SP500,Strong Sell,-0.75,1002.6,True,False,0.0536804308797128,0.12280071813285458,0.23858966686614794
1998-10-05,SP500,Strong Sell,-0.75,988.56,True,False,0.0746843894149067,0.149014728493971,0.24618637209678737
1998-10-06,SP500,Mild Sell,-0.65,984.59,True,False,0.0805817649986289,0.15715170781746707,0.24846890583897863
1998-10-07,SP500,Mild Sell,-0.65,970.68,True,False,0.10223760662628274,0.1790497383277703,0.26519553302839244
1998-10-08,SP500,Strong Sell,-1.0,959.44,True,False,0.12407237555240552,0.2013361961143999,0.2974026515467355
1998-10-09,SP500,Strong Sell,-1.0,984.39,True,False,0.08764818821808439,0.18200103617468683,0.29251617753126297
1998-10-12,SP500,Strong Sell,-1.0,997.71,True,False,0.0747812490603481,0.1909372462940133,0.27264435557426503
1998-10-13,SP500,Strong Sell,-1.0,994.8,True,False,0.07090872537193402,0.18917370325693614,0.28175512665862484
1998-10-14,SP500,Strong Sell,-1.0,1005.53,True,False,0.062215945819617466,0.18034270484222242,0.2569291816256105
1998-10-15,SP500,Strong Sell,-1.0,1047.49,False,False,0.03669724770642207,0.13827339640473887,0.1833143991828084
1998-10-16,SP500,Hold,-0.19791506985976212,1056.42,False,False,0.03999356316616497,0.10148425815490054,0.16847465969974063
1998-10-19,SP500,Hold,-0.08273902745467321,1062.39,False,False,0.04632008960927701,0.10626041284274124,0.14100283323449952
1998-10-20,SP500,Hold,-0.0346675907757133,1063.93,False,False,0.04409124660456971,0.10087129792373552,0.1685543221828503
1998-10-21,SP500,Hold,0.2407838176414275,1069.92,False,False,0.04556415432929564,0.07497756841633021,0.1701809481082697
1998-10-22,SP500,Mild Buy,0.6789684570482919,1078.48,False,True,0.05134077590683173,0.09110970996216897,0.1651769156590756
1998-10-23,SP500,Hold,0.21642644867445063,1070.67,False,False,0.06569718027029796,0.10930538821485608,0.15363277200257783
1998-10-26,SP500,Hold,0.27232416721358654,1072.32,False,True,0.05397642494777689,0.10170471501044481,0.14256005669949282
1998-10-27,SP500,Hold,-0.2232928315587612,1065.34,False,False,0.059060957065350105,0.11090356130437241,0.15829688174667253
1998-10-28,SP500,Hold,-0.12005285585406039,1068.09,False,False,0.04950893651284079,0.0907507794286999,0.17247610220112541
1998-10-29,SP500,Strong Buy,1.0,1085.93,False,True,0.029246820697466678,0.07415763446999343,0.14479754680320095
1998-10-30,SP500,Strong Buy,1.0,1098.67,False,True,0.024620677728526268,0.038710440805701414,0.15172890858947619
1998-11-02,SP500,Strong Buy,1.0,1111.6,False,True,0.02183339330694493,0.04608672184238937,0.15116948542641256
1998-11-03,SP500,Strong Buy,1.0,1110.84,False,True,0.02563825573439921,0.046001224298729014,0.14597961902704268
1998-11-04,SP500,Strong Buy,1.0,1118.67,False,True,0.023072040905718346,0.05480615373613303,0.12811642396774736
1998-11-05,SP500,Strong Buy,1.0,1133.85,False,True,0.016545398421307925,0.04778409842571775,0.12190324998897564
1998-11-06,SP500,Strong Buy,1.0,1141.01,False,True,0.019754428094407556,0.05418883270085269,0.09419724629933131
1998-11-09,SP500,Strong Buy,1.0,1130.2,False,True,0.051327198725889214,0.06491771367899477,0.09662006724473549
1998-11-10,SP500,Strong Buy,1.0,1128.26,False,True,0.04850832254976691,0.08888022264371685,0.10237888429971814
1998-11-11,SP500,Strong Buy,1.0,1120.97,False,True,0.05878837078601556,0.09393650142287478,0.08489968509415959
1998-11-12,SP500,Strong Buy,1.0,1117.69,False,True,0.06678059211409235,0.09644892590968869,0.09471320312430093
1998-11-13,SP500,Strong Buy,1.0,1125.72,False,True,0.03367622499378183,0.1031251110400454,0.11398926909000456
1998-11-16,SP500,Strong Buy,1.0,1135.87,False,True,0.03469587188674768,0.08456953700687594,0.08298484861823996
1998-11-17,SP500,Strong Buy,1.0,1139.32,False,True,0.028025488888108754,0.07891549345223474,0.09000983042516586
1998-11-18,SP500,Strong Buy,1.0,1144.48,False,True,0.004945477422060745,0.07306374947574434,0.06950754928002233
1998-11-19,SP500,Strong Buy,1.0,1152.61,False,True,0.020935095131918092,0.07996633726932795,0.0734593661342519
1998-11-20,SP500,Strong Buy,1.0,1163.55,False,True,0.020755446693309348,0.09349834558033601,0.06503373297236911
1998-11-23,SP500,Strong Buy,1.0,1188.21,False,True,-0.005748142163422229,0.06860740104863616,0.07063566204627134
1998-11-24,SP500,Strong Buy,1.0,1182.99,False,True,0.0004226578415709347,0.0778535744173661,0.0745483900962815
1998-11-25,SP500,Strong Buy,1.0,1186.87,False,True,-0.018409766865789774,0.06488494948899225,0.05606342733408056
1998-11-27,SP500,Strong Buy,1.0,1192.33,False,True,-0.021697013410716743,0.039569582246525764,0.044190786107872866
1998-11-30,SP500,Strong Buy,1.0,1163.63,False,True,-0.01927588666500525,0.06081830135008549,0.06419566357003499
1998-12-01,SP500,Strong Buy,1.0,1175.28,False,True,-0.01059322033898309,0.03140528214553135,0.05180042202709151
1998-12-02,SP500,Strong Buy,1.0,1171.25,False,True,-0.00794877267876196,0.061481323372465306,0.04631803628601921
1998-12-03,SP500,Strong Buy,1.0,1150.14,False,True,0.025944667605682713,0.0885631314448675,0.06743526874989127
1998-12-04,SP500,Strong Buy,1.0,1176.74,False,True,0.009594302904634807,0.06788245491782371,0.05940139708006874
1998-12-07,SP500,Strong Buy,1.0,1187.7,False,True,0.012747326766018247,0.03995958575397831,0.07389913277763743
1998-12-08,SP500,Strong Buy,1.0,1181.38,False,True,0.018783118048383944,0.03708374951328103,0.08578950041476908
1998-12-09,SP500,Strong Buy,1.0,1183.49,False,True,0.03806538289296906,0.042661957430988016,0.08141175675333118
1998-12-10,SP500,Strong Buy,1.0,1165.02,False,True,0.05257420473468267,0.07492575234759916,0.10456472850251493
1998-12-11,SP500,Strong Buy,1.0,1166.46,False,True,0.0506061073675908,0.06576307803096551,0.11249421326063476
1998-12-14,SP500,Strong Buy,1.0,1141.2,False,True,0.0881615842972309,0.108806519453207,0.1344111461619347
1998-12-15,SP500,Strong Buy,1.0,1162.83,False,True,0.059423991469088465,0.10045320468168191,0.12420560185065752
1998-12-16,SP500,Strong Buy,1.0,1161.94,False,True,0.05791176824965141,0.09558152744547906,0.1243093447165947
1998-12-17,SP500,Strong Buy,1.0,1179.98,False,True,0.04078035220935939,0.06950117798606756,0.09986609942541391
1998-12-18,SP500,Strong Buy,1.0,1188.03,False,True,0.047768154002845044,0.0707389544035083,0.1081790863867074
1998-12-21,SP500,Strong Buy,1.0,1202.84,False,True,0.05777992085397892,0.03795184729473587,0.08018522829303985
1998-12-22,SP500,Strong Buy,1.0,1203.57,False,True,0.05496979818373679,0.029769768272722114,0.07763570045780474
1998-12-23,SP500,Strong Buy,1.0,1228.54,False,True,0.03789050417568818,0.012396828756084473,0.02734953684861717
1998-12-24,SP500,Strong Buy,1.0,1226.27,False,True,0.03067024391039504,-0.008260823472807686,0.034511159858758626
1998-12-28,SP500,Strong Buy,1.0,1225.49,False,True,0.011440321830451478,-0.001583040253286485,0.05263200842112135
1998-12-29,SP500,Strong Buy,1.0,1241.81,False,True,-0.005967096415715653,0.009848527552524152,0.03300827018626039
1998-12-30,SP500,Strong Buy,1.0,1231.93,False,True,-0.016023637706687886,-0.0014611219793332043,0.06351010203501822
1998-12-31,SP500,Strong Buy,1.0,1229.23,False,True,0.011413649195024505,0.010282860001789634,0.058182764820253315
1999-01-04,SP500,Strong Buy,1.0,1228.1,False,True,0.01946095594821276,-0.0033140623727708953,0.04744727628043318
1999-01-05,SP500,Strong Buy,1.0,1244.78,False,True,0.009511720946673243,-0.006025161072639342,0.03931618438599596
1999-01-06,SP500,Strong Buy,1.0,1272.34,False,True,-0.029221748903594823,-0.026030777936714943,0.03833880880896614
1999-01-07,SP500,Strong Buy,1.0,1269.73,False,True,-0.03507832373811752,0.0018980413158703677,0.03792932355697674
1999-01-08,SP500,Strong Buy,1.0,1275.09,False,True,-0.03224086142938922,-0.0030664502113575158,0.04062458336274317
1999-01-11,SP500,Strong Buy,1.0,1263.88,False,True,-0.00915435009652828,-0.008284014305155574,0.06337626989904097
1999-01-12,SP500,Strong Buy,1.0,1239.51,False,True,0.002952779727473019,0.004445304999556269,0.08780889222353988
1999-01-13,SP500,Strong Buy,1.0,1234.4,False,True,0.025089112119248053,0.0031837329876861927,0.1006399870382372
1999-01-14,SP500,Strong Buy,0.9999999999999999,1212.19,False,True,0.05564309225451459,0.019774127818246338,0.1135383067010946
1999-01-15,SP500,Strong Buy,1.0,1243.26,False,True,0.023920981934591325,-0.01428502485401283,0.06851342438428008
1999-01-19,SP500,Strong Buy,1.0,1252.0,False,True,0.007979233226837069,-0.019408945686900922,0.05658945686900951
1999-01-20,SP500,Strong Buy,1.0,1256.62,False,True,0.012294886282249246,-0.007941939488468903,0.0496411007305312
1999-01-21,SP500,Strong Buy,0.9999999999999999,1235.16,False,True,0.010792124097282883,0.03263544803912039,0.0439781080993555
1999-01-22,SP500,Strong Buy,0.9999999999999999,1225.19,False,True,0.011598201095340344,0.04696414433679671,0.06609587084452209
1999-01-25,SP500,Strong Buy,0.9999999999999999,1233.98,False,True,0.00793367801747189,0.03716429763853539,0.08277281641517681
1999-01-26,SP500,Strong Buy,0.9999999999999999,1252.31,False,True,-0.028882624909167737,0.027573045012816294,0.08505082607341632
1999-01-27,SP500,Strong Buy,0.9999999999999999,1243.17,False,True,-0.015782234127271505,0.04384758319457515,0.09144364809318101
1999-01-28,SP500,Strong Buy,0.9999999999999999,1265.37,False,True,-0.00895390281103545,0.02309206002987271,0.07481606170527204
1999-01-29,SP500,Strong Buy,1.0,1279.64,False,True,-0.03869056922259385,0.02158419555499976,0.0649870276015128
1999-02-01,SP500,Strong Buy,1.0,1273.0,False,True,-0.024454045561665444,0.026221523959151696,0.061201885310290714
1999-02-02,SP500,Strong Buy,1.0,1261.99,False,True,-0.030079477650377606,0.028391667128899536,0.06405755988557747
1999-02-03,SP500,Strong Buy,1.0,1272.07,False,True,-0.027349123868969448,0.034966629194934255,0.049612049651355766
1999-02-04,SP500,Strong Buy,1.0,1248.49,False,True,-0.007424969362990478,0.040689152496215394,0.08501469775488799
1999-02-05,SP500,Strong Buy,1.0,1239.4,False,True,0.026416007745683402,0.04648216879135057,0.07471357108278191
1999-02-08,SP500,Strong Buy,1.0,1243.77,False,True,0.022037836577502336,0.01476961174493686,0.08324690256237083
1999-02-09,SP500,Strong Buy,1.0,1216.14,False,True,0.030646142713832272,0.04312825825973968,0.0953097505221437
1999-02-10,SP500,Strong Buy,1.0,1223.55,False,True,0.01754730088676395,0.054301009358015656,0.09926034898451232
1999-02-11,SP500,Strong Buy,1.0,1254.04,False,True,-0.012527511084175973,0.02293387770725016,0.06878568466715575
1999-02-12,SP500,Strong Buy,1.0,1230.13,False,True,0.00490192093518569,0.06506629380634564,0.10200547909570515
1999-02-16,SP500,Strong Buy,1.0,1241.87,False,True,-0.013181733997922402,0.04741237005483675,0.09834362694968082
1999-02-17,SP500,Strong Buy,1.0,1224.03,False,True,0.0029982925255100552,0.05093012426166019,0.1172601978709672
1999-02-18,SP500,Strong Buy,1.0,1237.28,False,True,0.007564981249191878,0.0456161903530325,0.08124272597956807
1999-02-19,SP500,Strong Buy,1.0,1239.22,False,True,0.02925227159019383,0.06608995981343092,0.08091380061651683
1999-02-22,SP500,Strong Buy,1.0,1272.14,False,True,0.008324555473454115,0.03596302293772698,0.048092191111041106
1999-02-23,SP500,Strong Buy,1.0,1271.18,False,True,0.00681256785034366,0.043825422048805074,0.05746629116254185
1999-02-24,SP500,Strong Buy,0.9999999999999999,1253.41,False,True,0.02667124085494757,0.07225887778141225,0.06815008656385368
1999-02-25,SP500,Strong Buy,0.9999999999999999,1245.02,False,True,0.04229650929302347,0.0829946506883423,0.06848885961671297
1999-02-26,SP500,Strong Buy,1.0,1238.33,False,True,0.045432154595301734,0.09714696405643099,0.055171077176520124
1999-03-01,SP500,Strong Buy,1.0,1236.16,False,True,0.05751682630080241,0.09194602640434883,0.03902407455345587
1999-03-02,SP500,Strong Buy,1.0,1225.5,False,True,0.06599755201958393,0.08399836801305594,0.06467564259485924
1999-03-03,SP500,Strong Buy,1.0,1227.7,False,True,0.05711493035757912,0.07750264722652102,0.043748472753930144
1999-03-04,SP500,Strong Buy,1.0,1246.64,False,True,0.056078739652184954,0.058044022332028405,0.04427902201116587
1999-03-05,SP500,Strong Buy,0.9999999999999999,1275.47,False,True,0.018675468650771822,0.010984186221549695,0.014731824347103392
1999-03-08,SP500,Strong Buy,1.0,1282.73,False,True,0.011132506451084774,0.01827352599533811,0.009417414420805568
1999-03-09,SP500,Strong Buy,0.9999999999999999,1279.84,False,True,-0.013829853731716323,0.04397424678084759,0.015392549068633616
1999-03-10,SP500,Strong Buy,1.0,1286.84,False,True,-0.014182027291660192,0.055935469833079496,0.03179105405489423
1999-03-11,SP500,Strong Buy,1.0,1297.68,False,True,-0.005925960175081726,0.045596757289932684,0.028389125208063557
1999-03-12,SP500,Strong Buy,1.0,1294.59,False,True,-0.00910713044284288,0.05055654686039599,0.01756540680833315
1999-03-15,SP500,Strong Buy,1.0,1307.26,False,True,0.0022260300169821474,0.04248581001484017,0.008705230788060608
1999-03-16,SP500,Strong Buy,1.0,1306.38,False,True,-0.004309618947013969,0.034086559806488136,-0.0027250876467797827
1999-03-17,SP500,Strong Buy,1.0,1297.82,False,True,-0.008822486939637273,0.03468123468585782,-0.003220785625125084
1999-03-18,SP500,Strong Buy,1.0,1316.55,False,True,-0.0173407770308761,0.014150620941096129,-0.017128099958224112
1999-03-19,SP500,Strong Buy,0.9999999999999999,1299.29,False,True,0.016801483887353807,0.042592492823003446,0.0014392475890679665
1999-03-22,SP500,Strong Buy,0.9999999999999999,1297.01,False,True,0.016098565161409787,0.026977432710619045,0.025751536225626703
1999-03-23,SP500,Strong Buy,1.0,1262.14,False,True,0.051301757332784,0.06748062813950896,0.06160964710729395
1999-03-24,SP500,Strong Buy,0.9999999999999999,1268.59,False,True,0.05942818404685525,0.050024042440820156,0.05852954855390631
1999-03-25,SP500,Strong Buy,1.0,1289.99,False,True,0.04524066078031605,0.04264374142435212,0.04574454065535391
1999-03-26,SP500,Strong Buy,1.0,1282.8,False,True,0.05911287807920187,0.04482382288743374,0.04137823511069547
1999-03-29,SP500,Strong Buy,1.0,1310.17,False,True,0.030263248280757354,0.03468252211545053,0.017471015211766312
1999-03-30,SP500,Strong Buy,1.0,1300.75,False,True,0.021287718623870886,0.048625792811839326,0.01155487218912164
1999-03-31,SP500,Strong Buy,1.0,1286.37,False,True,0.028358870309475516,0.06311558882747581,0.022497415207133296
1999-04-01,SP500,Strong Buy,0.9999999999999999,1293.72,False,True,0.019540549732554164,0.03407228766657385,0.029086664811551095
1999-04-05,SP500,Strong Buy,0.9999999999999999,1321.12,False,True,-0.023949376286786873,0.013904868596342587,0.022957793387428968
1999-04-06,SP500,Strong Buy,0.9999999999999999,1317.89,False,True,-0.008893003209676092,0.01170810917451368,0.04159679487665885
1999-04-07,SP500,Strong Buy,0.9999999999999999,1326.89,False,True,0.006956115427804709,0.013068151843785028,0.040749421579784256
1999-04-08,SP500,Strong Buy,0.9999999999999999,1343.98,False,True,0.011041830979627612,-0.003831902260450372,0.03514933257935387
1999-04-09,SP500,Strong Buy,0.9999999999999999,1348.35,False,True,0.006304001186635518,-0.013394148403604365,0.029495309081469932
1999-04-12,SP500,Strong Buy,1.0,1358.63,False,True,0.0010378101469861953,-0.03825912868109788,0.027402604093829656
1999-04-13,SP500,Strong Buy,0.9999999999999999,1349.82,False,True,0.009616096961076306,-0.048465721355439875,0.033041442562712166
1999-04-14,SP500,Strong Buy,0.9999999999999999,1328.44,False,True,0.016914576495739384,-0.017825419288789907,0.056336755894131396
1999-04-15,SP500,Strong Buy,0.9999999999999999,1322.85,False,True,0.015103753260006817,-0.03132630305779176,0.05764070000377972
1999-04-16,SP500,Strong Buy,0.9999999999999999,1319.0,False,True,0.012266868840030374,-0.013009855951478454,0.05652767247915083
1999-04-19,SP500,Strong Buy,1.0,1289.48,False,True,0.05052424233024172,0.003706920619164293,0.08428979123367564
1999-04-20,SP500,Strong Buy,0.9999999999999999,1306.17,False,True,0.019775373802797435,-0.008697183368168099,0.07920102283776217
1999-04-21,SP500,Strong Buy,1.0,1336.12,False,True,0.008374996257821196,-0.027377780438882685,0.06186570068556723
1999-04-22,SP500,Strong Buy,1.0,1358.82,False,True,-0.019700916972078705,-0.022865427356088326,0.03593559117469581
1999-04-23,SP500,Strong Buy,0.9999999999999999,1356.85,False,True,-0.008733463536868416,-0.016457235508714987,0.014924273132623357
1999-04-26,SP500,Strong Buy,1.0,1360.04,False,True,-0.014514278991794366,-0.03140348813270201,0.01415399547072145
1999-04-27,SP500,Strong Buy,1.0,1362.8,False,True,-0.005275902553566227,-0.03240387437628402,-0.0013428235984736772
1999-04-28,SP500,Strong Buy,1.0,1350.91,False,True,0.009689764677143494,-0.03559822638073605,0.004463657830647469
1999-04-29,SP500,Strong Buy,1.0,1342.83,False,True,0.01841632969177038,-0.03663159148961509,0.003671350803899275
1999-04-30,SP500,Strong Buy,0.9999999999999999,1335.18,False,True,0.001962282239098766,-0.030842283437439194,0.020716307913539636
1999-05-03,SP500,Strong Buy,0.9999999999999999,1354.63,False,True,-0.011176483615452263,-0.03947203295364787,0.007950510471494048
1999-05-04,SP500,Strong Buy,0.9999999999999999,1332.0,False,True,0.0009909909909909431,-0.0011936936936936323,0.006779279279279259
1999-05-05,SP500,Strong Buy,0.9999999999999999,1347.31,False,True,-0.002286036621119065,-0.005499847844965045,-0.013797863891754622
1999-05-06,SP500,Strong Buy,1.0,1332.05,False,True,0.005089899027814251,0.008100296535415311,-0.003002890281896325
1999-05-07,SP500,Strong Buy,1.0,1345.0,False,True,-0.010936802973977722,0.002973977695167286,-0.01696654275092932
1999-05-10,SP500,Strong Buy,1.0,1340.3,False,True,-0.025106319480713173,-0.0032977691561589537,-0.026091173617846772
1999-05-11,SP500,Strong Buy,0.9999999999999999,1355.61,False,True,-0.052529857407366286,-0.016634577791547683,-0.03090859465480475
1999-05-12,SP500,Strong Buy,0.9999999999999999,1364.0,False,True,-0.04343108504398828,-0.035351906158357795,-0.04670821114369504
1999-05-13,SP500,Strong Buy,1.0,1367.56,False,True,-0.0629954078797273,-0.03820673315978824,-0.05101055895170961
1999-05-14,SP500,Strong Buy,1.0,1337.8,False,True,-0.026879952160263145,-0.00482134848258338,-0.04213634325011204
1999-05-17,SP500,Strong Buy,1.0,1339.49,False,True,-0.03376658280390299,0.008928771398069442,-0.028040522885575812
1999-05-18,SP500,Strong Buy,1.0,1333.32,False,True,-0.028882788827888275,0.029542795427954356,-0.02637026370263692
1999-05-19,SP500,Strong Buy,1.0,1344.23,False,True,-0.03324579871004222,0.02732419303244238,-0.012311881151291039
1999-05-20,SP500,Strong Buy,1.0,1338.83,False,True,-0.00827588267367771,0.0391311817034277,-0.006020181800527285
1999-05-21,SP500,Strong Buy,1.0,1330.29,False,True,0.003179757797172059,0.04347172421051044,0.010426298025242706
1999-05-24,SP500,Strong Buy,1.0,1306.65,False,True,0.008173573642520825,0.06827383002334199,0.020043623005395344
1999-05-25,SP500,Strong Buy,1.0,1284.4,False,True,0.026658361881033953,0.08565867331049515,0.03051230146371833
1999-05-26,SP500,Strong Buy,1.0,1304.76,False,True,-0.001486863484472282,0.07550813942794075,0.02441061957754676
1999-05-27,SP500,Strong Buy,1.0,1281.41,False,True,0.009544173995832728,0.09184414043904747,0.06150256358230382
1999-05-28,SP500,Strong Buy,1.0,1301.84,False,True,-0.0060222454372272465,0.07045412646715421,0.047363731334111786
1999-06-01,SP500,Strong Buy,1.0,1294.26,False,True,0.005331231746326156,0.08028525953054261,0.06762937895013364
1999-06-02,SP500,Strong Buy,1.0,1294.81,False,True,0.02749438141503397,0.08866938006348418,0.05189950649129992
1999-06-03,SP500,Strong Buy,1.0,1299.54,False,True,0.031057143296858988,0.09175554426951076,0.03749788386659897
1999-06-04,SP500,Strong Buy,1.0,1327.75,False,True,0.011365091319902028,0.060176991150442546,-0.002809263792129556
1999-06-07,SP500,Strong Buy,1.0,1334.52,False,True,0.010850343194556859,0.03190660312322028,-0.010573089949944475
1999-06-08,SP500,Strong Buy,1.0,1317.33,False,True,0.014081513364153388,0.04703453196996959,0.010430188335496807
1999-06-09,SP500,Strong Buy,1.0,1318.64,False,True,0.01093550931262501,0.03210125583934958,0.00035642783473867004
1999-06-10,SP500,Strong Buy,1.0,1302.82,False,True,0.009947652016395232,0.04154065795735414,0.04177092767995585
1999-06-11,SP500,Strong Buy,1.0,1293.64,False,True,0.016751182709254384,0.04183544108098071,0.04391484493367547
1999-06-14,SP500,Strong Buy,1.0,1294.0,False,True,0.028863987635239497,0.0531993817619783,0.03875579598145293
1999-06-15,SP500,Strong Buy,1.0,1301.16,False,True,0.03865012757846841,0.049371330197669774,0.035737342064004425
1999-06-16,SP500,Strong Buy,1.0,1330.41,False,True,0.03179470990145891,0.007982501634834292,0.015972519749550888
1999-06-17,SP500,Strong Buy,1.0,1339.9,False,True,0.030644077916262363,-0.008343906261661364,0.0031569520113441437
1999-06-18,SP500,Strong Buy,1.0,1342.84,False,True,0.03602811950790869,-0.01101397039111135,-0.00487772184325754
1999-06-21,SP500,Strong Buy,1.0,1349.0,False,True,0.02899925871015559,-0.019881393624907293,-0.02300222386953297
1999-06-22,SP500,Strong Buy,1.0,1335.88,False,True,0.04489924244692621,-0.022868820552744393,-0.013025122016947697
1999-06-23,SP500,Strong Buy,1.0,1333.06,False,True,0.046029436034387146,-0.014515475672512797,0.0017703629243995974
1999-06-24,SP500,Strong Buy,1.0,1315.78,False,True,0.06650047880344738,-0.011772484761890292,0.015010108072778125
1999-06-25,SP500,Strong Buy,1.0,1315.31,False,True,0.06370361359679465,-0.013312451057165225,-0.005876941557503569
1999-06-28,SP500,Strong Buy,1.0,1331.35,False,True,0.04672700642205283,-0.037495774965260714,-0.015653284260337193
1999-06-29,SP500,Strong Buy,1.0,1351.45,False,True,0.03457027636982502,-0.03664212512486587,-0.05256576269932292
1999-06-30,SP500,Strong Buy,1.0,1372.71,False,True,0.026888417801283485,-0.05430863037349473,-0.06946113891499307
1999-07-01,SP500,Strong Buy,1.0,1380.96,False,True,0.027386745452438837,-0.038581856100104256,-0.07071167883211685
1999-07-02,SP500,Strong Buy,1.0,1391.22,False,True,0.011809778467819658,-0.04345107172122313,-0.0783628757493423
1999-07-06,SP500,Strong Buy,1.0,1388.12,False,True,-0.007938794916865964,-0.031668731809929844,-0.0862677578307351
1999-07-07,SP500,Strong Buy,1.0,1395.86,False,True,-0.011870817990342826,-0.045147794191394544,-0.08106113793646919
1999-07-08,SP500,Strong Buy,1.0,1394.42,False,True,-0.023988468323747538,-0.05079531274651838,-0.08004044692416927
1999-07-09,SP500,Strong Buy,1.0,1403.28,False,True,-0.03302263268912827,-0.04751011914942141,-0.0703209623168577
1999-07-12,SP500,Strong Buy,1.0,1399.1,False,True,-0.03669501822600237,-0.027789293117003705,-0.0698663426488457
1999-07-13,SP500,Strong Buy,1.0,1393.56,False,True,-0.022044260742271612,-0.021570653577886813,-0.04891070352191499
1999-07-14,SP500,Strong Buy,1.0,1398.17,False,True,-0.023437779383050687,-0.011715313588476443,-0.05759671570695979
1999-07-15,SP500,Strong Buy,1.0,1409.62,False,True,-0.04865850371021972,-0.0337750599452334,-0.052212653055433315
1999-07-16,SP500,Strong Buy,1.0,1418.78,False,True,-0.06347707185046304,-0.049697627539153355,-0.05890271923765484
1999-07-19,SP500,Strong Buy,1.0,1407.65,False,True,-0.05654814762192316,-0.05941107519624914,-0.06721130962952447
1999-07-20,SP500,Strong Buy,1.0,1377.1,False,True,-0.03988090915692386,-0.04116621886573221,-0.06648028465616147
1999-07-21,SP500,Strong Buy,1.0,1379.29,False,True,-0.05362179092141612,-0.034960015660231006,-0.0695067752249345
1999-07-22,SP500,Strong Buy,1.0,1360.97,False,True,-0.034725232738414505,-0.030757474448371475,-0.08344048729949959
1999-07-23,SP500,Strong Buy,1.0,1356.94,False,True,-0.041748345542175845,0.00022108567806974113,-0.07576606187451172
1999-07-26,SP500,Strong Buy,1.0,1347.76,False,True,-0.037068914346768,0.001995904315308404,-0.06413604796106136
1999-07-27,SP500,Strong Buy,1.0,1362.84,False,True,-0.0597355522291684,-0.013714008981244922,-0.053865457427137345
1999-07-28,SP500,Strong Buy,1.0,1365.4,False,True,-0.04648454665299548,-0.01299252966163762,-0.05990186026072959
1999-07-29,SP500,Strong Buy,1.0,1341.03,False,True,-0.031967964922484875,0.007926742876744077,-0.02936548772212395
1999-07-30,SP500,Strong Buy,1.0,1328.72,False,True,-0.0007827081702691038,0.011597627792160939,-0.026408874706484373
1999-08-02,SP500,Strong Buy,1.0,1328.05,False,True,0.0020481156582960185,0.006204585670720236,-0.03474266782124157
1999-08-03,SP500,Strong Buy,1.0,1322.18,False,True,0.016624060264109286,-0.003184135291715225,-0.019263640351540656
1999-08-04,SP500,Strong Buy,1.0,1305.33,False,True,0.021075130426788623,0.010074080883761265,0.028429592516834922
1999-08-05,SP500,Strong Buy,1.0,1313.71,False,True,0.007520685691667021,0.016525717243531704,0.03746641191739427
1999-08-06,SP500,Strong Buy,1.0,1300.29,False,True,0.027932230502426332,0.027101646555768338,0.04139845726722495
1999-08-09,SP500,Strong Buy,1.0,1297.8,False,True,0.04809677916474039,0.0075358298659269326,0.038480505470796775
1999-08-10,SP500,Strong Buy,0.9397739401389095,1281.43,False,True,0.06404563651545533,0.022693397220292896,0.05735779558774182
1999-08-11,SP500,Strong Buy,1.0,1301.93,False,True,0.061339703363468,-0.016529306491132382,0.046630771239621206
1999-08-12,SP500,Strong Buy,1.0,1298.16,False,True,0.049185000308128356,-0.016022678252295697,0.05551703950206441
1999-08-13,SP500,Strong Buy,1.0,1327.68,False,True,0.015508255001205047,-0.03341919739696321,0.037155037358399555
1999-08-16,SP500,Strong Buy,1.0,1330.77,False,True,-0.005072251403322888,-0.036497666764354425,0.025932354952395976
1999-08-17,SP500,Strong Buy,1.0,1344.16,False,True,-0.01766902749672658,-0.05638465658850151,0.021798000238066863
1999-08-18,SP500,Strong Buy,1.0,1332.84,False,True,-0.0013279913568020032,-0.0376114162240028,0.036478497043906336
1999-08-19,SP500,Strong Buy,1.0,1323.59,False,True,-0.00338473394329061,-0.03081014513557822,0.05475260465854232
1999-08-20,SP500,Strong Buy,1.0,1336.61,False,True,0.015434569545342404,-0.023948646201958683,0.04322876530925267
1999-08-23,SP500,Strong Buy,0.9999999999999999,1360.22,False,True,-0.0071826616282660025,-0.04327976356765826,0.04400023525606145
1999-08-24,SP500,Strong Buy,0.9999999999999999,1363.5,False,True,-0.014191419141914125,-0.027942794279427877,0.03462412907957465
1999-08-25,SP500,Strong Buy,0.9999999999999999,1381.79,False,True,-0.02469984585211927,-0.04642528893681375,0.031227610563110235
1999-08-26,SP500,Strong Buy,0.9999999999999999,1362.01,False,True,-0.0075990631493160175,-0.019082091908282618,0.04404519790603594
1999-08-27,SP500,Strong Buy,0.9999999999999999,1348.27,False,True,-0.0030706015857357005,-0.009686487127949108,0.053898699815318946
1999-08-30,SP500,Strong Buy,1.0,1324.02,False,True,0.009267231612815502,-0.008292926088729792,0.060890318877358435
1999-08-31,SP500,Strong Buy,1.0,1320.41,False,True,-0.0018479108761672923,-0.026400890632455164,0.07321210836028191
1999-09-01,SP500,Strong Buy,1.0,1331.07,False,True,-0.009458555898637876,-0.03579826755918161,0.06427160104277008
1999-09-02,SP500,Strong Buy,0.9999999999999999,1319.11,False,True,0.012364397207208023,-0.05435483015063173,0.06725746905110266
1999-09-03,SP500,Strong Buy,1.0,1357.24,False,True,-0.015995697150098756,-0.0759703515958857,0.023334119241991153
1999-09-07,SP500,Strong Buy,0.9999999999999999,1350.45,False,True,-0.031744973897589776,-0.06600022214817292,0.035003147099115096
1999-09-08,SP500,Strong Buy,1.0,1344.15,False,True,-0.025026968716289177,-0.04070974221627052,0.04827586206896542
1999-09-09,SP500,Strong Buy,0.9999999999999999,1347.66,False,True,-0.049901310419542017,-0.04752682427318476,0.06354718549188955
1999-09-10,SP500,Strong Buy,1.0,1351.66,False,True,-0.05496944497876698,-0.03699894943994791,0.053023689389343355
1999-09-13,SP500,Strong Buy,1.0,1344.13,False,True,-0.045248599465825594,-0.037570770684383206,0.04838817673885707
1999-09-14,SP500,Strong Buy,0.9999999999999999,1336.29,False,True,-0.04047774061019683,-0.04069475937109451,0.05058033810026278
1999-09-15,SP500,Strong Buy,1.0,1317.97,False,True,-0.03763363354249348,-0.016130867925673566,0.06839305902258767
1999-09-16,SP500,Strong Buy,1.0,1318.48,False,True,-0.027129725138037727,0.01817244099265824,0.07475274558582606
1999-09-17,SP500,Strong Buy,1.0,1335.42,False,True,-0.03939584550178979,0.02060026059217324,0.059756481107067404
1999-09-20,SP500,Strong Buy,1.0,1335.53,False,True,-0.023159344979146904,0.013919567512523058,0.05064655979274153
1999-09-21,SP500,Strong Buy,0.7645640832959966,1307.58,False,True,-0.004764526835834151,0.03071322595940599,0.08087459275914285
1999-09-22,SP500,Strong Buy,0.9282337452121527,1310.51,False,True,0.011361988844037893,0.03389520110491341,0.08261669121181829
1999-09-23,SP500,Strong Sell,-0.9,1280.41,False,False,0.029076623893908995,0.06422161651346055,0.10982419693691856
1999-09-24,SP500,Strong Sell,-0.75,1277.36,False,False,0.04592284085927232,0.07270464082169484,0.11017254337070209
1999-09-27,SP500,Mild Sell,-0.6,1283.31,False,False,0.04044229375599044,0.0730143145459788,0.1169787502629919
1999-09-28,SP500,Strong Sell,-0.75,1282.2,False,False,0.02405240992044916,0.06479488379347989,0.12005147402901269
1999-09-29,SP500,Strong Sell,-1.0,1268.37,False,False,0.013544943510174528,0.08285437214692885,0.14977490795272677
1999-09-30,SP500,Strong Sell,-1.0,1282.71,False,False,0.0005535156036828561,0.07698544487842146,0.13595434665668768
1999-10-01,SP500,Strong Sell,-1.0,1282.81,False,False,-0.027595668883154845,0.08828275426602537,0.13630233627739116
1999-10-04,SP500,Hold,0.22381076562370478,1304.6,False,False,-0.03868618733711467,0.0688256936992183,0.12176912463590384
1999-10-05,SP500,Hold,-0.13848889375206014,1301.35,False,False,-0.03076036423713834,0.09122833980097594,0.12534675529258088
1999-10-06,SP500,Strong Buy,1.0,1325.4,False,True,-0.027138976912630168,0.06436547457371355,0.10853327297419639
1999-10-07,SP500,Strong Buy,0.8921075934266331,1317.64,False,True,-0.02582647764184466,0.08143347196502834,0.10441395221760111
1999-10-08,SP500,Strong Buy,1.0,1336.02,False,True,-0.025725662789479117,0.0643553240220955,0.04745437942545777
1999-10-11,SP500,Strong Buy,1.0,1335.21,False,True,-0.031141168804907037,0.06420712846668315,0.05010447794728909
1999-10-12,SP500,Mild Buy,0.4667367241137661,1313.04,False,True,-0.02370834094924746,0.06976177420337548,0.0688554804118687
1999-10-13,SP500,Strong Sell,-0.75,1285.55,False,False,0.00868110925284904,0.10231418459025318,0.12128660884446352
1999-10-14,SP500,Strong Sell,-0.75,1283.42,False,False,0.04598650480746753,0.10378519892163111,0.13571551012139427
1999-10-15,SP500,Strong Sell,-0.75,1247.41,False,False,0.09260788353468384,0.128602464306042,0.15323750811681794
1999-10-18,SP500,Strong Sell,-0.75,1254.13,False,False,0.07972857678231106,0.107468922679467,0.1420267436390166
1999-10-19,SP500,Strong Sell,-1.0,1261.32,False,False,0.06851552341990937,0.10814067801985229,0.1493356166555673
1999-10-20,SP500,Strong Sell,-1.0,1289.43,False,False,0.050797639266962916,0.09276191805681572,0.13627726980138513
1999-10-21,SP500,Strong Sell,-1.0,1283.61,False,False,0.06156854496303411,0.11661641775928831,0.13363093151346608
1999-10-22,SP500,Hold,-0.2171544538335267,1301.65,False,False,0.052686974225022026,0.09348135059347738,0.1185034379441478
1999-10-25,SP500,Strong Sell,-1.0,1293.63,False,False,0.06445428754744392,0.08931456444269223,0.11745244003308505
1999-10-26,SP500,Strong Sell,-0.75,1281.91,False,False,0.06503576694151686,0.09514708520879002,0.12438470719473271
1999-10-27,SP500,Strong Sell,-0.7498540322983259,1296.71,False,False,0.059188253348859805,0.08590972538192801,0.08083534483423428
1999-10-28,SP500,Strong Buy,1.0,1342.44,False,True,0.029066475969130822,0.05557045380054223,0.050348618932689666
1999-10-29,SP500,Strong Buy,1.0,1362.93,False,True,0.024307924838399535,0.03836587352248462,0.030199643415289013
1999-11-01,SP500,Strong Buy,0.9999999999999999,1354.12,False,True,0.02973887100109312,0.03622278675449752,0.03281836174046618
1999-11-02,SP500,Strong Buy,0.9999999999999999,1347.74,False,True,0.053667621351299155,0.048666656773561606,0.009215427307937786
1999-11-03,SP500,Strong Buy,0.9999999999999999,1354.93,False,True,0.04116817842988196,0.04712420567852207,0.0291749389267342
1999-11-04,SP500,Strong Buy,1.0,1362.64,False,True,0.04572007279985906,0.04285064286972338,0.03422767568836954
1999-11-05,SP500,Strong Buy,1.0,1370.23,False,True,0.03778197820803805,0.03492844267020858,0.028382096436364603
1999-11-08,SP500,Strong Buy,1.0,1377.01,False,True,0.03190245531985974,0.040972832441304036,0.03482908620852429
1999-11-09,SP500,Strong Buy,1.0,1365.28,False,True,0.02882925114262285,0.05189411695769376,0.04328049923825143
1999-11-10,SP500,Strong Buy,1.0,1373.46,False,True,0.03175920667511241,0.06180012523116791,0.036972318087166695
1999-11-11,SP500,Strong Buy,1.0,1381.46,False,True,0.025451334095811573,0.05475366641089852,0.043620517423595316
1999-11-12,SP500,Strong Buy,1.0,1396.06,False,True,0.008430869733392535,0.04412417804392371,0.011210119908886504
1999-11-15,SP500,Strong Buy,1.0,1394.39,False,True,-0.003930033921643168,0.04953420492114827,0.016093058613443748
1999-11-16,SP500,Strong Buy,1.0,1420.07,False,True,-0.01573866077024366,0.03126606434894061,-0.023203081538234065
1999-11-17,SP500,Strong Buy,1.0,1410.71,False,True,-0.0011838010647121468,0.04149683492709342,-0.014723082703036046
1999-11-18,SP500,Strong Buy,1.0,1424.94,False,True,0.005866913694611633,0.02125001754459835,-0.016063834266706035
1999-11-19,SP500,Strong Buy,1.0,1422.0,False,True,0.0009353023909985424,-0.015879043600562536,-0.024142053445850863
1999-11-22,SP500,Strong Buy,1.0,1420.94,False,True,-0.008283249116781835,-0.013251791067884749,-0.022998859909637327
1999-11-23,SP500,Strong Buy,1.0,1404.64,False,True,-0.0005410639024945828,-0.0008471921631165669,-0.04168327827770829
1999-11-24,SP500,Strong Buy,1.0,1417.08,False,True,-0.006329917859259906,0.017211448894910733,-0.045805459113105726
1999-11-26,SP500,Strong Buy,1.0,1416.62,False,True,0.000296480354647028,0.028928011746269303,-0.03948130056048894
1999-11-29,SP500,Strong Buy,1.0,1407.83,False,True,0.00524921332831386,0.021827919564151935,-0.03864102910152495
1999-11-30,SP500,Strong Buy,1.0,1388.91,False,True,0.010267043940932091,0.031204325694249385,-0.039995392070040665
1999-12-01,SP500,Strong Buy,1.0,1397.72,False,True,0.011168188192198652,0.03717482757633864,-0.03553644506768171
1999-12-02,SP500,Strong Buy,1.0,1409.04,False,True,0.0069125078067336695,0.03982143871004381,-0.030247544427411493
1999-12-03,SP500,Strong Buy,1.0,1433.3,False,True,-0.008560664201493045,0.015237563664271364,-0.03775204074513354
1999-12-06,SP500,Strong Buy,1.0,1423.33,False,True,-0.003681507450837128,0.022882957571329323,-0.029206157391469256
1999-12-07,SP500,Strong Buy,0.9999999999999999,1409.17,False,True,0.017215807886912148,0.02583080820624897,0.0
1999-12-08,SP500,Strong Buy,0.9999999999999999,1403.88,False,True,0.02297204889306778,0.02669743852750932,-0.00897512607915216
1999-12-09,SP500,Strong Buy,0.9999999999999999,1408.11,False,True,0.0356719290396347,-0.004672930381859321,-0.03727691728629156
1999-12-10,SP500,Strong Buy,0.9999999999999999,1417.04,False,True,0.02827019703042959,-0.004946931632134584,-0.035524755829052054
1999-12-13,SP500,Strong Buy,0.9999999999999999,1415.22,False,True,0.02998827037492408,-0.007864501632255133,-0.009560351040827555
1999-12-14,SP500,Strong Buy,0.9999999999999999,1403.17,False,True,0.04296699615869778,-0.0032854180177741307,-0.005772643371793964
1999-12-15,SP500,Strong Buy,1.0,1413.33,False,True,0.03618404760388593,-0.03762037174615967,-0.021021275993575485
1999-12-16,SP500,Strong Buy,0.9999999999999999,1418.78,False,True,0.035572816081422085,-0.01714148775708703,-0.042029067226772215
1999-12-17,SP500,Strong Buy,1.0,1421.03,False,True,0.02406001280761142,-0.008268650204429183,-0.02033032377923047
1999-12-20,SP500,Strong Buy,1.0,1418.09,False,True,-0.013165595977688191,-0.006325409529719572,0.028474920491647293
1999-12-21,SP500,Strong Buy,1.0,1433.43,False,True,-0.021849689207007084,-0.0059019275444214475,0.021654353543598195
1999-12-22,SP500,Strong Buy,1.0,1436.13,False,True,-0.022755600119766357,-0.00818867372730896,0.014274473759339334
1999-12-23,SP500,Strong Buy,1.0,1458.34,False,True,-0.011567947117955958,-0.02338275025028451,0.02436331719626423
1999-12-27,SP500,Strong Buy,1.0,1457.1,False,True,0.0003431473474710041,-0.010555212408208003,0.029881271017775164
1999-12-28,SP500,Strong Buy,1.0,1457.66,False,True,-0.013103192788441843,-0.031523126106225076,0.04780950290191116
1999-12-29,SP500,Strong Buy,1.0,1463.46,False,True,-0.021326172221994476,-0.031862845585120265,0.04373197764202643
1999-12-30,SP500,Strong Buy,1.0,1464.47,False,True,-0.010099216781497718,-0.052817742937718175,0.04055392053097699
1999-12-31,SP500,Strong Buy,1.0,1469.25,False,True,-0.0027905393908456075,-0.053979921728773146,0.026190233112132054
2000-01-03,SP500,Strong Buy,1.0,1455.22,False,True,-5.49745055729905e-05,-0.036537430766482096,0.0366267643380382
2000-01-04,SP500,Strong Buy,1.0,1399.42,True,True,0.04035957753926628,-0.008396335624758828,0.06324048534392819
2000-01-05,SP500,Strong Buy,1.0,1402.11,False,True,0.030996141529551918,-0.009877969631483914,0.06880344623460359
2000-01-06,SP500,Strong Buy,1.0,1403.45,False,True,0.027012006127756494,-0.04087071146104252,0.07304855890840427
2000-01-07,SP500,Strong Buy,1.0,1441.47,False,True,-0.027707826038696644,-0.06195064760279434,0.03694839295996447
2000-01-10,SP500,Strong Buy,1.0,1457.6,False,True,-0.03263583973655319,-0.06648600439077927,0.020423984632272216
2000-01-11,SP500,Strong Buy,1.0,1438.56,False,True,-0.02396146146146148,-0.05917723278834382,0.04364086308530751
2000-01-12,SP500,Strong Buy,1.0,1432.25,False,True,-0.023522429743410754,-0.06904520858788626,0.05871879909233717
2000-01-13,SP500,Strong Buy,1.0,1449.68,False,True,-0.06175155896473703,-0.07010512664863977,0.03778764968820703
2000-01-14,SP500,Strong Buy,1.0,1465.15,False,True,-0.048247619697641915,-0.06738559191891616,0.024188649626318004
2000-01-18,SP500,Strong Buy,1.0,1455.14,False,True,-0.03151586788900046,-0.05219429058372393,0.008267245763294235
2000-01-19,SP500,Strong Buy,1.0,1455.9,False,True,-0.03213132770107851,-0.05092382718593316,-0.010570780960230853
2000-01-20,SP500,Strong Buy,1.0,1445.57,False,True,-0.014250434084824608,-0.025180378674156123,-0.06157432708205068
2000-01-21,SP500,Strong Buy,1.0,1441.36,False,True,-0.011787478492534835,-0.03474496309041456,-0.027696064827662657
2000-01-24,SP500,Strong Buy,1.0,1401.53,False,True,0.01620372022004526,-0.03275705835765205,0.028597318644624038
2000-01-25,SP500,Strong Buy,1.0,1410.03,False,True,0.02247469911987692,-0.030729842627461777,0.012368531166003598
2000-01-26,SP500,Strong Buy,1.0,1404.09,False,True,0.005427002542572142,-0.001709292139392677,0.021686644018545854
2000-01-27,SP500,Strong Buy,1.0,1398.56,False,True,0.013063436677725648,-0.0024954238645463972,0.02238016245280857
2000-01-28,SP500,Mild Buy,0.4370109144311214,1360.16,False,True,0.019821197506175604,0.017247970826961393,0.08622514998235499
2000-01-31,SP500,Strong Buy,1.0,1394.46,False,True,-0.003241398103925521,-0.025321629878232395,0.04771022474649683
2000-02-01,SP500,Strong Buy,1.0,1409.28,False,True,-0.005130279291553147,-0.012162238873751046,0.039481153496821145
2000-02-02,SP500,Strong Buy,0.9999999999999999,1409.12,False,True,-0.015222266379016563,0.03502185761326228,0.030735494493017042
2000-02-03,SP500,Strong Buy,0.9999999999999999,1424.97,False,True,-0.02576194586552702,0.027719881822073446,0.030372569247071848
2000-02-04,SP500,Strong Buy,0.9999999999999999,1424.37,False,True,-0.05495763039097986,0.022648609560718225,0.01538925981311041
2000-02-07,SP500,Strong Buy,1.0,1424.24,False,True,-0.05060242655732176,0.04888923215188443,-0.006417457731843018
2000-02-08,SP500,Strong Buy,1.0,1441.72,False,True,-0.05620370113475569,0.040867852287545484,-0.02229975307271876
2000-02-09,SP500,Strong Buy,1.0,1411.71,False,True,-0.041283266393239385,0.08191484086675016,0.014818907566001568
2000-02-10,SP500,Strong Buy,1.0,1416.83,False,True,-0.05891320765370583,0.07808276222270852,0.005180579180282847
2000-02-11,SP500,Strong Buy,1.0,1387.12,False,True,-0.028166272564738408,0.09857834938577774,0.01803737239748559
2000-02-14,SP500,Strong Buy,1.0,1389.94,False,True,-0.016921593737859175,0.08474466523734835,-0.004957048505690965
2000-02-15,SP500,Strong Buy,1.0,1402.05,False,True,-0.016304696694126385,0.07593880389429766,0.004108270033165716
2000-02-16,SP500,Strong Buy,1.0,1387.67,False,True,-0.004258937643676149,0.07224340080854957,0.02398985349542756
2000-02-17,SP500,Strong Buy,1.0,1388.26,False,True,0.015062020082693502,0.07946638237794068,0.04617290709233134
2000-02-18,SP500,Strong Sell,-0.75,1346.09,False,False,0.03357130652482379,0.11877363326374916,0.08910994064289911
2000-02-22,SP500,Hold,-0.38284042397779516,1352.17,False,False,0.0025514543289673767,0.10543053018481399,0.07072335579106169
2000-02-23,SP500,Hold,0.16638334786634407,1360.69,False,False,0.004416876731658196,0.09309982435382036,0.05623617429392439
2000-02-24,SP500,Hold,-0.277961276878235,1353.43,False,False,0.03565755155419932,0.10928529735560749,0.03954397346002378
2000-02-25,SP500,Strong Sell,-0.75,1333.36,False,False,0.046281574368512664,0.13723975520489592,0.0505189896202077
2000-02-28,SP500,Mild Sell,-0.40781847907216107,1348.05,False,False,0.026386261637179585,0.11602685360335306,0.019146174103334405
2000-02-29,SP500,Strong Buy,0.747347261067828,1366.42,False,True,-0.005320472475519958,0.09819089299044206,0.023879919790401105
2000-03-01,SP500,Strong Buy,1.0,1379.19,False,True,0.009389569239916216,0.06379106577048849,0.0016893973999230906
2000-03-02,SP500,Strong Buy,1.0,1381.76,False,True,0.055516153311718414,0.04251823761000463,-0.0027066929133858332
2000-03-03,SP500,Strong Buy,1.0,1409.17,False,True,0.039242958621032206,-0.037334033509087,0.009423987169752387
2000-03-06,SP500,Strong Buy,1.0,1391.28,False,True,0.04697113449485376,0.007302627795986488,0.021074118797078902
2000-03-07,SP500,Hold,-0.2025662298081126,1355.62,False,False,0.10198285655272127,0.06343223027101992,0.06874345318009477
2000-03-08,SP500,Mild Buy,0.5274773050680246,1366.7,False,True,0.0980024877442014,0.04446476915197189,0.0808955879124899
2000-03-09,SP500,Strong Buy,1.0,1401.69,False,True,0.08964892379912809,0.023435995120176294,0.047043212122509295
2000-03-10,SP500,Strong Buy,1.0,1395.07,False,True,0.0948984638763647,0.024937816740378593,0.04499415799924017
2000-03-13,SP500,Strong Buy,1.0,1383.62,False,True,0.10135730908775532,0.06780763504430419,0.0634133649412411
2000-03-14,SP500,Hold,0.043064092582808605,1359.15,False,False,0.10931832395247024,0.07492918368097702,0.0754294963764117
2000-03-15,SP500,Strong Buy,1.0,1392.14,False,True,0.08359791400290191,0.05227922479061012,0.04655422586808794
2000-03-16,SP500,Strong Buy,1.0,1458.47,False,True,0.020192393398561537,-0.00414132618428899,-0.008550055880477506
2000-03-17,SP500,Strong Buy,1.0,1464.47,False,True,0.023291702800330428,0.0025811385689020415,0.003393719229482357
2000-03-20,SP500,Strong Buy,1.0,1456.63,False,True,0.03387270617795866,-0.0070985768520490065,0.009549439459574397
2000-03-21,SP500,Strong Buy,1.0,1493.87,False,True,0.0005756859699974746,-0.05272881843801669,-0.010134750681116746
2000-03-22,SP500,Strong Buy,1.0,1500.64,False,True,-0.008842893698688698,-0.060687440025589186,-0.024109713189039383
2000-03-23,SP500,Strong Buy,1.0,1527.35,False,True,-0.01702949553147608,-0.06201590990931994,-0.027073034995253157
2000-03-24,SP500,Strong Buy,1.0,1527.46,False,True,-0.007273512890681345,-0.06762206538960101,-0.033722650674976755
2000-03-27,SP500,Strong Buy,1.0,1523.86,False,True,-0.012730828291312762,-0.07331382147966337,-0.029353090178887688
2000-03-28,SP500,Strong Buy,1.0,1507.73,False,True,-0.004735595895816957,-0.08269385102107145,-0.0368434666684353
2000-03-29,SP500,Strong Buy,1.0,1508.52,False,True,-0.027410972343754083,-0.06676079866359083,-0.04444090897038154
2000-03-30,SP500,Strong Buy,1.0,1487.92,False,True,-0.031863272218936554,-0.045002419484918565,-0.021916500887144554
2000-03-31,SP500,Strong Buy,1.0,1498.58,False,True,-0.09476971533051287,-0.030842530929279736,-0.032050340989470016
2000-04-03,SP500,Strong Buy,1.0,1505.97,False,True,-0.06941041322204292,-0.026514472399848645,-0.033964820016335044
2000-04-04,SP500,Strong Buy,1.0,1494.73,True,True,-0.035538190843831405,-0.03139697470446172,-0.03501635746924188
2000-04-05,SP500,Strong Buy,1.0,1487.37,True,True,-0.04027242717010553,-0.03372395570705329,-0.022032177602076135
2000-04-06,SP500,Strong Buy,1.0,1501.34,True,True,-0.0444935857300811,-0.06287050235123282,-0.02118107823677512
2000-04-07,SP500,Strong Buy,1.0,1516.35,False,True,-0.057038282718369776,-0.0762554819138061,-0.04624262208592996
2000-04-10,SP500,Strong Buy,1.0,1504.46,False,True,-0.017959932467463396,-0.08680855589380916,-0.031765550430054613
2000-04-11,SP500,Strong Buy,1.0,1500.59,True,True,-0.026389620082767386,-0.06766671775768196,-0.014454314636242964
2000-04-12,SP500,Strong Buy,1.0,1467.17,True,True,-0.0015335646175971428,-0.058377693109864626,0.005759387119420256
2000-04-13,SP500,Strong Buy,1.0,1440.51,True,True,0.008274847102762268,-0.04338046941708146,0.02802479677336507
2000-04-14,SP500,Mild Sell,-0.5774687854710614,1356.56,True,False,0.08233325470307253,0.04857138644807462,0.10051895972164897
2000-04-17,SP500,Mild Buy,0.6765740348259545,1401.44,True,True,0.03200279712295918,0.01367165201507011,0.06735928758990742
2000-04-18,SP500,Strong Buy,1.0,1441.61,False,True,-0.018389162117354897,0.004994415965483068,0.04742614160556608
2000-04-19,SP500,Strong Buy,1.0,1427.47,True,True,-0.0125396680840929,0.03487989239703809,0.05815884046599927
2000-04-20,SP500,Strong Buy,1.0,1434.54,False,True,-0.0013314372551478902,0.023066627629762953,0.041267584033906374
2000-04-24,SP500,Strong Buy,1.0,1429.86,True,True,-0.003979410571664239,0.019568349348887317,0.03643713370539783
2000-04-25,SP500,Strong Buy,1.0,1477.44,False,True,-0.044198072341347164,-0.004115226337448664,0.012271225904266759
2000-04-26,SP500,Strong Buy,1.0,1460.99,False,True,-0.053347387730237755,0.0004654378195607524,0.013141773728772987
2000-04-27,SP500,Strong Buy,1.0,1464.92,False,True,-0.038985064030800404,-0.005440570133522668,-0.0004300576140677369
2000-04-28,SP500,Strong Buy,1.0,1452.43,False,True,-0.021667137142581762,-0.004427063610638766,0.01517456951453768
2000-05-01,SP500,Strong Buy,1.0,1468.25,False,True,-0.010822407628128793,0.0008104886769964614,-0.010781542652817932
2000-05-02,SP500,Strong Buy,1.0,1446.29,True,True,0.01365562923065222,0.0167670384224464,0.0023024428019276406
2000-05-03,SP500,Strong Buy,1.0,1415.1,True,True,0.02310790756836976,0.04496502013991952,0.003384919793654294
2000-05-04,SP500,Strong Buy,0.8842673957036179,1409.57,True,True,0.019608816873230916,0.03894095362415496,0.015082613846775962
2000-05-05,SP500,Strong Buy,1.0,1432.63,True,True,-0.017925074862316204,0.03725316376175278,0.0038181526283826246
2000-05-08,SP500,Strong Buy,1.0,1424.17,True,True,-0.01646573091695517,0.036358019056713715,0.01020243369822421
2000-05-09,SP500,Strong Buy,1.0,1412.14,True,True,-0.027107793844803062,0.04743863922840512,0.02862322432619984
2000-05-10,SP500,Hold,-0.051451889394054595,1383.05,True,False,0.011568634539604498,0.049983731607678765,0.05775640793897553
2000-05-11,SP500,Strong Buy,0.92908625783671,1407.81,True,True,-0.018674394982277413,0.023916579652083787,0.050795206739545816
2000-05-12,SP500,Strong Buy,1.0,1420.96,False,True,-0.030219006868595917,0.024173797995721138,0.04351987388807561
2000-05-15,SP500,Strong Buy,1.0,1452.36,False,True,-0.020594067586548692,-0.001246247486848953,0.014121843069211486
2000-05-16,SP500,Strong Buy,1.0,1466.04,False,True,-0.03099506152628854,-0.007653270033559812,-0.003949414749938585
2000-05-17,SP500,Strong Buy,0.9999999999999999,1447.8,False,True,0.0006976101671501526,-0.003736703964635899,0.01660450338444534
2000-05-18,SP500,Strong Buy,0.9999999999999999,1437.21,False,True,0.027866491326945925,0.01209983231399717,0.03781632468463197
2000-05-19,SP500,Strong Buy,1.0,1406.95,False,True,0.0431287536870536,0.04448630015281276,0.055069476527239786
2000-05-22,SP500,Strong Buy,0.7371939553504621,1400.72,False,True,0.04077902792849384,0.0324904334913473,0.056492375349820004
2000-05-23,SP500,Strong Sell,-0.75,1373.86,False,False,0.07096792977450396,0.06027542835514549,0.08895375074607315
2000-05-24,SP500,Mild Buy,0.5906392386469711,1399.05,False,True,0.04475894356885038,0.05707444337228844,0.06623780422429511
2000-05-25,SP500,Mild Sell,-0.488970174036945,1381.52,False,False,0.05459928195031564,0.06811338236145688,0.08538421448838963
2000-05-26,SP500,Mild Sell,-0.5286106852223179,1378.02,False,False,0.04933164975834895,0.07464332883412442,0.0871612893862209
2000-05-30,SP500,Strong Buy,1.0,1422.45,False,True,0.03303455305986151,0.04954128440366974,0.05871559633027521
2000-05-31,SP500,Strong Buy,1.0,1420.6,False,True,0.035154160213994125,0.05296353653385894,0.06174151766859077
2000-06-01,SP500,Strong Buy,1.0,1448.81,False,True,0.0206514311745502,0.042220857117220394,0.039784374762736385
2000-06-02,SP500,Strong Buy,1.0,1477.26,False,True,-0.008664690034252572,0.02249434764361048,0.024931291715743962
2000-06-05,SP500,Strong Buy,0.9999999999999999,1467.63,False,True,0.012516778752137725,0.017790587545907278,0.028760654933464025
2000-06-06,SP500,Strong Buy,0.9999999999999999,1457.84,False,True,0.012422488064533919,0.016545025517203615,0.030696098337266095
2000-06-07,SP500,Strong Buy,0.9999999999999999,1471.36,False,True,0.0052808286211397685,0.016454164854284498,0.03148107872988267
2000-06-08,SP500,Strong Buy,0.9999999999999999,1461.67,False,True,-0.006492573563116167,0.012670438607893698,0.04043320311698256
2000-06-09,SP500,Strong Buy,0.9999999999999999,1456.95,False,True,-0.010618071999725472,0.005037921685713249,0.03440749510964678
2000-06-12,SP500,Strong Buy,0.9999999999999999,1446.0,False,True,0.0064384508990317744,0.019688796680497944,0.03198478561549101
2000-06-13,SP500,Strong Buy,0.9999999999999999,1469.44,False,True,-0.012855237369338047,-0.011582643728222984,0.02250517203832748
2000-06-14,SP500,Strong Buy,0.9999999999999999,1470.54,False,True,-0.010689950630380696,-0.014226066614985022,0.016293334421369047
2000-06-15,SP500,Strong Buy,0.9999999999999999,1478.73,False,True,-0.024575142182818983,-0.03979090165209329,0.007120975431620358
2000-06-16,SP500,Strong Buy,0.9999999999999999,1464.46,False,True,-0.0067328571623671025,-0.02296409598077114,0.011970282561490223
2000-06-19,SP500,Strong Buy,0.9999999999999999,1486.0,False,True,-0.011076716016150765,-0.032234185733512846,-0.0007335127860026367
2000-06-20,SP500,Strong Buy,0.9999999999999999,1475.95,False,True,-0.020136183475049987,-0.025237982316474134,0.0033334462549543314
2000-06-21,SP500,Strong Buy,1.0,1479.13,False,True,-0.015184601759142222,-0.017963262187907867,-0.009005293652349802
2000-06-22,SP500,Strong Buy,0.9999999999999999,1452.18,False,True,0.018399922874574794,0.0074026635816496576,-0.005281714388023573
2000-06-23,SP500,Strong Buy,0.9999999999999999,1441.48,False,True,0.023683991453228536,0.02625079779115903,0.01277853317423764
2000-06-26,SP500,Strong Buy,1.0,1455.31,False,True,0.01757013969532276,0.01888944623482283,-0.0027279411259456938
2000-06-27,SP500,Strong Buy,0.9999999999999999,1450.55,False,True,0.029209610147875025,0.015387266898762495,-0.0010340905173899556
2000-06-28,SP500,Strong Buy,1.0,1454.82,False,True,0.02819592801858648,0.0037324205056296065,-0.004192958579068138
2000-06-29,SP500,Strong Buy,1.0,1442.39,False,True,0.04685972587164353,0.02041750150791382,-0.002329467065079574
2000-06-30,SP500,Strong Buy,1.0,1454.6,False,True,0.03842293413996982,0.025409047160731498,-0.018829918878041987
2000-07-03,SP500,Strong Buy,0.9999999999999999,1469.54,False,True,0.016467738203791694,0.010132422390680145,-0.02924044258747637
2000-07-05,SP500,Strong Buy,1.0,1446.23,False,True,0.024705613906501743,0.02324664818182439,0.008338922578013141
2000-07-06,SP500,Strong Buy,1.0,1456.67,False,True,0.02670474438273587,0.02704799302518749,-0.013839785263649337
2000-07-07,SP500,Strong Buy,1.0,1478.9,False,True,0.0008722699303536166,0.00866860504428963,-0.02885252552572863
2000-07-10,SP500,Strong Buy,1.0,1475.62,False,True,-0.007678128515471414,0.016169474525962055,-0.03331481004594669
2000-07-11,SP500,Strong Buy,1.0,1480.88,False,True,-0.004328507373993896,0.01164847928258873,-0.03144076495057004
2000-07-12,SP500,Strong Buy,1.0,1492.92,False,True,-0.02712804436942368,0.00874125874125871,-0.03793907242183111
2000-07-13,SP500,Strong Buy,1.0,1495.84,False,True,-0.030899026633864603,0.00833645309658789,-0.058061022569258686
2000-07-14,SP500,Strong Buy,1.0,1509.98,False,True,-0.05966304189459457,-0.0023377793083351915,-0.0714910131260017
2000-07-17,SP500,Strong Buy,1.0,1510.49,False,True,-0.052737853279399456,0.0023833325609569802,-0.08174168647260162
2000-07-18,SP500,Strong Buy,1.0,1493.74,False,True,-0.037248784929104196,0.010778314833906778,-0.08646082986329622
2000-07-19,SP500,Strong Buy,1.0,1481.96,False,True,-0.02919107128397527,0.013920753596588223,-0.102688331668871
2000-07-20,SP500,Strong Buy,1.0,1495.57,False,True,-0.02875826607915376,0.014783661079053557,-0.08117306445034327
2000-07-21,SP500,Strong Buy,1.0,1480.19,False,True,-0.011660665184874908,0.027415399374404587,-0.07132192488802123
2000-07-24,SP500,Strong Buy,1.0,1464.29,False,True,0.010264360201872562,0.02922235349555072,-0.07807196661863425
2000-07-25,SP500,Strong Buy,1.0,1474.47,False,True,0.005649487612498001,0.012058570198105063,-0.08975428459039514
2000-07-26,SP500,Strong Buy,1.0,1452.42,False,True,0.014079949325952423,0.03448726952258983,-0.04383029702152275
2000-07-27,SP500,Strong Buy,1.0,1449.62,False,True,0.007332956223010244,0.03095983775058299,-0.03634745657482639
2000-07-28,SP500,Hold,-0.11970291057155746,1419.89,False,False,0.03658734127291538,0.04885589728781799,-0.01698018860615972
2000-07-31,SP500,Strong Buy,0.8575702213466027,1430.83,False,True,0.04244389620010765,0.03575547060097991,-0.022853868034637112
2000-08-01,SP500,Strong Buy,1.0,1438.1,False,True,0.032216118489673984,0.03254989221890006,-0.05090049370697436
2000-08-02,SP500,Strong Buy,1.0,1438.7,False,True,0.02860221032876893,0.029311183707513618,-0.05161604226037394
2000-08-03,SP500,Strong Buy,1.0,1452.56,False,True,0.029954012226689426,0.009121826292889795,-0.050242330781516784
2000-08-04,SP500,Strong Buy,1.0,1462.93,False,True,0.019679683921992142,-0.01259116977572411,-0.043932382273929704
2000-08-07,SP500,Strong Buy,1.0,1479.32,False,True,0.013627883081415841,-0.013127653246085936,-0.03374523429683898
2000-08-08,SP500,Strong Buy,1.0,1482.8,False,True,0.010338548691664524,-0.021216617210682517,-0.04152953871054756
2000-08-09,SP500,Strong Buy,1.0,1472.87,False,True,0.022473130690420836,-0.016172506738544434,-0.030247068648285292
2000-08-10,SP500,Strong Buy,1.0,1460.25,False,True,0.032912172573189485,-0.007895908234891266,-0.022982366033213453
2000-08-11,SP500,Strong Buy,1.0,1471.84,False,True,0.023514784215675703,-0.022291825198391093,-0.02693906946407209
2000-08-14,SP500,Strong Buy,1.0,1491.56,False,True,0.015104990747941735,-0.04314274987261653,-0.04001850411649552
2000-08-15,SP500,Strong Buy,1.0,1484.43,False,True,0.017117681534326207,-0.038977924186388124,-0.050625492613326384
2000-08-16,SP500,Strong Buy,1.0,1479.85,False,True,0.015366422272527628,-0.014569044159881034,-0.05386356725343772
2000-08-17,SP500,Strong Buy,1.0,1496.07,False,True,0.014444511286236692,-0.039810971411765456,-0.08695448742371675
2000-08-18,SP500,Strong Buy,1.0,1491.72,False,True,0.019474164052234972,-0.03719866999168745,-0.09415976188560858
2000-08-21,SP500,Strong Buy,1.0,1499.48,False,True,0.00506842372022295,-0.04869688158561634,-0.07771360738389306
2000-08-22,SP500,Strong Buy,1.0,1498.13,False,True,-0.003924893033314938,-0.04259309939724868,-0.07230347166133791
2000-08-23,SP500,Strong Buy,1.0,1505.97,False,True,-0.0022975225270091943,-0.04627582222753445,-0.08874678778461728
2000-08-24,SP500,Strong Buy,1.0,1508.31,False,True,-0.009155942743865615,-0.06584853246348558,-0.0932102817060153
2000-08-25,SP500,Strong Buy,1.0,1506.45,False,True,-0.011410932988150987,-0.0693152776394836,-0.10875236483122583
2000-08-28,SP500,Strong Buy,1.0,1514.09,False,True,-0.021200853317834417,-0.08392499785349612,-0.11012555396310657
2000-08-29,SP500,Strong Buy,1.0,1509.84,False,True,-0.01651168335717681,-0.09620224659566577,-0.12417209770571717
2000-08-30,SP500,Strong Buy,1.0,1502.59,False,True,-0.014455040962604589,-0.1150080860381075,-0.10702853073692753
2000-08-31,SP500,Strong Buy,1.0,1517.68,False,True,-0.03417716514680309,-0.09455880027410257,-0.111163091033683
2000-09-01,SP500,Strong Buy,1.0,1520.77,False,True,-0.05014564990103697,-0.0961026322192048,-0.12143848182170879
2000-09-05,SP500,Strong Buy,0.9999999999999999,1507.08,False,True,-0.031305571038033705,-0.10424794967752203,-0.10958276932876813
2000-09-06,SP500,Strong Buy,0.9999999999999999,1492.25,False,True,-0.02741497738314631,-0.10059976545484998,-0.1188138716702965
2000-09-07,SP500,Strong Buy,0.9999999999999999,1502.51,False,True,-0.03558046202687505,-0.07570665087087607,-0.12464476109975972
2000-09-08,SP500,Strong Buy,0.9999999999999999,1494.5,False,True,-0.03063231850117094,-0.06528604884576777,-0.11343593174974906
2000-09-11,SP500,Strong Buy,0.9999999999999999,1489.26,False,True,-0.0337281602943744,-0.06276942911244512,-0.07568859702133948
2000-09-12,SP500,Strong Buy,1.0,1481.99,False,True,-0.03696381217147213,-0.056586076829128334,-0.08807751739215512
2000-09-13,SP500,Strong Buy,0.9999999999999999,1484.91,False,True,-0.039288576412038534,-0.08081971297923779,-0.09519768874881314
2000-09-14,SP500,Strong Buy,0.9999999999999999,1480.87,False,True,-0.015247793526778129,-0.0786227015200523,-0.0749424324890097
2000-09-15,SP500,Strong Buy,1.0,1465.81,False,True,-0.019988948090134434,-0.05882754245093158,-0.05840456812274435
2000-09-18,SP500,Hold,-0.03895679706970512,1444.51,False,False,-0.005732047545534453,-0.03174086714526027,-0.05076461914420802
2000-09-19,SP500,Strong Buy,1.0,1459.9,False,True,-0.022905678471128194,-0.02089184190697993,-0.06843619425988086
2000-09-20,SP500,Mild Buy,0.6578174118247957,1451.34,False,True,-0.011727093582482384,-0.02075323494150226,-0.07607452423277788
2000-09-21,SP500,Mild Buy,0.46037567084078057,1449.05,False,True,-0.00881267037024256,-0.014305924571270846,-0.09447569096994574
2000-09-22,SP500,Mild Buy,0.40663325881030377,1448.72,False,True,-0.027424208956872285,-0.01520652714120049,-0.08695952288917114
2000-09-25,SP500,Mild Sell,-0.5133006790604492,1439.03,False,False,-0.02571176417447864,-0.004753201809552211,-0.09272218091353208
2000-09-26,SP500,Strong Sell,-0.75,1427.21,False,False,-0.028159836324016824,0.0032651116514036856,-0.11383748712523035
2000-09-27,SP500,Strong Sell,-0.75,1426.57,False,False,-0.04344686906355806,-0.012119980092109019,-0.10634599073301698
2000-09-28,SP500,Strong Buy,1.0,1458.29,False,True,-0.08812376139176707,-0.03987547058541159,-0.10446481838317476
2000-09-29,SP500,Mild Sell,-0.6691954510136486,1436.51,False,False,-0.04339684373934043,-0.04909816151645305,-0.08445468531371166
2000-10-02,SP500,Mild Sell,-0.5490412184789969,1436.23,False,False,-0.04289702902738428,-0.0591618334110832,-0.0747164451376172
2000-10-03,SP500,Strong Sell,-0.75,1426.46,False,False,-0.05362225369095524,-0.03050208207731026,-0.06466357276054008
2000-10-04,SP500,Mild Sell,-0.6287391783334817,1434.32,False,False,-0.06427435997545863,-0.031032126722070383,-0.07950805956829715
2000-10-05,SP500,Mild Sell,-0.5197413088157775,1436.28,False,False,-0.03308547079956553,-0.04453170690951628,-0.10653215250508256
2000-10-06,SP500,Strong Sell,-0.75,1408.99,False,False,-0.008559322635362882,-0.029290484673418535,-0.043598606093726754
2000-10-09,SP500,Strong Sell,-0.75,1402.03,False,False,-0.004457821872570487,-0.04237427159190608,-0.04899324550829872
2000-10-10,SP500,Strong Sell,-0.75,1387.02,False,False,0.008009978226701941,-0.028600885351328802,-0.0639284220847573
2000-10-11,SP500,Strong Sell,-0.75,1364.59,False,False,0.00022717446265924036,-0.030947024380949605,-0.050366776834067394
2000-10-12,SP500,Strong Sell,-0.75,1329.78,True,False,0.026064461790672202,0.009016529049918039,-0.02179307855434735
2000-10-13,SP500,Strong Sell,-0.95,1374.17,True,False,0.003936921923779339,-0.01833834241760484,-0.04431766084254502
2000-10-16,SP500,Strong Sell,-1.0,1374.62,False,False,0.0174884695406732,-0.028029564534198526,-0.034773246424466366
2000-10-17,SP500,Strong Sell,-1.0,1349.97,True,False,0.05883834455580499,-0.005955687904175621,-0.023274591287213844
2000-10-18,SP500,Strong Sell,-1.0,1342.13,True,False,0.05892871778441724,-0.020251391444942042,-0.011533905061357706
2000-10-19,SP500,Strong Sell,-1.0,1388.76,False,False,0.02848584348627549,-0.052946513436446886,-0.04269276188830321
2000-10-20,SP500,Strong Sell,-1.0,1396.93,False,False,0.021303859176909357,-0.05151296056352146,-0.03504828445233479
2000-10-23,SP500,Strong Sell,-1.0,1395.78,False,False,0.026085772829529067,-0.013784407284815666,-0.03814354697731735
2000-10-24,SP500,Strong Sell,-1.0,1398.13,False,False,0.024132233769391817,-0.033380300830394935,-0.0395027644067433
2000-10-25,SP500,Strong Sell,-1.0,1364.9,False,False,0.03251520257894342,-0.0156421715876622,-0.003296944831123159
2000-10-26,SP500,Strong Sell,-1.0,1364.44,True,False,0.026164580340652607,0.003994312685057639,-0.00010260619741439714
2000-10-27,SP500,Strong Sell,-1.0,1379.58,False,False,-0.009858072746777939,0.0004494121399267301,-0.015997622464808084
2000-10-30,SP500,Strong Sell,-1.0,1398.66,False,False,-0.03388958002659695,-0.01964737677491314,-0.03125134056883019
2000-10-31,SP500,Mild Sell,-0.61582287950095,1429.4,False,False,-0.03249615223170564,-0.04855883587519244,-0.04563453197145657
2000-11-01,SP500,Strong Sell,-0.9383121145640676,1421.22,False,False,-0.022100730358424508,-0.05649371666596302,-0.03341495334993879
2000-11-02,SP500,Mild Sell,-0.645227991385306,1428.32,False,False,-0.03920690041447295,-0.08133331466338065,-0.04362467794331799
2000-11-03,SP500,Strong Sell,-0.980978938760745,1426.69,False,False,-0.041333436135390325,-0.07286095788153,-0.03730312821986558
2000-11-06,SP500,Strong Sell,-0.7340677781497809,1432.19,False,False,-0.06254058469895765,-0.08838911038339894,-0.057757699746542025
2000-11-07,SP500,Strong Sell,-0.8199111357956123,1431.87,False,False,-0.05902770502908783,-0.11672149007940658,-0.05416692856195042
2000-11-08,SP500,Strong Sell,-1.0,1409.28,False,False,-0.06167688465031795,-0.09538203905540422,-0.04046037693006357
2000-11-09,SP500,Strong Sell,-0.95,1400.14,False,False,-0.04168868827402982,-0.06727184424414705,-0.04231719685174339
2000-11-10,SP500,Strong Sell,-0.95,1365.98,True,False,-0.012452598134672536,-0.037182096370371426,-0.024487913439435457
2000-11-13,SP500,Strong Sell,-0.95,1351.26,True,False,-0.011226558915382734,-0.01653271761171049,-0.027011825999437564
2000-11-14,SP500,Strong Sell,-1.0,1382.95,False,False,-0.029661231425575748,-0.03523627029176761,-0.0380635597816263
2000-11-15,SP500,Strong Sell,-1.0,1389.81,False,False,-0.05386347774156173,-0.05002842115109258,-0.05109331491354933
2000-11-16,SP500,Strong Sell,-1.0,1372.32,False,False,-0.041601084295208056,-0.06489011309315608,-0.04109828611402579
2000-11-17,SP500,Strong Sell,-1.0,1367.72,False,False,-0.031256397508261924,-0.014739859035475157,-0.03005732167402694
2000-11-20,SP500,Strong Sell,-1.0,1342.62,False,False,0.025264035989334344,-0.006911858902742379,-0.030604340766560843
2000-11-21,SP500,Strong Sell,-1.0,1347.35,False,False,0.003050432330129608,-0.036367684714439456,-0.05077374104724078
2000-11-22,SP500,Strong Sell,-1.0,1322.36,False,False,0.016024380652772358,-0.020039928612480717,-0.05073504945703131
2000-11-24,SP500,Strong Sell,-1.0,1341.77,False,False,0.020957392101477988,-0.030534294253113447,-0.06629303084731365
2000-11-27,SP500,Strong Sell,-1.0,1348.97,False,False,0.02315099668636072,-0.02646463598152668,-0.07643609568782117
2000-11-28,SP500,Strong Sell,-1.0,1336.09,False,False,0.026263200832279374,-0.006938155363785361,-0.05122409418527182
2000-11-29,SP500,Strong Sell,-1.0,1341.93,False,False,0.013458228074489686,-0.01742266735224647,-0.06258895769525982
2000-11-30,SP500,Strong Sell,-1.0,1314.95,True,False,0.019757405224533266,0.008897676717745957,-0.05704399406821551
2000-12-01,SP500,Strong Sell,-1.0,1315.23,False,False,-0.0023417957315449976,0.010827003641948564,-0.05626392342023828
2000-12-04,SP500,Strong Sell,-1.0,1324.97,False,False,-0.0016830569748749165,0.01735888359736447,-0.06852230616542258
2000-12-05,SP500,Strong Sell,-1.0,1376.54,False,False,-0.05153500806369597,-0.024699609165007918,-0.09816641724904462
2000-12-06,SP500,Strong Sell,-1.0,1351.46,False,False,-0.06416764092166992,-0.006333890755183242,-0.072262590087757
2000-12-07,SP500,Strong Sell,-1.0,1343.55,False,False,-0.05112574894868078,0.012541401510922657,-0.060779278776375914
2000-12-08,SP500,Strong Sell,-1.0,1369.89,False,False,-0.046675280496974246,-0.004080619611793753,-0.07675798786763907
2000-12-11,SP500,Strong Sell,-1.0,1380.2,False,False,-0.04710186929430517,-0.016439646428053945,-0.10634690624547165
2000-12-12,SP500,Strong Sell,-1.0,1371.18,False,False,-0.030820169489053216,-0.011836520369316952,-0.13931066672501055
2000-12-13,SP500,Strong Sell,-1.0,1359.99,False,False,-0.01894866874021131,0.0030735520114118955,-0.11936117177332181
2000-12-14,SP500,Strong Sell,-1.0,1340.93,False,False,-0.015399759868151276,0.02446063552907307,-0.12992475371570478
2000-12-15,SP500,Strong Sell,-1.0,1312.15,False,False,-0.022009678771482,0.04104713637922486,-0.10562054643142944
2000-12-18,SP500,Strong Sell,-1.0,1322.74,False,False,0.018764080620530064,0.03835220829490302,-0.13019187444244526
2000-12-19,SP500,Strong Sell,-1.0,1305.6,False,False,0.02124693627450981,0.033601409313725586,-0.10323988970588233
2000-12-20,SP500,Strong Sell,-1.0,1264.74,True,False,0.026574631940161533,0.0708208801809067,-0.09655739519585062
2000-12-21,SP500,Strong Sell,-1.0,1274.86,True,False,0.01647239696907896,0.06071254882889109,-0.1197935459579874
2000-12-22,SP500,Strong Sell,-1.0,1305.95,False,False,-0.00394348941383674,0.02675446992610747,-0.14423982541444932
2000-12-26,SP500,Strong Sell,-1.0,1315.19,False,False,-0.0014598651145462426,0.013184406815745191,-0.13333434712855186
2000-12-27,SP500,Strong Sell,-1.0,1328.92,False,False,-0.0015802305631641756,-0.010655268940192097,-0.1326114438792403
2000-12-28,SP500,Strong Sell,-1.0,1334.22,False,False,-0.011744689781295493,-0.0029305511834630585,-0.11396171545921958
2000-12-29,SP500,Strong Sell,-1.0,1320.28,False,False,0.004824734147302177,-0.001120974338776637,-0.12648074650831642
2001-01-02,SP500,Strong Sell,-1.0,1283.27,True,False,0.0360017767110585,0.02544281406095373,-0.10544935983853744
2001-01-03,SP500,Strong Sell,-1.0,1347.56,False,False,0.0003042536139393288,-0.015546617590311411,-0.13894001009231502
2001-01-04,SP500,Strong Sell,-1.0,1333.34,False,False,0.006899965500172534,-0.023857380713096395,-0.14060179699101508
2001-01-05,SP500,Strong Sell,-1.0,1298.35,False,False,0.03431278160742495,-0.014949743905726388,-0.1477952786228674
2001-01-08,SP500,Strong Sell,-1.0,1295.86,True,False,0.04980476286018567,-0.03132282808328054,-0.14863488339789785
2001-01-09,SP500,Strong Sell,-1.0,1300.8,False,False,0.048816113161131616,-0.03688499384993851,-0.1148216482164821
2001-01-10,SP500,Strong Sell,-1.0,1313.27,False,False,0.033686903683172544,-0.05132988646660632,-0.14074790408674523
2001-01-11,SP500,Strong Sell,-1.0,1326.82,False,False,0.021201067213337234,-0.04459534827632976,-0.14261919476643406
2001-01-12,SP500,Strong Sell,-1.0,1318.55,False,False,0.03459861211178956,-0.045967160896439194,-0.11389025823821611
2001-01-16,SP500,Strong Sell,-1.0,1326.65,False,False,0.03548788301360564,-0.06536011758941697,-0.12117740172615232
2001-01-17,SP500,Strong Sell,-1.0,1329.47,False,False,0.02748463673493946,-0.06637231377917517,-0.1097956328461718
2001-01-18,SP500,Strong Sell,-1.0,1347.97,False,False,0.018917334955525715,-0.08441582527801061,-0.12484699214374204
2001-01-19,SP500,Strong Sell,-1.0,1342.54,False,False,0.005161857374826868,-0.07532736454779737,-0.11227226004439347
2001-01-22,SP500,Strong Sell,-1.0,1342.9,False,False,0.008496537344552725,-0.06634894631022424,-0.07799538312607045
2001-01-23,SP500,Strong Sell,-1.0,1360.4,False,False,-0.005983534254631064,-0.07241252572772713,-0.07844016465745371
2001-01-24,SP500,Strong Sell,-1.0,1364.3,False,False,-0.017158982628454045,-0.07297515209264821,-0.08892472330132664
2001-01-25,SP500,Strong Sell,-1.0,1357.51,False,False,-0.018401337743368388,-0.09141000802940673,-0.09808399201479186
2001-01-26,SP500,Strong Sell,-1.0,1354.95,False,False,-0.029661611129562015,-0.12900107015019002,-0.10736927561902654
2001-01-29,SP500,Strong Sell,-1.0,1364.17,False,False,-0.024820953400236132,-0.12205956735597469,-0.0992691526715879
2001-01-30,SP500,Strong Sell,-1.0,1373.73,False,False,-0.039986023454390646,-0.15069919125301184,-0.10133723511898265
2001-01-31,SP500,Strong Sell,-1.0,1366.01,False,False,-0.03666883844188543,-0.14088476658296795,-0.08269339170284261
2001-02-01,SP500,Strong Sell,-1.0,1373.47,False,False,-0.0341179639890206,-0.16231879837200672,-0.09028955856334685
2001-02-02,SP500,Strong Sell,-1.0,1349.47,False,False,-0.03552505798572777,-0.13239271714080347,-0.0615278590854187
2001-02-05,SP500,Strong Sell,-1.0,1354.31,False,False,-0.05565195560839091,-0.15630837843625173,-0.06415074835155901
2001-02-06,SP500,Strong Sell,-1.0,1352.26,False,False,-0.07172437253190955,-0.17017437475041775,-0.07667164598523957
2001-02-07,SP500,Strong Sell,-1.0,1340.89,False,False,-0.06568025714264418,-0.16653864224507614,-0.055396042926713
2001-02-08,SP500,Strong Sell,-1.0,1332.53,False,False,-0.06504168761678918,-0.14461212880760663,-0.051796207214846936
2001-02-09,SP500,Strong Sell,-1.0,1314.76,False,False,-0.03583163467096649,-0.12326964617116427,-0.04073747299887428
2001-02-12,SP500,Strong Sell,-1.0,1330.31,False,False,-0.05440085393630048,-0.11135750313836615,-0.056204944712134754
2001-02-13,SP500,Strong Sell,-1.0,1318.8,False,False,-0.05979678495602055,-0.12550045495905368,-0.04824082499241727
2001-02-14,SP500,Strong Sell,-1.0,1315.92,False,False,-0.056758769530062654,-0.12764453766186395,-0.05338470423733965
2001-02-15,SP500,Strong Sell,-1.0,1326.61,False,False,-0.06967383028923334,-0.12534203722269543,-0.058562802933793526
2001-02-16,SP500,Strong Sell,-1.0,1301.53,False,False,-0.04619178966293508,-0.11959770424039406,-0.040022127803431284
2001-02-20,SP500,Strong Sell,-1.0,1278.94,False,False,-0.01965690337310593,-0.1348616823306801,0.004730479928690912
2001-02-21,SP500,Strong Sell,-1.0,1255.27,False,False,0.0052737658033730735,-0.12110541955117224,0.026464425980068054
2001-02-22,SP500,Strong Sell,-1.0,1252.82,False,False,0.009514535208569526,-0.08092144122858821,0.031241519132836404
2001-02-23,SP500,Strong Sell,-1.0,1245.86,False,False,-0.00998507055367363,-0.09425617645642355,0.053754033358483326
2001-02-26,SP500,Strong Sell,-1.0,1267.65,False,False,-0.06901747327732419,-0.10259929791346205,0.032919181161992675
2001-02-27,SP500,Strong Sell,-1.0,1257.94,False,False,-0.0479196146080099,-0.07119576450387136,0.02473090926435275
2001-02-28,SP500,Strong Sell,-1.0,1239.94,True,False,-0.05905930932141879,-0.05972063164346658,0.04292949658854462
2001-03-01,SP500,Strong Sell,-1.0,1241.23,False,False,-0.05451850180868983,-0.04651031637972013,0.02953521909718592
2001-03-02,SP500,Strong Sell,-1.0,1234.18,False,False,-0.06777779578343522,-0.04415887471843653,0.027346092142151064
2001-03-05,SP500,Strong Sell,-1.0,1241.41,False,False,-0.05687081624926506,-0.03995456778985197,0.005372922724965841
2001-03-06,SP500,Strong Sell,-1.0,1253.8,False,False,-0.08867442973360988,-0.012474078800446542,0.0016111022491625314
2001-03-07,SP500,Strong Sell,-1.0,1261.89,False,False,-0.11074657854488108,-0.006498189224100393,-0.0009668037626100747
2001-03-08,SP500,Strong Sell,-1.0,1264.74,False,False,-0.1163559308632605,-0.017205117257301887,0.0018739029365718574
2001-03-09,SP500,Strong Sell,-1.0,1233.42,False,False,-0.07587845178446931,-0.007345429780610151,0.040659305021809165
2001-03-12,SP500,Strong Sell,-1.0,1180.16,True,False,-0.023276504880694163,0.02483561550976134,0.07615069143167018
2001-03-13,SP500,Strong Sell,-1.0,1197.66,False,False,-0.012933553763171525,0.025958953292253156,0.06621244760616532
2001-03-14,SP500,Strong Sell,-1.0,1166.71,True,False,-0.011502429909746271,0.058120698374060344,0.08421115787127906
2001-03-15,SP500,Strong Sell,-1.0,1173.56,True,False,-0.021822488837383604,0.06773407409932174,0.06887589897406196
2001-03-16,SP500,Strong Sell,-1.0,1150.53,True,False,0.008517813529416838,0.08598645841481757,0.09154042050185561
2001-03-19,SP500,Strong Sell,-1.0,1170.81,True,False,-0.021301492129380564,0.08167849608390781,0.060462414909336244
2001-03-20,SP500,Strong Sell,-1.0,1142.62,True,False,-0.031646566662582365,0.1092314155187203,0.06760777861406242
2001-03-21,SP500,Strong Sell,-1.0,1122.14,True,False,-0.016833906642664997,0.11267756251448109,0.08218225889817651
2001-03-22,SP500,Strong Sell,-1.0,1117.58,True,False,0.030297607330124134,0.13335063261690436,0.0812917196084398
2001-03-23,SP500,Strong Sell,-1.0,1139.83,True,False,-0.010001491450479339,0.10850740899958772,0.06382530728266496
2001-03-26,SP500,Strong Sell,-1.0,1152.69,False,False,-0.013099792658911013,0.09413632459724643,0.061117906809289614
2001-03-27,SP500,Strong Sell,-1.0,1182.17,False,False,-0.011664988960978508,0.06206383176700465,0.046414644255902186
2001-03-28,SP500,Strong Sell,-1.0,1153.29,False,False,0.010925265978201612,0.08834725004118661,0.06248211638009516
2001-03-29,SP500,Strong Sell,-1.0,1147.95,False,False,0.030968247745981926,0.08512565878304806,0.06154449235593873
2001-03-30,SP500,Strong Sell,-1.0,1160.33,False,False,0.016676290365671954,0.07634896968965739,0.04863271655477327
2001-04-02,SP500,Strong Sell,-1.0,1145.87,True,False,0.040091807971235884,0.09038547130128215,0.056899997381902004
2001-04-03,SP500,Strong Sell,-1.0,1106.46,True,False,0.11902825226397705,0.1613524212352909,0.10821900475389983
2001-04-04,SP500,Strong Sell,-1.0,1103.25,True,False,0.13636075232268302,0.16790392023566736,0.10979379107183332
2001-04-05,SP500,Strong Sell,-1.0,1151.44,True,False,0.07950045160842073,0.12203849093309245,0.07406378100465501
2001-04-06,SP500,Strong Sell,-1.0,1128.43,True,False,0.08501191921519265,0.1634128833866521,0.09395354607729321
2001-04-09,SP500,Strong Sell,-1.0,1137.59,True,False,0.06318620944276947,0.15101222760396998,0.07177454091544413
2001-04-10,SP500,Strong Sell,-1.0,1168.38,False,False,0.051669833444598405,0.10327975487427021,0.01900922645029854
2001-04-11,SP500,Strong Sell,-1.0,1165.89,False,False,0.05886490149156428,0.10916981876506357,0.028210208510236704
2001-04-12,SP500,Strong Sell,-1.0,1183.5,False,False,0.05876637093367128,0.07975496408956494,-0.0016730038022813843
2001-04-16,SP500,Strong Sell,-1.0,1179.68,False,False,0.05915163434151632,0.07480842262308422,0.0004238437542384375
2001-04-17,SP500,Strong Sell,-1.0,1191.81,False,False,0.0626190416257626,0.047213901544709294,0.013701848448997873
2001-04-18,SP500,Strong Sell,-1.0,1238.16,False,False,0.023639917296633697,0.014263100083995488,-0.01815597337985399
2001-04-19,SP500,Strong Sell,-1.0,1253.69,False,False,-0.00407596774322211,0.005567564549450038,-0.04087134778134946
2001-04-20,SP500,Strong Sell,-1.0,1242.98,False,False,0.0190107644531689,0.019413023540201677,-0.02296094868783083
2001-04-23,SP500,Strong Sell,-1.0,1224.36,False,False,0.03197588944428117,0.048359959489039206,-0.013598941487797596
2001-04-24,SP500,Strong Sell,-1.0,1209.47,False,False,0.04277080043324764,0.05007151892977911,0.0045887868239807145
2001-04-25,SP500,Strong Sell,-1.0,1228.75,False,False,0.02180264496439468,0.03923499491353004,-0.014567650050864774
2001-04-26,SP500,Strong Sell,-1.0,1234.52,False,False,0.01673524932767398,0.024657356705440215,-0.03522826685675405
2001-04-27,SP500,Strong Sell,-1.0,1253.05,False,False,-0.005889629304496933,0.0010693906867245086,-0.0649614939547503
2001-04-30,SP500,Strong Sell,-1.0,1249.46,False,False,-0.00043218670465638244,0.005114209338434102,-0.04719638883997889
2001-05-01,SP500,Strong Sell,-1.0,1266.44,False,False,-0.013423454723476832,-0.01961403619595097,-0.05014844761694197
2001-05-02,SP500,Strong Sell,-1.0,1267.43,False,False,0.01385480854958455,-0.037524754818806696,-0.04861017965489228
2001-05-03,SP500,Strong Sell,-1.0,1248.58,False,False,0.03196431145781615,-0.027407134504797474,-0.03528808726713543
2001-05-04,SP500,Strong Sell,-1.0,1266.61,False,False,0.020014053260277543,-0.045933633873094196,-0.043723008660913686
2001-05-07,SP500,Strong Sell,-1.0,1263.51,False,False,0.039034119239262005,-0.04030834738150079,-0.037657003110382926
2001-05-08,SP500,Strong Sell,-1.0,1261.2,False,False,0.0382017126546147,-0.030177608626704683,-0.032072629241991786
2001-05-09,SP500,Strong Sell,-1.0,1255.54,False,False,0.026689711199961764,-0.014734695828089906,-0.03280660114373103
2001-05-10,SP500,Strong Sell,-1.0,1255.18,False,False,0.030266575311907462,-0.023765515702927193,-0.04357940693765041
2001-05-11,SP500,Strong Sell,-1.0,1245.67,False,False,0.025865598432971836,-0.02173127714402704,-0.033130764969855564
2001-05-14,SP500,Strong Sell,-1.0,1248.92,False,False,0.015221151074528384,-0.025750248214457355,-0.05235723665246781
2001-05-15,SP500,Strong Sell,-1.0,1249.44,False,False,-0.0010884876424639256,-0.03070975797157136,-0.052831668587527206
2001-05-16,SP500,Strong Sell,-1.0,1284.99,False,False,-0.022700565763157748,-0.04575132880411518,-0.07379823967501686
2001-05-17,SP500,Strong Sell,-1.0,1288.49,False,False,-0.021591164851880833,-0.04975591583947093,-0.0754371395975134
2001-05-18,SP500,Strong Sell,-1.0,1291.96,False,False,-0.01923434162048371,-0.04275674169478932,-0.08144989008947646
2001-05-21,SP500,Strong Sell,-1.0,1312.83,False,False,-0.022287729561329336,-0.05970308417693067,-0.1026865626166373
2001-05-22,SP500,Strong Sell,-1.0,1309.38,False,False,-0.030052391208052767,-0.06884174189310979,-0.09754234828697553
2001-05-23,SP500,Strong Sell,-1.0,1289.05,False,False,-0.009379000038788192,-0.07638183158139718,-0.09858422869555093
2001-05-24,SP500,Strong Sell,-1.0,1293.17,False,False,-0.021814610608040734,-0.07299117672077152,-0.09415622075983822
2001-05-25,SP500,Strong Sell,-1.0,1277.89,False,False,-0.018389689253378614,-0.07541337673821699,-0.09439779636744955
2001-05-29,SP500,Strong Sell,-1.0,1267.93,False,False,-0.009527339837372847,-0.06920729062329939,-0.08093506739331044
2001-05-30,SP500,Strong Sell,-1.0,1248.08,False,False,-0.005191974873405566,-0.03200115377219395,-0.06889782706236781
2001-05-31,SP500,Strong Sell,-1.0,1255.82,False,False,-0.02862671401952513,-0.03196317943654335,-0.05644917265213158
2001-06-01,SP500,Strong Sell,-1.0,1260.67,False,False,-0.03673443486400103,-0.04618179222159647,-0.06461643411836565
2001-06-04,SP500,Strong Sell,-1.0,1267.11,False,False,-0.04631010725193538,-0.04156703048669796,-0.0833392523143215
2001-06-05,SP500,Strong Sell,-1.0,1283.57,False,False,-0.055306683702486044,-0.05910078920510756,-0.10518319998130214
2001-06-06,SP500,Strong Sell,-1.0,1270.03,False,False,-0.03692038770737689,-0.0433139374660441,-0.11102099950394873
2001-06-07,SP500,Strong Sell,-1.0,1276.96,False,False,-0.03126174664828974,-0.05177139456208505,-0.11228229545169786
2001-06-08,SP500,Strong Sell,-1.0,1264.96,False,False,-0.03131324310650149,-0.05844453579559833,-0.10436693650392105
2001-06-11,SP500,Strong Sell,-1.0,1254.39,False,False,-0.02853179633128468,-0.0659603472604214,-0.09777660855076976
2001-06-12,SP500,Strong Sell,-1.0,1255.85,False,False,-0.031126328781303437,-0.05204443205796863,-0.11900306565274502
2001-06-13,SP500,Strong Sell,-1.0,1241.6,False,False,-0.024589239690721628,-0.031145296391752456,-0.12549935567010306
2001-06-14,SP500,Strong Sell,-1.0,1219.87,False,False,0.005189077524654394,-0.01151762073007776,-0.10437997491535979
2001-06-15,SP500,Strong Sell,-1.0,1214.36,False,False,0.008251259922922536,-0.008103033696762013,-0.14459468361935499
2001-06-18,SP500,Strong Sell,-1.0,1208.43,False,False,0.02341054094982743,0.0023170560148291206,-0.14538698973047678
2001-06-19,SP500,Strong Sell,-1.0,1212.58,False,False,0.018035923402992066,0.0027627043164163492,-0.16203466987745133
2001-06-20,SP500,Strong Sell,-1.0,1223.14,False,False,-0.0031885148061547254,-0.001953987278643573,-0.1950717007047436
2001-06-21,SP500,Strong Sell,-1.0,1237.04,False,False,-0.03754931125913474,-0.018342171635517084,-0.21926534307702258
2001-06-22,SP500,Strong Sell,-1.0,1225.35,False,False,-0.021683600603909038,-0.020296241890072137,-0.18109111682376455
2001-06-25,SP500,Strong Sell,-1.0,1218.6,False,False,-0.030428360413589307,-0.011652716231741194,-0.1693172493024782
2001-06-26,SP500,Strong Sell,-1.0,1216.76,False,False,-0.030063447187612946,-0.02731023373549428,-0.1723593806502515
2001-06-27,SP500,Strong Sell,-1.0,1211.07,False,False,-0.0024193481797087175,-0.022822793067287503,-0.15891732104667766
2001-06-28,SP500,Strong Sell,-1.0,1226.2,False,False,-0.008579350839993461,-0.02939161637579511,-0.151084651769695
2001-06-29,SP500,Strong Sell,-1.0,1224.38,False,False,-0.017911106029174,-0.02702592332445821,-0.1517747758048973
2001-07-02,SP500,Strong Sell,-1.0,1236.72,False,False,-0.018015395562455506,-0.04042143735041077,-0.14990458632511813
2001-07-03,SP500,Strong Sell,-1.0,1234.45,False,False,-0.021661468670258015,-0.04571266555956099,-0.13137024585847953
2001-07-05,SP500,Strong Sell,-1.0,1219.24,False,False,-0.0034611725337095464,-0.030822479577441626,-0.122707588333716
2001-07-06,SP500,Strong Sell,-1.0,1190.59,False,False,0.01701677319648241,-0.024038501919216432,-0.10012682787525497
2001-07-09,SP500,Strong Sell,-1.0,1198.78,False,False,-0.006464905987754217,-0.022831545404494478,-0.11373229449940767
2001-07-10,SP500,Strong Sell,-1.0,1181.52,False,False,-0.008353646150721013,-0.020532872909472536,-0.10560125939467803
2001-07-11,SP500,Strong Sell,-1.0,1180.18,False,False,0.008735955532206905,-0.012599772915995965,-0.08404650138114529
2001-07-12,SP500,Strong Sell,-1.0,1208.14,False,False,-0.004312414124190935,-0.03811644345853972,-0.09163673084245205
2001-07-13,SP500,Strong Sell,-1.0,1215.68,False,False,-0.008110687022900867,-0.025294485390892338,-0.10202520400105287
2001-07-16,SP500,Strong Sell,-1.0,1202.45,False,False,0.001721485300844057,-0.019327206952472042,-0.09353403467919666
2001-07-17,SP500,Strong Sell,-1.0,1214.44,False,False,-0.0026431935706992824,-0.04358387404894442,-0.09625835776160213
2001-07-18,SP500,Strong Sell,-1.0,1207.71,False,False,0.006806269717067862,-0.04897698950907096,-0.10815510346026787
2001-07-19,SP500,Strong Sell,-1.0,1215.02,False,False,0.004715971753551397,-0.07077249757205643,-0.12050007407285483
2001-07-20,SP500,Strong Sell,-1.0,1210.85,False,False,0.0028905314448527896,-0.06381467564107857,-0.1134492298798364
2001-07-23,SP500,Strong Sell,-1.0,1191.03,False,False,0.007934308959472091,-0.048772910841876294,-0.08490970000755639
2001-07-24,SP500,Strong Sell,-1.0,1171.65,False,False,0.027952033457090426,-0.03406307344343454,-0.07414330218068545
2001-07-25,SP500,Strong Sell,-1.0,1190.49,False,False,-0.005846332182546713,-0.07063478063654455,-0.0884425740661408
2001-07-26,SP500,Strong Sell,-1.0,1202.93,False,False,-0.016210419558910328,-0.09738721288853057,-0.08549125884299182
2001-07-27,SP500,Strong Sell,-1.0,1205.82,False,False,-0.012987012987012866,-0.09394436980643875,-0.08393458393458397
2001-07-30,SP500,Strong Sell,-1.0,1204.52,False,False,-0.010983628333278001,-0.13760668149968452,-0.10478862949556672
2001-07-31,SP500,Strong Sell,-1.0,1211.23,False,False,-0.02022737217539196,-0.14736259835043716,-0.12502992825474935
2001-08-01,SP500,Strong Sell,-1.0,1215.93,False,False,-0.031177781615718075,-0.16434334213318202,-0.12842022155880692
2001-08-02,SP500,Strong Sell,-1.0,1220.75,False,False,-0.03202129838214206,-0.1934958017612124,-0.1119393815277494
2001-08-03,SP500,Strong Sell,-1.0,1214.35,False,False,-0.043134187013628596,-0.20467739943179478,-0.10470622143533567
2001-08-06,SP500,Strong Sell,-1.0,1200.48,False,False,-0.024215313874450167,-0.16412601626016257,-0.08133413301346136
2001-08-07,SP500,Strong Sell,-1.0,1204.4,False,False,-0.03913982065758892,-0.15952341414812363,-0.07102291597475938
2001-08-08,SP500,Strong Sell,-1.0,1183.53,False,False,-0.015394624555355613,-0.1491216952675471,-0.0572271087340414
2001-08-09,SP500,Strong Sell,-1.0,1183.43,False,False,-0.018032329753344217,-0.1392731298006642,-0.054832140473031865
2001-08-10,SP500,Strong Sell,-1.0,1190.16,False,False,-0.004394367143913438,-0.1253781004234725,-0.05868958795456084
2001-08-13,SP500,Strong Sell,-1.0,1191.29,False,False,-0.010140268112718086,-0.12821395294176902,-0.061244533237079166
2001-08-14,SP500,Strong Sell,-1.0,1186.73,False,False,-0.021251674770166783,-0.1140950342537899,-0.04014392490288448
2001-08-15,SP500,Strong Sell,-1.0,1178.02,False,False,-0.02500806437921261,-0.0897607850460943,-0.031247347243680026
2001-08-16,SP500,Strong Sell,-1.0,1181.66,False,False,-0.04453903830204975,-0.09480730497774315,-0.033359849702960305
2001-08-17,SP500,Strong Sell,-1.0,1161.97,False,False,-0.02443264456053091,-0.07796242588018616,-0.02006936495778715
2001-08-20,SP500,Strong Sell,-1.0,1171.41,False,False,-0.03284076454870628,-0.09302464551267278,-0.01737222663286137
2001-08-21,SP500,Strong Sell,-1.0,1157.26,False,False,-0.022052088553998223,-0.08685170143269447,-0.012616006774622738
2001-08-22,SP500,Strong Sell,-1.0,1165.31,False,False,-0.05055307171482254,-0.07235842822939813,-0.024268220473522045
2001-08-23,SP500,Strong Sell,-1.0,1162.09,False,False,-0.06566617043430367,-0.0556411293445429,-0.010111092944608421
2001-08-24,SP500,Strong Sell,-1.0,1184.93,False,False,-0.07797085059876963,-0.07872194981982056,-0.023216561315858312
2001-08-27,SP500,Strong Sell,-1.0,1179.21,False,False,-0.11909668337276656,-0.07566930402557646,-0.025194833829428206
2001-08-28,SP500,Strong Sell,-1.0,1161.51,False,False,-0.11086430594656954,-0.05507485945019847,-0.028402682714742025
2001-08-29,SP500,Strong Sell,-1.0,1148.56,False,False,-0.1153270181792853,-0.06222574353973674,-0.007278679389844589
2001-08-30,SP500,Strong Sell,-1.0,1129.03,False,False,-0.12797711309708334,-0.053514964172785555,0.009229161315465553
2001-08-31,SP500,Strong Sell,-1.0,1133.58,False,False,-0.14800896275516504,-0.053017872580673545,-0.0032463522645069924
2001-09-04,SP500,Strong Sell,-1.0,1132.94,False,False,-0.11429554963193109,-0.03798965523328681,0.010468339011774587
2001-09-05,SP500,Strong Sell,-1.0,1131.74,False,False,-0.10556311520313855,-0.04149362927880965,0.034115609592309096
2001-09-06,SP500,Strong Sell,-1.0,1106.4,False,False,-0.08980477223427343,-0.0191612436731743,0.054862617498192164
2001-09-07,SP500,Strong Sell,-1.0,1085.78,True,False,-0.061863360901840116,0.013179465453406718,0.06679990421632373
2001-09-10,SP500,Strong Sell,-1.0,1092.54,True,False,-0.0472293920588719,0.011047650429274842,0.04337598623391373
2001-09-17,SP500,Strong Sell,-1.0,1038.77,True,False,-0.00021178894269186372,0.03805462229367423,0.09433272042896888
2001-09-18,SP500,Strong Sell,-1.0,1032.74,True,False,0.018000658442589537,0.026192458895753,0.1010225226097565
2001-09-19,SP500,Strong Sell,-1.0,1016.1,True,False,0.055289833677787566,0.042987894892234965,0.10164353902174991
2001-09-20,SP500,Strong Sell,-1.0,984.54,True,False,0.0864261482519757,0.10112336725780563,0.1407256180551323
2001-09-21,SP500,Strong Sell,-1.0,965.8,True,False,0.10931869952371108,0.12569890246427842,0.17452888796852345
2001-09-24,SP500,Strong Sell,-1.0,1003.45,True,False,0.058787184214460116,0.0990482834221933,0.13899048283422197
2001-09-25,SP500,Strong Sell,-1.0,1012.27,True,False,0.04394084582176694,0.10529799361830333,0.13562587056812903
2001-09-26,SP500,Strong Sell,-1.0,1007.04,True,False,0.07343303145853199,0.10799968223705116,0.13196099459802998
2001-09-27,SP500,Strong Sell,-1.0,1018.61,True,False,0.07737995896368585,0.09810427936109006,0.12397286498267254
2001-09-28,SP500,Strong Sell,-1.0,1040.94,False,False,0.048715583991392426,0.07624839087747602,0.0996311026572137
2001-10-01,SP500,Strong Sell,-1.0,1038.55,True,False,0.049520966732463596,0.07681864137499396,0.10670646574551051
2001-10-02,SP500,Strong Sell,-1.0,1051.33,False,False,0.04395384893420719,0.0834752171059515,0.10063443447823252
2001-10-03,SP500,Strong Sell,-1.0,1072.28,False,False,0.004485768642518695,0.06428358264632378,0.08275823478942068
2001-10-04,SP500,Strong Sell,-1.0,1069.63,False,False,-0.0009536007778392613,0.06788328674401418,0.07334311864850444
2001-10-05,SP500,Strong Sell,-1.0,1071.38,True,False,0.001960088857361449,0.06278817973081444,0.07774085758554383
2001-10-08,SP500,Strong Sell,-1.0,1062.44,True,False,0.025846165430518462,0.08341176913519811,0.09678664206919912
2001-10-09,SP500,Strong Sell,-1.0,1056.75,True,False,0.02652472202507686,0.08129642772652007,0.1095434114028862
2001-10-10,SP500,Strong Sell,-1.0,1080.99,False,False,0.0038945781182064924,0.051841367635223234,0.07761403898278438
2001-10-11,SP500,Strong Sell,-1.0,1097.43,False,False,0.002423844801035013,0.04821264226419895,0.05766199210883607
2001-10-12,SP500,Strong Sell,-1.0,1091.65,True,False,0.011871936976136864,0.06024824806485593,0.058159666559794806
2001-10-15,SP500,Strong Sell,-1.0,1089.98,True,False,-0.010715792950329423,0.05460650654140441,0.0610745151287179
2001-10-16,SP500,Strong Sell,-1.0,1097.54,False,False,-0.03439510177305611,0.028226761667000763,0.043788836853326484
2001-10-17,SP500,Strong Sell,-1.0,1077.09,True,False,-0.016071080411107656,0.058593060932698414,0.05693117566777165
2001-10-18,SP500,Strong Sell,-1.0,1068.61,True,False,0.01449546607274872,0.06629172476394583,0.07259898372652339
2001-10-19,SP500,Strong Sell,-1.0,1073.48,True,False,0.012780862242426526,0.052558035547937615,0.050387524686067664
2001-10-22,SP500,Strong Sell,-1.0,1089.9,False,False,0.011872648866868361,0.05037159372419475,0.044939902743370966
2001-10-23,SP500,Strong Sell,-1.0,1084.78,False,False,0.03141650841645304,0.07888235402570101,0.03945500470141407
2001-10-24,SP500,Strong Sell,-1.0,1085.2,False,False,0.028197567268706144,0.0754699594544783,0.031431994102469496
2001-10-25,SP500,Strong Sell,-1.0,1100.09,False,False,0.016771355070948783,0.052922942668327165,0.025534274468452717
2001-10-26,SP500,Strong Sell,-1.0,1104.61,False,False,0.014213161206217621,0.031975086229529125,0.024931876408868462
2001-10-29,SP500,Strong Sell,-1.0,1078.3,False,False,0.03712324955949177,0.0542149680051934,0.05098766577019384
2001-10-30,SP500,Strong Sell,-1.0,1059.79,True,False,0.07482614480227211,0.072920106813614,0.0691363383311788
2001-10-31,SP500,Strong Sell,-1.0,1059.78,True,False,0.07683670195701,0.056238087150163374,0.03855517182811539
2001-11-01,SP500,Strong Sell,-1.0,1084.1,False,False,0.053629738953971134,0.035965316852688875,0.027183839129231648
2001-11-02,SP500,Strong Sell,-1.0,1087.2,False,False,0.04732339955849894,0.043377483443708474,0.039551140544518026
2001-11-05,SP500,Strong Sell,-1.0,1102.84,False,False,0.04372347756700884,0.03634253382176939,0.017554677015705025
2001-11-06,SP500,Strong Sell,-1.0,1118.86,False,False,0.021271651502422273,0.027438642904384865,-0.021825786961728766
2001-11-07,SP500,Strong Sell,-1.0,1115.8,False,False,0.019026707295214215,0.02162573937981727,-0.02310449901416022
2001-11-08,SP500,Strong Sell,-1.0,1118.54,False,False,0.028429917571119456,0.023557494591163602,-0.0313176104564879
2001-11-09,SP500,Strong Sell,-1.0,1120.31,False,False,0.03312476011104081,0.02172612937490529,-0.0358293686568895
2001-11-12,SP500,Strong Sell,-1.0,1118.33,False,False,0.027871916160703974,0.02775567140289536,-0.01977055073189479
2001-11-13,SP500,Strong Sell,-1.0,1139.09,False,False,-0.009279337014634433,0.015837203381646923,-0.023834815510626786
2001-11-14,SP500,Strong Sell,-1.0,1141.21,False,False,-0.0008850255430639329,0.017358768324848138,-0.029538822828401465
2001-11-15,SP500,Strong Sell,-1.0,1142.24,False,False,-0.002442568987253085,0.005112760890881004,-0.020774968482980827
2001-11-16,SP500,Strong Sell,-1.0,1138.65,False,False,-0.007684538708119263,0.014069292583322339,-0.019470425503886245
2001-11-19,SP500,Strong Sell,-1.0,1151.06,False,False,-0.0054384654144875085,0.012345142737998051,-0.04072767709763165
2001-11-20,SP500,Strong Sell,-1.0,1142.66,False,False,0.024232930180455976,0.02612325626170506,-0.05191395515726477
2001-11-21,SP500,Strong Sell,-1.0,1137.03,False,False,0.026446092011644315,0.024502431774007835,-0.03434386076005027
2001-11-23,SP500,Strong Sell,-1.0,1150.34,False,False,0.006928386390110774,0.009014726080984855,-0.06032129631239449
2001-11-26,SP500,Strong Sell,-1.0,1157.42,False,False,-0.015111195590191986,-0.001969898567503562,-0.058388484733286235
2001-11-27,SP500,Strong Sell,-1.0,1149.5,False,False,-0.01108307959982602,0.006133101348412314,-0.034858634188777674
2001-11-28,SP500,Strong Sell,-1.0,1128.52,False,False,0.007576294615957143,0.015134866905327267,-0.016960266543791756
2001-11-29,SP500,Strong Sell,-1.0,1140.2,False,False,-0.018259954393965914,-0.0015699000175407503,-0.0265830556042799
2001-11-30,SP500,Strong Sell,-1.0,1139.45,False,False,-0.014357804203782638,0.005915134494712369,-0.028715608407565076
2001-12-03,SP500,Strong Sell,-1.0,1129.9,False,False,0.003947251969200645,-0.002062129391981728,0.0016638640587661577
2001-12-04,SP500,Strong Sell,-1.0,1144.8,False,False,-0.0016422082459817276,-0.0051712089447937155,0.007896575821104092
2001-12-05,SP500,Mild Sell,-0.4068929194984485,1170.35,False,False,-0.01776391677703248,-0.03654462340325542,-0.02068611953689051
2001-12-06,SP500,Strong Sell,-0.8146604960801354,1167.1,False,False,-0.023279924599434364,-0.040947648016451,-0.00371005055265181
2001-12-07,SP500,Strong Sell,-1.0,1158.31,False,False,-0.011585844894717172,-0.02601203477480112,-0.0006647615923198296
2001-12-10,SP500,Strong Sell,-1.0,1139.93,False,False,0.004140605124876112,-0.006824980481257597,0.02138727816620308
2001-12-11,SP500,Strong Sell,-1.0,1136.76,False,False,0.011092930785741846,-0.0030613322073261007,0.027710334635279214
2001-12-12,SP500,Strong Sell,-0.95,1137.07,False,False,0.017641833836087643,-0.003526607860553872,0.02507321448987309
2001-12-13,SP500,Strong Sell,-1.0,1119.38,False,False,0.03719916382283038,-0.01674141042362737,0.031008236702460116
2001-12-14,SP500,Strong Sell,-1.0,1123.09,False,False,0.022251110774737563,-0.008476613628471434,0.02666749770721852
2001-12-17,SP500,Strong Sell,-1.0,1134.36,False,False,0.01790436898339167,-0.003667266123629055,0.028033428541204015
2001-12-18,SP500,Strong Sell,-1.0,1142.92,False,False,0.01955517446540432,-0.018129002904840257,0.01980016099114538
2001-12-19,SP500,Strong Sell,-1.0,1149.56,False,False,0.01996416020042455,-0.04794878040293668,0.018032986533978234
2001-12-20,SP500,Strong Sell,-1.0,1139.93,False,False,0.021896081338327822,-0.04378339020817075,0.010456782434008969
2001-12-21,SP500,Strong Sell,-1.0,1144.89,False,False,0.01381792137235886,-0.05361213741058102,0.0075989833084399525
2001-12-24,SP500,Strong Sell,-1.0,1144.65,False,False,0.009164373389245629,-0.05633162975582057,0.0035381994496133788
2001-12-26,SP500,Strong Sell,-1.0,1149.37,False,False,0.006246900475912948,-0.04624272427503751,-0.015225732357726408
2001-12-27,SP500,Strong Sell,-1.0,1157.13,False,False,-0.009964308245400429,-0.03905352034775699,-0.016108820962208305
2001-12-28,SP500,Mild Sell,-0.6821222442993656,1161.02,False,False,-0.01947425539611712,-0.04609739711632873,-0.014159962791338698
2001-12-31,SP500,Strong Sell,-0.95,1148.08,False,False,-0.0016462267437808104,-0.025756044874921554,-0.0006010034143960588
2002-01-02,SP500,Strong Sell,-0.95,1154.67,False,False,-0.02346990915153259,-0.033074384889189165,-0.007040972745459836
2002-01-03,SP500,Hold,0.0176055672339879,1165.27,False,False,-0.02264711182815989,-0.052425618097093306,-0.02446643267225621
2002-01-04,SP500,Strong Buy,0.9577800597460752,1172.51,False,True,-0.03831950260552154,-0.07605052408934684,-0.04017876180160502
2002-01-07,SP500,Hold,-0.24799285350143732,1164.89,False,False,-0.03912815802350449,-0.05743889981028258,-0.03309325344023915
2002-01-08,SP500,Strong Sell,-0.760967441010554,1160.71,False,False,-0.028025949634275547,-0.06871656141499598,-0.032721351586528946
2002-01-09,SP500,Strong Sell,-0.95,1155.14,False,False,-0.019902349498762063,-0.05652994442232126,-0.02584102359887125
2002-01-10,SP500,Strong Sell,-0.95,1156.55,False,False,-0.020120185033072484,-0.040741861571051745,-0.033504820370930784
2002-01-11,SP500,Strong Sell,-0.95,1145.6,False,False,-0.010946229050279298,-0.03161662011173167,-0.013207053072625596
2002-01-14,SP500,Strong Sell,-0.95,1138.41,False,False,-0.0331778533217382,-0.025052485484140144,-0.03049867798069239
2002-01-15,SP500,Strong Sell,-1.0,1146.19,False,False,-0.028459504968635318,-0.03442710196389781,-0.030692991563353426
2002-01-16,SP500,Strong Sell,-1.0,1127.57,False,False,0.0023324494266432324,0.0037336928084287773,-0.02218930975460502
2002-01-17,SP500,Strong Sell,-1.0,1138.88,False,False,-0.01464596796853054,0.01313571227872981,-0.009228364709188164
2002-01-18,SP500,Strong Sell,-1.0,1127.58,False,False,-0.029390375849163583,0.016460029443587307,-0.0013391511023608002
2002-01-22,SP500,Strong Sell,-1.0,1119.31,False,False,-0.02616790701414261,0.03882749193699694,0.00460998293591595
2002-01-23,SP500,Strong Sell,-1.0,1128.18,False,False,-0.039594745519332085,0.026024215993901593,-0.0026680139694020377
2002-01-24,SP500,Strong Sell,-1.0,1132.15,False,False,-0.045912644084264466,0.02840612992977949,-0.0214812524842116
2002-01-25,SP500,Strong Sell,-1.0,1133.28,False,False,-0.032701538895948,0.030866158407454485,-0.028518989128900128
2002-01-28,SP500,Strong Sell,-1.0,1133.06,False,False,-0.01863978959631431,0.028701039662506825,-0.03523202654757899
2002-01-29,SP500,Strong Sell,-1.0,1100.64,False,False,0.006232737316470326,0.048562654455589306,-0.00832243058584104
2002-01-30,SP500,Strong Sell,-1.0,1113.57,False,False,0.004436182727623818,0.0354445611860952,-0.03345097299675818
2002-01-31,SP500,Strong Sell,-1.0,1130.2,False,False,-0.012139444346133451,0.03181737745531767,-0.057290745000884796
2002-02-01,SP500,Strong Sell,-1.0,1122.2,False,False,-0.016057743717697363,0.03862947781144173,-0.04034931384779894
2002-02-04,SP500,Strong Sell,-1.0,1094.44,False,False,-0.010142173166185571,0.0693048499689338,-0.007291400168122526
2002-02-05,SP500,Strong Sell,-1.0,1090.02,False,False,0.0073026183005816744,0.05672372983981939,-0.005009082402157792
2002-02-06,SP500,Strong Sell,-1.0,1083.51,False,False,-0.00236269162259688,0.0646786831685909,-0.009303098263975346
2002-02-07,SP500,Strong Sell,-1.0,1080.17,False,False,0.00895229454622869,0.06344371719266409,-0.025458955534776933
2002-02-08,SP500,Strong Sell,-1.0,1096.22,False,False,0.01205050081188086,0.03252084435605979,-0.04262830453741039
2002-02-11,SP500,Strong Sell,-1.0,1111.94,False,False,-0.002302282497256997,0.023877187618036904,-0.020765508930338097
2002-02-12,SP500,Strong Sell,-1.0,1107.5,False,False,0.002158013544018149,0.033480812641083456,-0.031142212189616263
2002-02-13,SP500,Strong Sell,-1.0,1118.51,False,False,-0.010531868289063105,0.025820064192541962,-0.05678983647888707
2002-02-14,SP500,Strong Sell,-1.0,1116.48,False,False,0.013703783319002539,0.02692390369733443,-0.037546574949842426
2002-02-15,SP500,Strong Sell,-1.0,1104.18,False,False,0.044974551250701746,0.029506058794761657,-0.006248981144378716
2002-02-19,SP500,Strong Sell,-1.0,1083.34,False,False,0.057968874037698404,0.03882437646537576,0.007135340705595675
2002-02-20,SP500,Strong Sell,-1.0,1097.98,False,False,0.05900836080802926,0.0258292500774148,0.00022769085047086467
2002-02-21,SP500,Strong Sell,-1.0,1080.95,False,False,0.07085434108885695,0.03865118645635781,0.023719876034969122
2002-02-22,SP500,Strong Sell,-1.0,1089.84,False,False,0.06833113117521841,0.0325277104896132,0.001871834397709931
2002-02-25,SP500,Strong Sell,-1.0,1109.43,False,False,0.05302723019929146,0.007544414699440154,-0.026635299207701208
2002-02-26,SP500,Strong Sell,-1.0,1109.38,False,False,0.05065892660765456,0.019010618543690995,-0.021056806504534176
2002-02-27,SP500,Strong Sell,-1.0,1109.89,False,False,0.03982376631918462,-0.005586139166944512,-0.011541684311058007
2002-02-28,SP500,Strong Sell,-1.0,1106.73,False,False,0.041843990855944944,0.0038672485610762993,-0.020700622554733386
2002-03-01,SP500,Strong Sell,-1.0,1131.78,False,False,0.030376928378306835,-0.0258265740691654,-0.050566364487798
2002-03-04,SP500,Hold,0.07497027527353411,1153.84,False,True,0.010148720793177596,-0.022074117728627912,-0.07468973167856882
2002-03-05,SP500,Strong Sell,-0.8259915946655176,1146.14,False,False,0.021070724344320817,-0.017510949796709096,-0.07109079170083935
2002-03-06,SP500,Strong Buy,1.0,1162.77,False,True,-0.009391367166335624,-0.03293858630683622,-0.08224326393009786
2002-03-07,SP500,Mild Buy,0.5726831596531615,1157.54,False,True,-0.003412409074416474,-0.027964476389584717,-0.10095547454083652
2002-03-08,SP500,Strong Buy,1.0,1164.31,False,True,-0.013407082306258557,-0.048509417594970426,-0.10617447243431723
2002-03-11,SP500,Strong Buy,1.0,1168.26,False,True,-0.031148888089980058,-0.05760703952887196,-0.10131306387276796
2002-03-12,SP500,Strong Buy,1.0,1165.58,False,True,-0.023241647934933614,-0.06214931622025072,-0.1170490228040974
2002-03-13,SP500,Mild Buy,0.5516742997787981,1154.09,False,True,-0.008240258558691257,-0.054250535053591925,-0.10966215806392912
2002-03-14,SP500,Hold,0.304397998311123,1153.04,False,True,-0.004900090196350399,-0.06653715395823218,-0.10606743911746337
2002-03-15,SP500,Strong Buy,1.0,1166.16,False,True,-0.01682444947520076,-0.08636036221444744,-0.13082252864100985
2002-03-18,SP500,Strong Buy,1.0,1165.55,False,True,-0.024700785037106914,-0.07604135386727286,-0.12465359701428508
2002-03-19,SP500,Strong Buy,1.0,1170.29,False,True,-0.03835801382563286,-0.0716318177545736,-0.1373420263353528
2002-03-20,SP500,Strong Buy,0.7133103551253026,1151.85,False,True,-0.02214698094369926,-0.05841906498241956,-0.1255198159482571
2002-03-21,SP500,Strong Buy,0.9738545922255387,1153.59,False,True,-0.026751272115742943,-0.0694874262086182,-0.1017865966244505
2002-03-22,SP500,Mild Buy,0.5470963904147567,1148.7,False,True,-0.02037955950204586,-0.08359885087490204,-0.09711848176199177
2002-03-25,SP500,Strong Sell,-1.0,1131.87,False,False,-0.012430756182247022,-0.07278220997110967,-0.09884527375051896
2002-03-26,SP500,Mild Sell,-0.4304104019428805,1138.49,False,False,-0.007044418484132476,-0.04360161266238623,-0.11611871865365532
2002-03-27,SP500,Hold,0.3178038601982017,1144.58,False,True,-0.03572489472120767,-0.06252948679865099,-0.13580527355012315
2002-03-28,SP500,Strong Buy,0.7211481703164223,1147.39,False,True,-0.03170674313006049,-0.08053059552549707,-0.13480159318104573
2002-04-01,SP500,Mild Buy,0.6930297546175614,1146.54,False,True,-0.03836761037556475,-0.06278019083503412,-0.1486210686064158
2002-04-02,SP500,Hold,-0.361483926831913,1136.76,False,False,-0.007380625637777631,-0.03473028607621663,-0.14359231500052783
2002-04-03,SP500,Strong Sell,-0.95,1125.4,False,False,0.0005953438777322244,-0.030504709436644885,-0.11974409098987035
2002-04-04,SP500,Strong Sell,-0.95,1126.34,False,False,-0.0016602446863290756,-0.024956940177921324,-0.12120674041586012
2002-04-05,SP500,Strong Sell,-0.95,1122.73,False,False,0.0021732740730184947,-0.01437567358135981,-0.1372369135945419
2002-04-08,SP500,Strong Sell,-0.95,1125.29,False,False,-0.015516000319917565,-0.02969012432350759,-0.15747051871073228
2002-04-09,SP500,Strong Sell,-1.0,1117.8,False,False,-0.015065306852746393,-0.033923778851314944,-0.1465467883342279
2002-04-10,SP500,Mild Sell,-0.5394781995157233,1130.47,False,False,-0.03302166355586608,-0.03931992887913881,-0.12511610215220223
2002-04-11,SP500,Strong Sell,-0.95,1103.69,False,False,-0.011062889035870611,-0.005989000534570511,-0.11480578785709758
2002-04-12,SP500,Strong Sell,-0.85,1111.01,False,False,-0.03122384136956468,-0.024473227063662843,-0.14237495612100698
2002-04-15,SP500,Strong Sell,-0.95,1102.55,False,False,-0.03364926760691117,-0.025395673665593397,-0.165144437893973
2002-04-16,SP500,Hold,-0.3584145480096973,1128.37,False,False,-0.045596745748291624,-0.05380327374885881,-0.17813305919157715
2002-04-17,SP500,Strong Sell,-0.8047831227370125,1126.07,False,False,-0.035175433143587786,-0.054534798014332905,-0.18176489916257424
2002-04-18,SP500,Strong Sell,-0.8723726212292588,1124.47,False,False,-0.03549227636130806,-0.0509840191379049,-0.1836776436899162
2002-04-19,SP500,Strong Sell,-0.7952050345403802,1125.17,False,False,-0.04598416239323836,-0.075090875156643,-0.19928544131109077
2002-04-22,SP500,Strong Sell,-0.95,1107.83,False,False,-0.04979103292021326,-0.06060496646597391,-0.18214888565935206
2002-04-23,SP500,Strong Sell,-0.95,1100.96,False,False,-0.04675010899578552,-0.046377706728673106,-0.19928062781572453
2002-04-24,SP500,Strong Sell,-0.95,1093.14,False,False,-0.003924474449750435,-0.05853779021900214,-0.22448176811753304
2002-04-25,SP500,Strong Sell,-0.95,1091.48,False,False,-0.016921977498442507,-0.05859017114376813,-0.24886392787774397
2002-04-26,SP500,Strong Sell,-1.0,1076.32,False,False,-0.01981752638620478,-0.042348000594618636,-0.25886353500817594
2002-04-29,SP500,Strong Sell,-1.0,1065.45,False,False,0.008550377774649115,-0.048664883382608305,-0.2083814350743818
2002-04-30,SP500,Strong Sell,-1.0,1076.92,False,False,0.018905768302195054,-0.05261300746573569,-0.22122348920996926
2002-05-01,SP500,Strong Sell,-1.0,1086.46,False,False,0.0042431382655596156,-0.07078033245586592,-0.21502862507593468
2002-05-02,SP500,Strong Sell,-1.0,1084.56,False,False,0.012604189717489188,-0.0712639226967618,-0.1711293058936342
2002-05-03,SP500,Strong Sell,-1.0,1073.43,False,False,0.03089162777265388,-0.03471115955395321,-0.1589763654826119
2002-05-06,SP500,Strong Sell,-1.0,1052.67,False,False,0.03724814044287387,-0.014752961516904606,-0.1339926092697617
2002-05-07,SP500,Strong Sell,-1.0,1049.49,False,False,0.028956921933510658,-0.028108890985145164,-0.1570572373247959
2002-05-08,SP500,Strong Sell,-1.0,1088.85,False,False,-0.00259907241585152,-0.07582311613169854,-0.20628185700509705
2002-05-09,SP500,Strong Sell,-1.0,1073.01,False,False,0.02243222337163674,-0.078163297639351,-0.22218805043755413
2002-05-10,SP500,Strong Sell,-1.0,1054.99,False,False,0.027327273244296086,-0.05902425615408675,-0.1852339832605048
2002-05-13,SP500,Strong Sell,-1.0,1074.56,False,False,-9.306134603922449e-06,-0.09159097677188799,-0.18406603633114946
2002-05-14,SP500,Strong Sell,-1.0,1097.28,False,False,-0.026994021580635654,-0.11277887139107612,-0.17481408573928253
2002-05-15,SP500,Strong Sell,-1.0,1091.07,False,False,-0.02420559634120621,-0.09204725636301975,-0.1672028375814567
2002-05-16,SP500,Strong Sell,-1.0,1098.23,False,False,-0.028309188421368855,-0.09871338426376985,-0.1770394179725559
2002-05-17,SP500,Strong Sell,-1.0,1106.59,False,False,-0.059561355154121996,-0.12465321392747084,-0.2009597050398069
2002-05-20,SP500,Strong Sell,-1.0,1091.88,False,False,-0.046882441293915125,-0.13169029563688323,-0.15776458951533143
2002-05-21,SP500,Strong Sell,-1.0,1079.88,False,False,-0.02776234396414418,-0.11657776790013713,-0.13856169203985635
2002-05-22,SP500,Strong Sell,-1.0,1086.02,False,False,-0.05236551813042107,-0.08930774755529365,-0.14479475516104676
2002-05-23,SP500,Strong Sell,-1.0,1097.08,False,False,-0.06339555912057458,-0.10947241769059678,-0.13342691508367657
2002-05-24,SP500,Strong Sell,-1.0,1083.82,False,False,-0.0489749220350242,-0.12085955232418659,-0.13506855381889982
2002-05-28,SP500,Strong Sell,-1.0,1074.55,False,False,-0.056721418268112174,-0.14339025638639424,-0.11650458331394532
2002-05-29,SP500,Strong Sell,-1.0,1067.66,False,False,-0.04439615607965091,-0.13139950920705099,-0.09830845025569941
2002-05-30,SP500,Strong Sell,-1.0,1064.66,False,False,-0.05175361148159988,-0.13456878252211982,-0.11628125410929316
2002-05-31,SP500,Strong Sell,-1.0,1067.14,False,False,-0.05610322919204613,-0.13982232884157667,-0.11169106209119707
2002-06-03,SP500,Strong Sell,-1.0,1040.68,False,False,-0.004333704885267316,-0.1342775877310989,-0.10172195103201753
2002-06-04,SP500,Strong Sell,-1.0,1040.69,False,False,-0.0034111983395631305,-0.1293853116682202,-0.11801785353947866
2002-06-05,SP500,Strong Sell,-1.0,1049.9,False,False,-0.028488427469282863,-0.16033907991237273,-0.1258215068101725
2002-06-06,SP500,Strong Sell,-1.0,1029.15,False,False,-0.02221250546567568,-0.17626196375649816,-0.10987708302968473
2002-06-07,SP500,Strong Sell,-1.0,1027.53,False,False,-0.03736143956867438,-0.2021157533113388,-0.14550426751530368
2002-06-10,SP500,Strong Sell,-1.0,1030.74,False,False,-0.03688612065118263,-0.2260899935968333,-0.13324407707084235
2002-06-11,SP500,Strong Sell,-1.0,1013.6,False,False,-0.03695737963693768,-0.16788674033149178,-0.13264601420678773
2002-06-12,SP500,Strong Sell,-1.0,1020.26,False,False,-0.04580205045772648,-0.17797424185991811,-0.12383118028737776
2002-06-13,SP500,Strong Sell,-1.0,1009.56,False,False,-0.018740837592614565,-0.15523594437180546,-0.10559055430088347
2002-06-14,SP500,Strong Sell,-1.0,1007.27,False,False,-0.017324054126500274,-0.10752826948087399,-0.09698491963425888
2002-06-17,SP500,Strong Sell,-1.0,1036.17,False,False,-0.06516305239487738,-0.12873370199870687,-0.12229653435247113
2002-06-18,SP500,Strong Sell,-1.0,1037.14,False,False,-0.08586111807470549,-0.12102512679098297,-0.14485026129548578
2002-06-19,SP500,Strong Sell,-1.0,1019.99,False,False,-0.06470651673055618,-0.13267777135069955,-0.1276287022421789
2002-06-20,SP500,Strong Sell,-1.0,1006.29,False,False,-0.017152113207922162,-0.1411620904510628,-0.11446998380188608
2002-06-21,SP500,Strong Sell,-1.0,989.14,False,False,-0.012293507491356095,-0.15623673089754733,-0.11688941909133187
2002-06-24,SP500,Strong Sell,-1.0,992.72,False,False,-0.04018252880973486,-0.13412644048674346,-0.12416391328874203
2002-06-25,SP500,Strong Sell,-1.0,976.14,False,False,-0.05703075378531764,-0.10179892228573771,-0.13606654783125366
2002-06-26,SP500,Strong Sell,-1.0,973.53,False,False,-0.04741507709058783,-0.06992080367323035,-0.13162408965311803
2002-06-27,SP500,Strong Sell,-1.0,990.64,False,False,-0.06990430428813696,-0.08277477186465315,-0.15842283776144708
2002-06-28,SP500,Strong Sell,-1.0,989.82,False,False,-0.07262936695560819,-0.08690468974156927,-0.1722838495888142
2002-07-01,SP500,Strong Sell,-1.0,968.65,False,False,-0.06990140917772149,-0.08717286945749232,-0.133164713776906
2002-07-02,SP500,Strong Sell,-1.0,948.09,False,False,-0.04435232942020279,-0.030028794734677115,-0.09823961860160954
2002-07-03,SP500,Strong Sell,-1.0,953.99,False,False,-0.07592322770678944,-0.024884956865375958,-0.1327267581421189
2002-07-05,SP500,Strong Sell,-1.0,989.03,False,False,-0.142847031940386,-0.06092838437661142,-0.17567717864978818
2002-07-08,SP500,Strong Sell,-1.0,976.98,False,False,-0.16083236094904704,-0.02689922004544614,-0.13211119981985306
2002-07-09,SP500,Strong Sell,-1.0,952.83,False,False,-0.16280973520984854,-0.016162379438095033,-0.13110418437706628
2002-07-10,SP500,Strong Sell,-1.0,920.47,True,False,-0.08369637250535061,0.03138613968950643,-0.11029148152574227
2002-07-11,SP500,Strong Sell,-1.0,927.37,True,False,-0.09563604602262317,0.03809698394384123,-0.13671997153239804
2002-07-12,SP500,Strong Sell,-1.0,921.39,True,False,-0.07439846319148238,0.021131117116530488,-0.14772246280076842
2002-07-15,SP500,Strong Sell,-1.0,917.93,True,False,-0.020666063861078637,0.03270401882496497,-0.13005348991753185
2002-07-16,SP500,Strong Sell,-1.0,900.94,True,False,0.002042311363686725,0.03760516793571158,-0.13783381801229833
2002-07-17,SP500,Strong Sell,-1.0,906.04,True,False,0.0061586684914573765,0.013056818683501878,-0.11271025561785353
2002-07-18,SP500,Strong Sell,-1.0,881.56,True,False,0.003516493488815308,0.041108943236988986,-0.05245247062026396
2002-07-19,SP500,Strong Sell,-1.0,847.75,True,False,0.019451489236213516,0.0805897965202006,-0.007443232084930635
2002-07-22,SP500,Strong Sell,-1.0,819.85,True,False,0.017991095932182715,0.07095200341525884,0.07491614319692622
2002-07-23,SP500,Strong Sell,-1.0,797.7,True,False,0.07756048639839538,0.1199699135013162,0.07812460824871498
2002-07-24,SP500,Strong Sell,-1.0,843.43,True,False,0.03952906583830316,0.04235087677697026,0.04241015851937932
2002-07-25,SP500,Strong Sell,-1.0,838.68,True,False,0.07962512519673784,0.06586540754519007,0.05450231315877336
2002-07-26,SP500,Strong Sell,-1.0,852.84,True,False,0.06542845082313206,0.058768350452605415,0.054969279114488054
2002-07-29,SP500,Strong Sell,-1.0,898.96,False,False,0.005383999288066118,0.011813651330426275,-0.009789089614665911
2002-07-30,SP500,Strong Sell,-1.0,902.78,False,False,-0.020569795520503264,0.00738828950574899,-0.00735505881831674
2002-07-31,SP500,Strong Sell,-1.0,911.62,False,False,0.008775586318860929,-0.027105592242381734,-0.03194313420065378
2002-08-01,SP500,Strong Sell,-1.0,884.66,True,False,0.051533922636945305,0.0058214455270951294,0.01468360726154682
2002-08-02,SP500,Strong Sell,-1.0,864.24,True,False,0.07466675923354621,0.031079329815791926,0.030072665000462843
2002-08-05,SP500,Strong Sell,-1.0,834.6,True,False,0.13910855499640548,0.046633117661154994,0.0569734004313443
2002-08-06,SP500,Strong Sell,-1.0,859.57,True,False,0.09058017380783402,0.011505752876438203,0.03622741603359818
2002-08-07,SP500,Strong Sell,-1.0,876.77,True,False,0.08279252255437576,-0.038151396603442106,0.01025354425904172
2002-08-08,SP500,Strong Sell,-1.0,905.46,True,False,0.06321648664767081,-0.06634196982749105,-0.004969849579219402
2002-08-09,SP500,Strong Sell,-1.0,908.64,True,False,0.035459587955626024,-0.0824749075541468,-0.0003191583025180089
2002-08-12,SP500,Strong Sell,-1.0,903.8,True,False,0.048849302943129114,-0.09350520026554547,0.012823633547245002
2002-08-13,SP500,Strong Sell,-1.0,884.21,True,False,0.057237534069960766,-0.050383958561880174,0.04472919329118643
2002-08-14,SP500,Strong Sell,-1.0,919.62,False,False,-0.0019029599182270938,-0.07032252452099776,-0.018453274178465047
2002-08-15,SP500,Strong Sell,-1.0,930.25,False,False,-0.013383499059392685,-0.11059392636388067,-0.03817253426498252
2002-08-16,SP500,Strong Sell,-1.0,928.77,False,False,-0.013673998944840953,-0.12219386931102427,-0.05661250901730237
2002-08-19,SP500,Strong Sell,-1.0,950.7,False,False,-0.07644893236562539,-0.10812033238666253,-0.07126327968865047
2002-08-20,SP500,Strong Sell,-1.0,937.43,False,False,-0.0469688403400787,-0.11683005664422942,-0.05856437280650286
2002-08-21,SP500,Strong Sell,-1.0,949.36,False,False,-0.07395508553130534,-0.13736622566781828,-0.04749515463048794
2002-08-22,SP500,Strong Sell,-1.0,962.7,False,False,-0.07144489456736271,-0.16840137114365847,-0.05491845850212943
2002-08-23,SP500,Strong Sell,-1.0,940.86,False,False,-0.040282294921667385,-0.16535935208213767,-0.043045724124736943
2002-08-26,SP500,Strong Sell,-1.0,947.95,False,False,-0.040476818397594816,-0.15760324911651466,-0.05402183659475714
2002-08-27,SP500,Strong Sell,-1.0,934.82,False,False,-0.027138914443422268,-0.16908067863331983,-0.022111208574912895
2002-08-28,SP500,Strong Sell,-1.0,917.87,True,False,-0.033730266813383196,-0.12414612091036863,0.0173118197566104
2002-08-29,SP500,Strong Sell,-1.0,917.8,True,False,-0.030496840270211385,-0.08986707343647844,0.013891915449989104
2002-08-30,SP500,Strong Sell,-1.0,916.07,False,False,-0.02725774231226874,-0.081467573438711,0.018339209885707374
2002-09-03,SP500,Strong Sell,-1.0,878.02,True,False,-0.005125167991617503,0.0037015102161681965,0.04019270631648478
2002-09-04,SP500,Strong Sell,-1.0,893.4,True,False,-0.026796507723304167,-0.037362883366912916,0.050895455563017715
2002-09-05,SP500,Strong Sell,-1.0,879.15,True,False,-0.040755274981516154,5.68731160781075e-05,0.06501734630040376
2002-09-06,SP500,Strong Sell,-1.0,893.92,True,False,-0.05428897440486841,-0.010660909253624456,0.045429121174154305
2002-09-09,SP500,Strong Sell,-1.0,902.96,True,False,-0.07670328696730751,-0.003588198812793489,0.019701869407282673
2002-09-10,SP500,Strong Sell,-1.0,909.58,True,False,-0.09926559510983099,-0.021350513423778087,0.008795268145737592
2002-09-11,SP500,Strong Sell,-1.0,909.45,True,False,-0.07673868821815391,-0.014635219088460123,-0.003188740447523328
2002-09-12,SP500,Strong Sell,-1.0,886.91,True,False,-0.03603522341613007,-0.004972319626568612,0.028548556223292162
2002-09-13,SP500,Strong Sell,-1.0,889.81,True,False,-0.07017228397073526,0.008810869736235861,0.002461199581933283
2002-09-16,SP500,Strong Sell,-1.0,891.1,True,False,-0.08508584895073511,-0.000976321400516221,0.014981483559645407
2002-09-17,SP500,Strong Sell,-1.0,873.52,True,False,-0.02931816100375494,0.009879567725982228,0.03599230698781946
2002-09-18,SP500,Strong Sell,-1.0,869.46,True,False,-0.04778828238216832,0.024440457295332733,0.03694247003887471
2002-09-19,SP500,Strong Sell,-1.0,843.32,True,False,-0.028897690082056636,0.05032490632262954,0.05473604325760087
2002-09-20,SP500,Strong Sell,-1.0,845.39,True,False,-0.05300512189640278,0.06573297531316913,0.0768994192029714
2002-09-23,SP500,Strong Sell,-1.0,833.7,True,False,-0.05807844548398713,0.08954060213506054,0.08311143097037299
2002-09-24,SP500,Strong Sell,-1.0,819.29,True,False,-0.025314601667297307,0.11729668371394747,0.08767347337328668
2002-09-25,SP500,Strong Sell,-1.0,839.66,True,False,-0.07491127361074719,0.10015958840483055,0.05310482814472529
2002-09-26,SP500,Strong Sell,-1.0,854.95,False,False,-0.05968770103514835,0.05579273641733427,0.047733785601497096
2002-09-27,SP500,Strong Sell,-1.0,827.37,True,False,0.009608760288625458,0.08142668938926961,0.08461752299454899
2002-09-30,SP500,Strong Sell,-1.0,815.28,True,False,0.03208713570797773,0.0747105288980474,0.09467912864292029
2002-10-01,SP500,Strong Sell,-1.0,847.91,False,False,0.0393437982804779,0.0413251406399265,0.04923871637319999
2002-10-02,SP500,Strong Sell,-1.0,827.91,True,False,0.038784408933338184,0.06597335459168267,0.057361307388484266
2002-10-03,SP500,Strong Sell,-1.0,818.95,True,False,0.07356981500702119,0.10418218450454843,0.07380181940289388
2002-10-04,SP500,Strong Sell,-1.0,800.58,True,False,0.10468660221339522,0.13646356391616077,0.09897824077543782
2002-10-07,SP500,Strong Sell,-1.0,785.28,True,False,0.14573145884270586,0.1465464547677262,0.15758710268948656
2002-10-08,SP500,Strong Sell,-1.0,798.55,True,False,0.11472043078079021,0.12296036566276383,0.13779976206874972
2002-10-09,SP500,Strong Sell,-1.0,776.76,True,False,0.15368968535969926,0.17687574025439,0.1960064884906535
2002-10-10,SP500,Strong Sell,-1.0,803.92,False,False,0.09774604438252568,0.16150860782167384,0.1480371181212061
2002-10-11,SP500,Strong Sell,-1.0,835.32,False,False,0.07461811042474731,0.1140042139539337,0.0893190633529664
2002-10-14,SP500,Strong Sell,-1.0,841.44,False,False,0.05798393230652211,0.10865896558281035,0.10236023958927551
2002-10-15,SP500,Strong Sell,-1.0,881.27,False,False,0.0009985588979540838,0.03635662169369202,0.052537814744629985
2002-10-16,SP500,Strong Sell,-1.0,860.02,False,False,0.0356852166228693,0.0916839143275738,0.07702146461710194
2002-10-17,SP500,Strong Sell,-1.0,879.2,False,False,0.007461328480436698,0.06495677888989979,0.05966787989080974
2002-10-18,SP500,Strong Sell,-1.0,884.39,False,False,0.01873607797464925,0.056694444758534114,0.038252354730379176
2002-10-21,SP500,Strong Sell,-1.0,899.72,False,False,0.009591873027164001,0.023373938558662665,0.01653847863779842
2002-10-22,SP500,Strong Sell,-1.0,890.16,False,False,0.028343219196548957,0.030803451064977165,0.013053833018783146
2002-10-23,SP500,Strong Sell,-1.0,896.14,False,False,0.030821077063851635,0.011616488495101177,-0.009507443033454573
2002-10-24,SP500,Strong Sell,-1.0,882.5,False,False,0.022832861189801674,0.03368838526912183,-0.0046912181303116
2002-10-25,SP500,Strong Sell,-1.0,897.65,False,False,-0.003241798028184669,-0.006294212666406704,-0.011485545591266024
2002-10-28,SP500,Strong Sell,-1.0,890.23,False,False,-0.015771205194163265,0.015973400132550046,-0.032384889298271276
2002-10-29,SP500,Strong Sell,-1.0,882.15,False,False,0.0009068752479737779,0.025857280507850206,-0.03930170605906021
2002-10-30,SP500,Strong Sell,-1.0,890.71,False,False,-0.009183684925508934,0.012203747572161538,-0.03611725477428127
2002-10-31,SP500,Strong Sell,-1.0,885.76,False,False,0.02089730852601155,0.00419978323699425,-0.02416004335260113
2002-11-01,SP500,Strong Sell,-1.0,900.96,False,False,0.009845054164446816,0.010477712662049303,-0.06254439708755108
2002-11-04,SP500,Strong Sell,-1.0,908.35,False,False,-0.008796168877635282,-0.0059008091594649785,-0.05796223922496832
2002-11-05,SP500,Strong Sell,-1.0,915.39,False,False,-0.02037382973377465,-0.026513289417625256,-0.060160150318443434
2002-11-06,SP500,Strong Sell,-1.0,923.76,False,False,-0.010403135013423414,-0.042770849571317215,-0.08179613752489819
2002-11-07,SP500,Strong Sell,-1.0,902.65,False,False,0.03446518584168838,-0.007633080374452985,-0.06542956849277122
2002-11-08,SP500,Strong Sell,-1.0,894.74,False,False,0.04002279991952964,0.0029505778214900264,-0.0632474238326218
2002-11-11,SP500,Strong Sell,-1.0,876.19,False,False,0.06468916559193776,0.018580444880676533,-0.05307068101667446
2002-11-12,SP500,Strong Sell,-1.0,882.95,False,False,0.03438473299733835,0.007599524321875443,-0.053207995922758954
2002-11-13,SP500,Strong Sell,-1.0,882.53,False,False,0.06383918960261978,-0.00807904547154204,-0.06042854067283824
2002-11-14,SP500,Strong Sell,-1.0,904.27,False,False,0.035431895340993246,-0.027513906244816255,-0.09465093390248491
2002-11-15,SP500,Strong Sell,-1.0,909.83,False,False,0.02714792873393923,-0.03298418385852301,-0.10162338019190402
2002-11-18,SP500,Strong Sell,-1.0,900.36,False,False,0.02264649695677283,0.009629481540717001,-0.07271535830112402
2002-11-19,SP500,Strong Sell,-1.0,896.74,False,False,0.023239735040256965,0.013214532640453223,-0.050817405267970704
2002-11-20,SP500,Strong Sell,-1.0,914.15,False,False,-0.008313734069901026,0.01625553793141171,-0.0755018323032325
2002-11-21,SP500,Strong Sell,-1.0,933.76,False,False,-0.023057316655243288,-0.011598269362577152,-0.10351696367374912
2002-11-22,SP500,Strong Sell,-1.0,930.55,False,False,-0.04142711299768949,-0.02215893826231799,-0.08852828972113266
2002-11-25,SP500,Strong Sell,-1.0,932.87,False,False,-0.03046512375786547,-0.00568139183380316,-0.10750694094568371
2002-11-26,SP500,Strong Sell,-1.0,913.31,False,False,-0.009142569335712857,0.015613537572127871,-0.08183420744325574
2002-11-27,SP500,Strong Sell,-1.0,938.87,False,False,-0.03971795882284018,-0.013431039441030189,-0.11856806586641393
2002-11-29,SP500,Strong Sell,-1.0,936.31,False,False,-0.050015486323973825,-0.004966303895077461,-0.105766252630005
2002-12-02,SP500,Strong Sell,-1.0,934.53,False,False,-0.025820465902646247,-0.017452623243769536,-0.0999218858677624
2002-12-03,SP500,Strong Sell,-1.0,920.75,False,False,-0.019288623404833005,-0.006679337496606003,-0.09333695357045893
2002-12-04,SP500,Strong Sell,-1.0,917.58,False,False,-0.02883672268358076,-0.017219207044617435,-0.10417620261993507
2002-12-05,SP500,Strong Sell,-1.0,906.55,False,False,-0.024598753516077387,-0.020881363410732944,-0.08460647509789855
2002-12-06,SP500,Strong Sell,-1.0,912.23,False,False,-0.018054657268452064,-0.037128794273374045,-0.09880183725595518
2002-12-09,SP500,Strong Sell,-1.0,892.0,False,False,0.006031390134529143,-0.005224215246636735,-0.0707511210762332
2002-12-10,SP500,Strong Sell,-1.0,904.45,False,False,-0.013245618884404906,-0.04759798772734818,-0.10721432915031237
2002-12-11,SP500,Strong Sell,-1.0,904.96,False,False,-0.016906824611032607,-0.06351661951909478,-0.11517636138613863
2002-12-12,SP500,Strong Sell,-1.0,901.58,False,False,-0.029037911222520533,-0.04773841478293671,-0.10802147341334101
2002-12-13,SP500,Strong Sell,-1.0,889.48,False,False,-0.011343706435220613,-0.028241219588973337,-0.0647344515896929
2002-12-16,SP500,Strong Sell,-1.0,910.4,False,False,-0.03358963093145862,-0.07226493848857642,-0.08472100175746924
2002-12-17,SP500,Strong Sell,-1.0,902.99,False,False,0.0066888891349848436,-0.052370458144608424,-0.04451876543483321
2002-12-18,SP500,Strong Sell,-1.0,891.12,False,False,0.019604542598078853,-0.03456324625190766,-0.027684262501122138
2002-12-19,SP500,Strong Sell,-1.0,884.25,False,False,0.05061916878710771,-0.040769013288097206,-0.011569126378286705
2002-12-20,SP500,Strong Sell,-1.0,895.76,False,False,0.030331785299633787,-0.05824104670893985,-0.02242788246851839
2002-12-23,SP500,Strong Sell,-1.0,897.38,False,False,0.013985156789765711,-0.06600325391695827,-0.001771824645077929
2002-12-24,SP500,Strong Sell,-1.0,892.47,False,False,0.03932905307741439,-0.07034410120228128,-0.031642520196757326
2002-12-26,SP500,Strong Sell,-1.0,889.66,False,False,0.04261178427713967,-0.0603488973315648,-0.016770451633208148
2002-12-27,SP500,Strong Sell,-1.0,875.4,False,False,0.05809915467214989,-0.052775873886223366,-0.006225725382682124
2002-12-30,SP500,Strong Sell,-1.0,879.39,False,False,0.059438929257780944,-0.06903649120413018,-0.012360841037537389
2002-12-31,SP500,Strong Sell,-1.0,879.82,False,False,0.0436452910822668,-0.07098042781478034,-0.018549248709963457
2003-01-02,SP500,Strong Sell,-1.0,909.03,False,False,0.006127410536506001,-0.08155946448412042,-0.06693948494549137
2003-01-03,SP500,Strong Sell,-1.0,908.59,False,False,-0.007495129816528973,-0.06319682144861827,-0.05515138841501669
2003-01-06,SP500,Strong Sell,-1.0,929.01,False,False,-0.04455280352202881,-0.09028966318984726,-0.051786310158125334
2003-01-07,SP500,Strong Sell,-1.0,922.93,False,False,-0.04829185311995486,-0.09299730207057949,-0.050361349181411275
2003-01-08,SP500,Strong Sell,-1.0,909.93,False,False,-0.024826085523062126,-0.06787335289527766,-0.034156473574890295
2003-01-09,SP500,Strong Sell,-1.0,927.57,False,False,-0.07133693413974156,-0.10240736548185043,-0.05136000517481171
2003-01-10,SP500,Strong Sell,-1.0,927.57,False,False,-0.08634388779283507,-0.09594963183371605,-0.053128065806354326
2003-01-13,SP500,Strong Sell,-1.0,926.26,False,False,-0.07311122147129319,-0.1065683501392698,-0.06506812342106966
2003-01-14,SP500,Strong Sell,-1.0,931.66,False,False,-0.07223665285619213,-0.10130305046905523,-0.06448704463001517
2003-01-15,SP500,Strong Sell,-1.0,918.22,False,False,-0.08016597329615997,-0.08393413343207515,-0.054366056064995394
2003-01-16,SP500,Strong Sell,-1.0,914.6,False,False,-0.06439973759020334,-0.08724032363874926,-0.032112398862890884
2003-01-17,SP500,Strong Sell,-1.0,901.78,False,False,-0.04597573687595636,-0.08848056066889926,-0.01216482955931605
2003-01-21,SP500,Strong Sell,-1.0,887.62,False,False,-0.04441089655483198,-0.06508415763502398,-0.00868614947838043
2003-01-22,SP500,Strong Sell,-1.0,878.36,False,False,-0.03958513593515185,-0.06405118630174415,0.017327747165171485
2003-01-23,SP500,Strong Sell,-1.0,887.34,False,False,-0.055435346090562866,-0.06587103027024595,0.005262920639213783
2003-01-24,SP500,Strong Sell,-1.0,861.4,False,False,-0.036812166241002926,-0.06259577432087295,0.05801021592755982
2003-01-27,SP500,Strong Sell,-1.0,847.48,False,False,-0.01358144144994571,-0.05516354368244678,0.08441497144475381
2003-01-28,SP500,Strong Sell,-1.0,858.54,False,False,-0.034174295897686675,-0.06330514594544216,0.06160458452722062
2003-01-29,SP500,Strong Sell,-1.0,864.36,False,False,-0.05284835022444359,-0.03755379702901573,0.039856078485816016
2003-01-30,SP500,Strong Sell,-1.0,844.61,False,False,-0.032251571731331634,-0.013426315104012541,0.0831508033293473
2003-01-31,SP500,Strong Sell,-1.0,855.7,False,False,-0.024319270772467053,0.008285614117097018,0.07261890849596819
2003-02-03,SP500,Strong Sell,-1.0,860.32,False,False,-0.01063557745955004,0.0071252557188023,0.06578947368421041
2003-02-04,SP500,Strong Sell,-1.0,848.2,False,False,-0.0036194293798632988,0.030440933742041893,0.08028766800282941
2003-02-05,SP500,Strong Sell,-1.0,843.59,False,False,-0.0076933107315165054,0.038027951967187765,0.10252610865467823
2003-02-06,SP500,Strong Sell,-1.0,838.15,False,False,0.01195490067410366,0.06877050647258842,0.10547038119668314
2003-02-07,SP500,Strong Sell,-1.0,829.69,False,False,0.003483228675770452,0.04163000638792797,0.12619171015680547
2003-02-10,SP500,Strong Sell,-1.0,835.97,False,False,0.003110159455482879,0.04637726234195005,0.11202555115614193
2003-02-11,SP500,Strong Sell,-1.0,829.2,False,False,-0.001989869753979849,0.04914375301495417,0.10982875060299076
2003-02-12,SP500,Strong Sell,-1.0,818.68,False,False,0.022719499682415625,0.06087848732105344,0.1401402257292227
2003-02-13,SP500,Strong Sell,-1.0,817.37,False,False,0.029093311474607548,0.0564371092650819,0.1562817328749526
2003-02-14,SP500,Strong Sell,-1.0,834.89,False,False,-9.582100636016832e-05,0.015918264681574774,0.12865167866425514
2003-02-18,SP500,Strong Sell,-1.0,851.17,False,False,-0.03428222329264419,0.008588178624716636,0.10351633633704198
2003-02-19,SP500,Strong Sell,-1.0,845.13,False,False,-0.018080058689195714,0.042324849431448396,0.12014719628932823
2003-02-20,SP500,Strong Sell,-1.0,837.1,False,False,-0.01791900609246207,0.04700752598255886,0.12806116354079553
2003-02-21,SP500,Strong Sell,-1.0,848.17,False,False,-0.022731292075880982,0.036171993821993306,0.0855960479620831
2003-02-24,SP500,Strong Sell,-1.0,832.58,False,False,-0.030147253116817627,0.056871411756227515,0.10467462586177902
2003-02-25,SP500,Strong Sell,-1.0,838.57,False,False,-0.04512443803141065,0.04736634985749539,0.10118415874643727
2003-02-26,SP500,Strong Sell,-1.0,827.55,False,False,-0.028227901637363183,0.04645036553682564,0.12605884840795126
2003-02-27,SP500,Strong Sell,-1.0,837.28,False,False,-0.006425568507548246,0.040965985094592094,0.11458532390598135
2003-02-28,SP500,Strong Sell,-1.0,841.15,False,False,-0.009368126969030489,0.03227723949355047,0.13116566605242827
2003-03-03,SP500,Strong Sell,-1.0,834.81,False,False,0.033516608569614664,0.06039697655754013,0.14184065835339787
2003-03-04,SP500,Strong Sell,-1.0,821.99,False,False,0.05408824924877436,0.08372364627306894,0.155293860022628
2003-03-05,SP500,Strong Sell,-1.0,829.85,False,False,0.05322648671446642,0.06032415496776519,0.16116165572091343
2003-03-06,SP500,Strong Sell,-1.0,822.1,False,False,0.06516238900377075,0.086948059846734,0.17625592993553094
2003-03-07,SP500,Strong Sell,-1.0,828.89,False,False,0.0807103475732606,0.07615003197046653,0.17212175318799836
2003-03-10,SP500,Strong Sell,-1.0,807.48,False,False,0.07028037846138604,0.1286595333630554,0.2213800961014514
2003-03-11,SP500,Strong Sell,-1.0,800.73,False,False,0.09242815930463451,0.1477276984751414,0.23654665118079748
2003-03-12,SP500,Strong Sell,-1.0,804.19,False,False,0.08177172061328788,0.13335157114612203,0.22826695183973927
2003-03-13,SP500,Strong Sell,-1.0,831.9,False,False,0.04401971390792163,0.08043034018511837,0.17313379011900465
2003-03-14,SP500,Strong Sell,-1.0,833.27,False,False,0.03627875718554612,0.09789143974942102,0.1818978242346419
2003-03-17,SP500,Strong Sell,-1.0,862.79,False,False,-0.016933436873399106,0.06380463380428618,0.15610982973840687
2003-03-18,SP500,Strong Sell,-1.0,866.45,False,False,-0.009198453459518757,0.05824917767903504,0.15241502683363142
2003-03-19,SP500,Strong Sell,-1.0,874.02,False,False,0.007871673417084273,0.04837417908057021,0.13110683966041972
2003-03-20,SP500,Strong Sell,-1.0,875.67,False,False,0.0008907465140978753,0.06213527927187192,0.15424760469126503
2003-03-21,SP500,Mild Buy,0.4822120487072583,895.79,False,True,-0.01891068219113848,0.034338405206577424,0.12934951272061534
2003-03-24,SP500,Strong Sell,-0.95,864.23,False,False,0.018166460317276572,0.08118209272994453,0.16877451604318297
2003-03-25,SP500,Strong Sell,-0.95,874.74,False,False,0.004058348766490563,0.062738642339438,0.13713789240231386
2003-03-26,SP500,Strong Sell,-0.95,869.95,False,False,-0.0045519857463073,0.05784240473590429,0.14453704235875625
2003-03-27,SP500,Strong Sell,-0.95,868.52,False,False,0.0035232349283839857,0.07471330539308248,0.13024455395385254
2003-03-28,SP500,Strong Sell,-1.0,863.5,False,False,0.005558772437753277,0.0945107122177186,0.13891140706427335
2003-03-31,SP500,Strong Sell,-1.0,848.18,False,False,0.043681765662948985,0.11096701171921056,0.14989742743285636
2003-04-01,SP500,Strong Sell,-1.0,858.48,False,False,0.0376595843816978,0.09411983971670855,0.14833193551393165
2003-04-02,SP500,Hold,-0.25550303203935226,880.9,False,False,-0.0011238506073334195,0.07466227721648312,0.10820751504143496
2003-04-03,SP500,Strong Sell,-0.7202497581035241,876.45,False,False,0.01954475440698271,0.07741457014090924,0.11187175537680409
2003-04-04,SP500,Mild Sell,-0.5178437982292214,878.85,False,False,0.014974113898845044,0.0476986971610627,0.11773340160436938
2003-04-07,SP500,Hold,-0.3282309017805883,879.93,False,False,0.035730114895503116,0.04523087063743715,0.12935119839078116
2003-04-08,SP500,Mild Sell,-0.43481641266574445,878.29,False,False,0.04637420441995243,0.05138393924557948,0.12229445855013729
2003-04-09,SP500,Strong Sell,-0.95,865.99,False,False,0.05247173754893237,0.07607478146398919,0.15985173038949635
2003-04-10,SP500,Strong Sell,-0.95,871.58,False,False,0.031242112026434638,0.0707221368090135,0.15633676770921773
2003-04-11,SP500,Strong Sell,-0.95,868.3,False,False,0.05359898652539454,0.09579638373833936,0.15422089139698272
2003-04-14,SP500,Mild Buy,0.4352233514535653,885.23,False,True,0.03683788393976708,0.07680489816205958,0.11688487737650105
2003-04-15,SP500,Strong Buy,1.0,890.81,False,True,0.02931040289175022,0.06604101884801478,0.12048584995678097
2003-04-16,SP500,Hold,-0.1600288434632417,879.91,False,False,0.04135650236956051,0.09510063529224587,0.14086667954677187
2003-04-17,SP500,Strong Buy,1.0,893.58,False,True,0.04084693032520871,0.08216388012265265,0.1195640009848026
2003-04-21,SP500,Strong Buy,1.0,892.01,False,True,0.03872153899619955,0.08918061456710122,0.11443817894418229
2003-04-22,SP500,Strong Buy,1.0,911.37,False,True,0.025258676498019446,0.08215104732435784,0.07720245344920286
2003-04-23,SP500,Strong Buy,1.0,919.02,False,True,0.01153402537485585,0.07738678157167418,0.080846989184131
2003-04-24,SP500,Strong Buy,1.0,911.43,False,True,0.009699044358864676,0.08374751763711974,0.07391681204261437
2003-04-25,SP500,Strong Buy,1.0,898.81,False,True,0.038495343843526465,0.08580233864776761,0.0993535897464426
2003-04-28,SP500,Strong Buy,1.0,914.84,False,True,0.03308775304971359,0.07651611210703511,0.08063705128765683
2003-04-29,SP500,Strong Buy,1.0,917.84,False,True,0.02664952497167254,0.08676893576222433,0.06946744530637147
2003-04-30,SP500,Strong Buy,1.0,916.92,False,True,0.02438598787244254,0.08898268114993678,0.08916808445665925
2003-05-01,SP500,Strong Buy,1.0,916.3,False,True,0.03314416675761214,0.07891520244461428,0.08754774637127581
2003-05-02,SP500,Strong Buy,1.0,930.08,False,True,0.01528900739721305,0.08672372269052121,0.06365043867194212
2003-05-05,SP500,Strong Buy,1.0,926.55,False,True,-0.00623819545626245,0.09185688845717987,0.065770870433328
2003-05-06,SP500,Strong Buy,1.0,934.39,False,True,-0.01568938023737408,0.08101542182600419,0.05984653089181173
2003-05-07,SP500,Strong Buy,1.0,929.62,False,True,-0.006669391794496725,0.07000709967513612,0.05435554312514788
2003-05-08,SP500,Strong Buy,1.0,920.27,False,True,0.012604996359764007,0.08195420909081039,0.06796918295717569
2003-05-09,SP500,Strong Buy,1.0,933.41,False,True,-0.00020355470800606474,0.05167075561650295,0.03433646521892852
2003-05-12,SP500,Strong Buy,1.0,945.11,False,True,0.006739956195575123,0.0405667065209341,0.02324597136841217
2003-05-13,SP500,Strong Buy,1.0,942.3,False,True,0.011588666029926852,0.03504191870954059,0.0337684389260321
2003-05-14,SP500,Strong Buy,0.9999999999999999,939.28,False,True,0.01102972489566478,0.04954859040967558,0.04078655991823531
2003-05-15,SP500,Strong Buy,1.0,946.67,False,True,0.017873176502899716,0.03121467882155352,0.03583085975049392
2003-05-16,SP500,Strong Buy,0.9999999999999999,944.3,False,True,0.024038970666101923,0.03198136185534263,0.04876628190193802
2003-05-19,SP500,Strong Buy,0.9999999999999999,920.77,False,True,0.05516035492033838,0.06684622652779747,0.06870336783344375
2003-05-20,SP500,Strong Buy,0.9999999999999999,919.73,False,True,0.07231470105357006,0.08048014091091948,0.07695736792319482
2003-05-21,SP500,Strong Buy,0.9999999999999999,923.42,False,True,0.07225314591410195,0.06744493296658086,0.07282709926144117
2003-05-22,SP500,Strong Buy,0.9999999999999999,931.87,False,True,0.05997617693455094,0.07785420713189603,0.07283204738858425
2003-05-23,SP500,Strong Buy,0.9999999999999999,933.22,False,True,0.04576627161869647,0.07995970939328348,0.0740768521891944
2003-05-27,SP500,Strong Buy,0.9999999999999999,951.48,False,True,0.03506116786480012,0.05331693782318075,0.05130953882372718
2003-05-28,SP500,Strong Buy,0.9999999999999999,953.22,False,True,0.04643209332577998,0.03722120811565013,0.052506242000797246
2003-05-29,SP500,Strong Buy,0.9999999999999999,949.64,False,True,0.05146160650351713,0.05107198517332884,0.0457225896129059
2003-05-30,SP500,Strong Buy,1.0,963.59,False,True,0.025965400222086137,0.04179163337103953,0.03125810770140828
2003-06-02,SP500,Strong Buy,1.0,967.0,False,True,0.045232678386763196,0.034560496380558386,0.03074457083764221
2003-06-03,SP500,Strong Buy,1.0,971.56,False,True,0.04127382765861092,0.023189509654576237,0.02596854543208862
2003-06-04,SP500,Strong Buy,1.0,986.24,False,True,0.024182754704737207,-0.004572923426346519,0.016831602855288796
2003-06-05,SP500,Strong Buy,1.0,990.14,False,True,0.004605409336053547,0.003211667036984733,0.018047952814753476
2003-06-06,SP500,Strong Buy,1.0,987.76,False,True,0.008028265975540681,-0.009071029399854252,0.03465416700413058
2003-06-09,SP500,Strong Buy,1.0,975.93,False,True,0.005850829465228077,0.012480403307614341,0.05158156835018909
2003-06-10,SP500,Strong Buy,1.0,984.84,False,True,-0.001411396775110664,0.003828032979976424,0.04379391576296657
2003-06-11,SP500,Strong Buy,1.0,997.48,False,True,-0.02221598428038654,-0.015920118699121782,0.023970405421662556
2003-06-12,SP500,Strong Buy,1.0,998.51,False,True,-0.012708936315109455,0.0001702536779801495,0.033179437361669
2003-06-13,SP500,Strong Buy,1.0,988.61,False,True,-0.01253274799971676,0.008001132903773953,0.034958173597272886
2003-06-16,SP500,Strong Buy,1.0,1010.74,False,True,-0.035854918178760124,-0.021231968656627853,0.00017808734194743454
2003-06-17,SP500,Strong Buy,1.0,1011.66,False,True,-0.02900183856236277,-0.023891425973152997,0.004705138089872082
2003-06-18,SP500,Strong Buy,1.0,1010.09,False,True,-0.016176776326861993,-0.019582413448306673,0.008454692156144465
2003-06-19,SP500,Strong Buy,1.0,994.7,False,True,-0.009047954157032271,-0.01462752588720224,0.020217150899768672
2003-06-20,SP500,Strong Buy,1.0,995.69,False,True,0.00876778917132833,-0.012925709809277992,0.033775572718416254
2003-06-23,SP500,Strong Buy,1.0,981.64,False,True,0.026690028931176446,-0.016482620920092856,0.045159121470192784
2003-06-24,SP500,Strong Buy,1.0,983.45,False,True,0.019075702882708823,-0.016645482739336016,0.057074584371345646
2003-06-25,SP500,Strong Buy,1.0,975.32,False,True,0.013718574416601726,-0.0012303654185293498,0.06252306935159732
2003-06-26,SP500,Strong Buy,1.0,985.82,False,True,0.012497210444097235,-0.008348380028808522,0.037532206690876625
2003-06-27,SP500,Strong Buy,1.0,976.22,False,True,0.02831329003708179,0.004476449980537179,0.05409641269385993
2003-06-30,SP500,Strong Buy,1.0,974.5,False,True,0.026598255515649007,0.016264751154438196,0.03579271421241662
2003-07-01,SP500,Strong Buy,1.0,982.32,False,True,0.011981838911963496,0.0017407769362325135,0.02132706246436999
2003-07-02,SP500,Strong Buy,1.0,993.75,False,True,-0.012095597484276712,-0.0032603773584905754,0.003119496855345935
2003-07-03,SP500,Strong Buy,1.0,985.7,False,True,0.0077305468195191275,0.005042102059450049,0.02118291569443035
2003-07-07,SP500,Strong Buy,1.0,1004.42,False,True,-0.025507257919993635,-0.004659405428008154,-0.008412815356125855
2003-07-08,SP500,Strong Buy,1.0,1007.84,False,True,-0.019576520082552805,-0.005447293221146223,0.010299253849817426
2003-07-09,SP500,Strong Buy,1.0,1002.21,False,True,-0.013570010277287218,-0.0019057882080602685,0.017990241566138807
2003-07-10,SP500,Strong Buy,1.0,988.7,False,True,-0.007181146960655429,0.014736522706584338,0.041620309497319576
2003-07-11,SP500,Strong Buy,1.0,998.14,False,True,0.000541006271665261,-0.0050894664075180245,0.03627747610555626
2003-07-14,SP500,Strong Buy,1.0,1003.86,False,True,-0.007311776542545805,-0.010110971649433165,0.03525391986930447
2003-07-15,SP500,Strong Buy,1.0,1000.42,False,True,-0.011135323164270993,-0.003688450850642671,0.033345994682233475
2003-07-16,SP500,Strong Buy,1.0,994.09,False,True,-0.006639237895965177,0.002716051866531131,0.044905390859982484
2003-07-17,SP500,Strong Buy,1.0,981.73,False,True,0.008739673841076392,0.021502857201063444,0.05737830156967794
2003-07-18,SP500,Strong Buy,1.0,993.32,False,True,-0.013258567229090397,0.014788789111263178,0.05237989771674773
2003-07-21,SP500,Strong Buy,1.0,978.8,False,True,0.004107069881487633,0.044125459746628584,0.07221087045361674
2003-07-22,SP500,Strong Buy,0.9999999999999999,988.11,False,True,-0.022922549108904854,0.038619182074870174,0.05935573974557486
2003-07-23,SP500,Strong Buy,0.9999999999999999,988.61,False,True,-0.021778052012421452,0.03981347548578308,0.06216809459746505
2003-07-24,SP500,Strong Buy,0.9999999999999999,981.6,False,True,-0.007620211898940524,0.04053585982070086,0.05880195599021996
2003-07-25,SP500,Strong Buy,0.9999999999999999,998.68,False,True,-0.021117875595786356,0.0330035647054113,0.046060800256338484
2003-07-28,SP500,Strong Buy,0.9999999999999999,996.52,False,True,-0.01598562999237341,0.02674306586922488,0.04968289647974952
2003-07-29,SP500,Strong Buy,0.9999999999999999,989.28,False,True,0.0010815946951318637,0.02187449458191815,0.04152514960375215
2003-07-30,SP500,Strong Buy,0.9999999999999999,987.49,False,True,-0.0035038329502071275,0.02929649920505519,0.04686629738022661
2003-07-31,SP500,Strong Buy,1.0,990.31,False,True,0.00020195696297123676,0.028597105956720676,0.03897769385343997
2003-08-01,SP500,Strong Buy,1.0,980.15,False,True,0.010733051063612694,0.035361934397796224,0.052012447074427516
2003-08-04,SP500,Strong Buy,1.0,982.82,False,True,0.01721576687491093,0.04731283449665237,0.06508821554302915
2003-08-05,SP500,Strong Buy,1.0,965.46,False,True,0.03820976529322808,0.0626747871480952,0.08560686097818641
2003-08-06,SP500,Strong Buy,1.0,967.08,False,True,0.034350829300574835,0.0749679447408693,0.08257848368283907
2003-08-07,SP500,Strong Buy,1.0,974.12,False,True,0.029924444626945323,0.06383197142035883,0.07862481008499983
2003-08-08,SP500,Strong Buy,1.0,977.59,False,True,0.015824629957343992,0.04626683988175004,0.08329667856667923
2003-08-11,SP500,Strong Buy,1.0,980.59,False,True,0.013379699976544738,0.0493988313158404,0.07409824697376066
2003-08-12,SP500,Strong Buy,1.0,990.35,False,True,0.006442166910688136,0.019215428888776667,0.062058868076942414
2003-08-13,SP500,Strong Buy,1.0,984.03,False,True,0.01296708433685964,0.01955224942328995,0.075221283903946
2003-08-14,SP500,Strong Buy,1.0,990.51,False,True,0.012448132780083028,0.00640074305155933,0.0633007238695218
2003-08-15,SP500,Strong Buy,1.0,990.67,False,True,0.017503305843520073,0.016059838291257515,0.056971544510280865
2003-08-18,SP500,Strong Buy,1.0,999.74,False,True,0.022255786504491167,-0.0037709804549182603,0.04684217896653123
2003-08-19,SP500,Strong Buy,1.0,1002.35,False,True,0.02386391978849699,0.015832792936598998,0.05604828652666229
2003-08-20,SP500,Strong Buy,1.0,1000.3,False,True,0.027661701489553207,0.019934019794061838,0.05809257222833163
2003-08-21,SP500,Strong Buy,1.0,1003.27,False,True,0.01806094072383307,0.026493366690920617,0.046926550180908355
2003-08-22,SP500,Strong Buy,1.0,993.06,False,True,0.038849616337381584,0.04157855517289989,0.05092340845467561
2003-08-25,SP500,Strong Buy,1.0,993.71,False,True,0.02964647633615433,0.04582825975385169,0.040695977699731364
2003-08-26,SP500,Strong Buy,1.0,996.73,False,True,0.014236553530043182,0.03717155097167734,0.04585996207598852
2003-08-27,SP500,Strong Buy,1.0,996.79,False,True,0.019693215220858953,0.042075060945635546,0.03697870163223962
2003-08-28,SP500,Strong Buy,1.0,1002.84,False,True,0.015745283395157714,0.035120258465956594,0.03234813130708781
2003-08-29,SP500,Strong Buy,1.0,1008.01,False,True,0.006745964821777517,0.03704328330076082,0.0437198043670201
2003-09-02,SP500,Strong Buy,1.0,1021.99,False,True,0.007172281529173404,0.02689850194228907,0.031213612657658187
2003-09-03,SP500,Strong Buy,1.0,1026.27,False,True,-0.00029232073430964027,0.019965506153351468,0.03135627076695223
2003-09-04,SP500,Strong Buy,1.0,1027.97,False,True,0.011294103913538234,0.021498681868147813,0.029407472980729026
2003-09-05,SP500,Strong Buy,1.0,1021.39,False,True,0.01459775404106166,0.017554509051390704,0.04770949392494533
2003-09-08,SP500,Strong Buy,1.0,1031.64,False,True,-0.008549494009538259,0.012640068240859177,0.03390717692218195
2003-09-09,SP500,Strong Buy,1.0,1023.17,False,True,0.005727298493896434,0.0223423282543468,0.04061886099084225
2003-09-10,SP500,Strong Buy,1.0,1010.92,False,True,-0.0015233648557749018,0.019230008309262792,0.05816483994777042
2003-09-11,SP500,Strong Buy,1.0,1016.42,False,True,-0.012937565179748508,0.017069715275181543,0.04435174435764747
2003-09-12,SP500,Strong Buy,1.0,1018.63,False,True,-0.021381659680158618,0.010091986295318307,0.04974328264433598
2003-09-15,SP500,Strong Buy,1.0,1014.81,False,True,-0.008109892492190563,0.01608182812546207,0.04470787635123828
2003-09-16,SP500,Strong Buy,1.0,1029.32,False,True,-0.03240003108848551,0.01697237010842112,0.028883146154742956
2003-09-17,SP500,Strong Buy,1.0,1025.97,False,True,-0.007553827109954482,0.021579578350244034,0.044094856574753656
2003-09-18,SP500,Strong Buy,1.0,1039.58,False,True,-0.018603666865464823,0.007079782219742712,0.033244194770965366
2003-09-19,SP500,Strong Buy,1.0,1036.3,False,True,-0.006224066390041538,0.013905239795426115,0.030628196468204198
2003-09-22,SP500,Strong Buy,1.0,1022.82,False,True,0.011272755714592849,0.03539234664945927,0.05114291859760276
2003-09-23,SP500,Strong Buy,1.0,1029.03,False,True,0.009931683235668568,0.02353672876398164,0.04611138645131828
2003-09-24,SP500,Strong Buy,1.0,1009.38,False,True,0.024173254869325703,0.042035705086290544,0.07905843190869649
2003-09-25,SP500,Strong Buy,1.0,1003.27,False,True,0.035344423734388584,0.054601453247879406,0.0851116847907344
2003-09-26,SP500,Strong Buy,1.0,996.85,False,True,0.04134022169834972,0.05653809499924764,0.09639363996589259
2003-09-29,SP500,Strong Buy,1.0,1006.58,False,True,0.03851656102843278,0.04026505593196751,0.08885533191599271
2003-09-30,SP500,Strong Buy,1.0,995.97,False,True,0.05372651786700402,0.05080474311475236,0.09846682128979782
2003-10-01,SP500,Strong Buy,1.0,1018.22,False,True,0.028029306043880462,0.03958869399540369,0.07628017520771549
2003-10-02,SP500,Strong Buy,1.0,1020.24,False,True,0.029238218458401872,0.037412765623774866,0.08746961499255078
2003-10-03,SP500,Strong Buy,0.9999999999999999,1029.85,False,True,0.009195513909792716,0.019905811525950383,0.07747730251978463
2003-10-06,SP500,Strong Buy,0.9999999999999999,1034.35,False,True,0.009986948325035197,0.008971818049983276,0.07499395755788676
2003-10-07,SP500,Strong Buy,1.0,1039.25,False,True,0.0065239355304305725,-0.004907385133509655,0.06661534760644698
2003-10-08,SP500,Strong Buy,1.0,1033.78,False,True,-0.0033082474027356624,0.0083770241250557,0.0855501170461801
2003-10-09,SP500,Strong Buy,1.0,1038.73,False,True,-0.0047750618543799025,-0.004890587544405117,0.08177293425625529
2003-10-10,SP500,Strong Buy,1.0,1038.06,False,True,-0.008814519391942532,-0.002678072558426269,0.08503362040729821
2003-10-13,SP500,Strong Buy,1.0,1045.35,False,True,-0.01360309944037863,0.00643803510785863,0.08281436839336125
2003-10-14,SP500,Strong Buy,1.0,1049.48,False,True,-0.0025631741433853475,0.004202081030605711,0.06896748866105107
2003-10-15,SP500,Strong Buy,1.0,1046.76,False,True,0.0012896939126446454,0.011167793954679253,0.07687531048186788
2003-10-16,SP500,Strong Buy,1.0,1050.07,False,True,-0.0029807536640413324,0.007742340986791461,0.06775738760273134
2003-10-17,SP500,Strong Buy,1.0,1039.32,False,True,0.010959088634876747,0.02963476119000881,0.08774968248470158
2003-10-20,SP500,Strong Buy,1.0,1044.68,False,True,0.01372669142703978,0.02100164643718634,0.0836332656890147
2003-10-21,SP500,Strong Buy,1.0,1046.03,False,True,0.006902287697293603,0.017877116335095596,0.08967238033326
2003-10-22,SP500,Strong Buy,1.0,1030.36,False,True,0.02081796653596806,0.0382002406925736,0.10521565278155216
2003-10-23,SP500,Strong Buy,1.0,1033.77,False,True,0.02348684910570047,0.02682414850498662,0.11013088017644149
2003-10-24,SP500,Strong Buy,1.0,1028.91,False,True,0.02361722599644279,0.03925513407392276,0.1117979220728732
2003-10-27,SP500,Strong Buy,1.0,1031.13,False,True,0.015497560928301755,0.028172975279547634,0.10708640035688985
2003-10-28,SP500,Strong Buy,1.0,1046.79,False,True,-0.0002101663179816652,0.011711995720249516,0.10372663093839254
2003-10-29,SP500,Strong Buy,1.0,1048.11,False,True,0.009941704592075329,0.022039671408535497,0.09153619372012485
2003-10-30,SP500,Strong Buy,1.0,1046.94,False,True,0.010955737673601187,0.02598047643608998,0.0778841194337784
2003-10-31,SP500,Strong Buy,1.0,1050.71,False,True,-0.00034262546278243026,0.016493609083381645,0.07937489887790147
2003-11-03,SP500,Strong Buy,1.0,1059.02,False,True,-0.014532303450359647,0.015212177295990753,0.06809125417839146
2003-11-04,SP500,Strong Buy,1.0,1053.25,False,True,-0.0181343460716828,0.022055542368858313,0.07786375504391169
2003-11-05,SP500,Strong Buy,1.0,1051.81,False,True,-0.008908453047603552,0.03552923056445567,0.08007149580247386
2003-11-06,SP500,Strong Buy,1.0,1058.05,False,True,-0.02306129199943279,0.028930579840272322,0.06471338783611363
2003-11-07,SP500,Strong Buy,1.0,1053.21,False,True,-0.01702414523219497,0.037722771337150254,0.07157167136658395
2003-11-10,SP500,Strong Buy,1.0,1047.11,False,True,0.0047463972266524315,0.046709514759671944,0.09134665889925614
2003-11-11,SP500,Strong Buy,1.0,1046.57,False,True,0.006994276541464177,0.04535769227094225,0.08909103070028762
2003-11-12,SP500,Strong Buy,1.0,1058.53,False,True,-7.557650704271701e-05,0.035294228788981065,0.08219889847240984
2003-11-13,SP500,Strong Buy,1.0,1058.41,False,True,-0.00019841082378287844,0.04825162271709445,0.09386721591821685
2003-11-14,SP500,Strong Buy,1.0,1050.35,False,True,0.01882229732946159,0.05644785071642804,0.0968819917170467
2003-11-17,SP500,Strong Buy,1.0,1043.63,False,True,0.022028879967037916,0.06543506798386398,0.09790826250682697
2003-11-18,SP500,Strong Buy,1.0,1034.15,False,True,0.029570178407387637,0.07187545327080203,0.1187835420393559
2003-11-19,SP500,Strong Buy,0.9999999999999999,1042.44,False,True,0.026169371858332346,0.0765319826560761,0.10492690226775629
2003-11-20,SP500,Strong Buy,1.0,1033.65,False,True,0.02694335606830156,0.08708944033280121,0.10971798964833343
2003-11-21,SP500,Strong Buy,0.9999999999999999,1035.28,False,True,0.032860675372845975,0.0879472220075728,0.10512131983617952
2003-11-24,SP500,Strong Buy,0.9999999999999999,1052.08,False,True,0.007699034293970171,0.07588776518895916,0.08450878260208358
2003-11-25,SP500,Strong Buy,0.9999999999999999,1053.89,False,True,0.00489614665667181,0.06449439694844794,0.08084335177295525
2003-11-26,SP500,Strong Buy,0.9999999999999999,1058.45,False,True,0.012055363975624725,0.06498181302848502,0.08051395909112384
2003-11-28,SP500,Strong Buy,0.9999999999999999,1058.2,False,True,0.015063315063315114,0.059553959553959535,0.08194103194103197
2003-12-01,SP500,Strong Buy,0.9999999999999999,1070.12,False,True,-0.0019437072477852273,0.056442268156842314,0.06991739244196929
2003-12-02,SP500,Strong Buy,0.9999999999999999,1066.62,False,True,0.007978474058240254,0.06134330876975874,0.08376928990643354
2003-12-03,SP500,Strong Buy,0.9999999999999999,1064.73,False,True,0.011035661623134503,0.07053431386360853,0.07924074648032824
2003-12-04,SP500,Strong Buy,0.9999999999999999,1069.72,False,True,0.018191676326515385,0.0645496017649478,0.07601054481546568
2003-12-05,SP500,Strong Buy,0.9999999999999999,1061.5,False,True,0.02558643429109758,0.0811304757418746,0.08796043334903428
2003-12-08,SP500,Strong Buy,0.9999999999999999,1069.3,False,True,0.02210792106985888,0.0698026746469654,0.08188534555316558
2003-12-09,SP500,Strong Buy,0.9999999999999999,1060.18,False,True,0.03380558018449689,0.07675111773472418,0.08208040144126467
2003-12-10,SP500,Strong Buy,0.9999999999999999,1059.05,False,True,0.033039044426608766,0.09094943581511726,0.07698408951418723
2003-12-11,SP500,Strong Buy,0.9999999999999999,1071.21,False,True,0.02303936669747301,0.06799787156579934,0.04917803231859305
2003-12-12,SP500,Strong Buy,1.0,1074.14,False,True,0.03290073919600789,0.050589308656227225,0.030387100377976678
2003-12-15,SP500,Strong Buy,0.9999999999999999,1068.04,False,True,0.03894985206546584,0.0618609789895509,0.049183551177858484
2003-12-16,SP500,Strong Buy,1.0,1075.13,False,True,0.03421911768809349,0.052086724396119534,0.027308325504822577
2003-12-17,SP500,Strong Buy,1.0,1076.48,False,True,0.029726516052318668,0.05460389417360283,0.0317887931034483
2003-12-18,SP500,Strong Buy,1.0,1089.18,False,True,0.030334747241043687,0.043014010540039206,0.03173947373253267
2003-12-19,SP500,Strong Buy,1.0,1088.66,False,True,0.03215880072749985,0.03477669795895862,0.03091874414417711
2003-12-22,SP500,Strong Buy,1.0,1092.94,False,True,0.03055062491994059,0.03261844200047565,0.015407982139916114
2003-12-23,SP500,Strong Buy,1.0,1096.02,False,True,0.03275487673582607,0.04264520720424811,-0.0005656831079723826
2003-12-24,SP500,Strong Buy,1.0,1094.04,False,True,0.025428686336879763,0.041835764688676814,-8.226390259946451e-05
2003-12-26,SP500,Strong Buy,1.0,1095.89,False,True,0.028597760724160193,0.04530564198961562,-0.0041610015603757424
2003-12-29,SP500,Strong Buy,1.0,1109.48,False,True,0.01058153369145907,0.04351588131376859,-0.00026138371128813827
2003-12-30,SP500,Strong Buy,1.0,1109.64,False,True,0.018816913593597814,0.03827367434483237,-0.0014238852240367637
2003-12-31,SP500,Strong Buy,1.0,1111.92,False,True,0.018103820418735053,0.03047881142528228,0.009488092668537264
2004-01-02,SP500,Strong Buy,1.0,1108.48,False,True,0.028281971709006846,0.04376262990762124,0.016707563510392594
2004-01-05,SP500,Strong Buy,1.0,1122.22,False,True,0.014747553955552346,0.026376289854039232,0.003555452585054632
2004-01-06,SP500,Strong Buy,1.0,1123.67,False,True,0.021314086876039955,0.020815719917769336,0.0075644984737511895
2004-01-07,SP500,Strong Buy,1.0,1126.33,False,True,0.015634849466852636,0.01578578214200099,0.013743751831168502
2004-01-08,SP500,Strong Buy,1.0,1131.92,False,True,0.008507668386458302,0.008012933776238547,0.01647642942964155
2004-01-09,SP500,Strong Buy,1.0,1121.86,False,True,0.029870037259551098,0.015358422619578219,0.02344321038275737
2004-01-12,SP500,Strong Buy,1.0,1127.23,False,True,0.014921533316182088,0.014584423764449185,0.011798834310655282
2004-01-13,SP500,Strong Buy,1.0,1121.22,False,True,0.006475089634505262,0.02112877044647799,0.01614312980503372
2004-01-14,SP500,Strong Buy,1.0,1130.52,False,True,0.0031755298446731754,0.012755192300888151,0.01298517496373356
2004-01-15,SP500,Strong Buy,1.0,1132.05,False,True,-0.0008126849520779519,0.021129808754030366,-0.0023055518749170974
2004-01-16,SP500,Strong Buy,1.0,1139.83,False,True,-0.004009369818306183,0.008132791732100386,-0.010229595641455178
2004-01-20,SP500,Strong Buy,1.0,1138.77,False,True,-0.002406104832406903,0.010766001914346172,-0.008719934666350591
2004-01-21,SP500,Strong Buy,1.0,1147.62,False,True,-0.0183858768581934,0.006317422143218139,-0.011336505114933507
2004-01-22,SP500,Strong Buy,1.0,1143.94,False,True,-0.013418535937199622,0.011294298652027069,-0.007098274385020297
2004-01-23,SP500,Strong Buy,1.0,1141.55,False,True,0.0010599623319171622,0.004949410888704035,-0.020498445096579093
2004-01-26,SP500,Strong Buy,1.0,1155.37,False,True,-0.013467547192674163,-0.012801094021828475,-0.02707357816110854
2004-01-27,SP500,Strong Buy,1.0,1144.05,False,True,0.001302390629780175,-0.01762160744722683,-0.0036012412044927155
2004-01-28,SP500,Strong Buy,1.0,1128.48,False,True,0.025946405784772412,-0.019229405926556115,0.010740110591237674
2004-01-29,SP500,Strong Buy,1.0,1134.11,False,True,0.015871476311821606,-0.011938877181225776,0.0012520831312659909
2004-01-30,SP500,Strong Buy,1.0,1131.13,False,True,0.012978172270207523,-0.02355166956936877,0.00617082033011218
2004-02-02,SP500,Strong Buy,1.0,1135.26,False,True,0.01914098972922504,-0.021633810757007158,-0.011318993006007354
2004-02-03,SP500,Strong Buy,1.0,1136.03,False,True,0.01389928082885132,-0.010809573690835605,-0.01948892194748367
2004-02-04,SP500,Strong Buy,1.0,1126.52,False,True,0.01823314277598264,-0.0037282959911941606,-0.017061392607321688
2004-02-05,SP500,Strong Buy,1.0,1128.59,False,True,0.013751672440833237,-0.016666814343561386,-0.009835281191575248
2004-02-06,SP500,Strong Buy,1.0,1142.76,False,True,-0.001548881654940654,-0.041443522699429365,-0.020310476390493225
2004-02-09,SP500,Strong Buy,1.0,1139.81,False,True,-0.0006316842280731238,-0.040234775971433746,-0.01603776067941146
2004-02-10,SP500,Strong Buy,1.0,1145.54,False,True,-0.0016324178989820441,-0.0473226600555197,-0.02754159610314782
2004-02-11,SP500,Strong Buy,1.0,1157.76,False,True,-0.011099018794914239,-0.04195169983416246,-0.05101229961304583
2004-02-12,SP500,Strong Buy,1.0,1152.11,False,True,-0.00622336408849836,-0.038234196387497685,-0.05640954422754773
2004-02-13,SP500,Strong Buy,1.0,1145.81,False,True,0.008867089657098544,-0.020369869350066693,-0.04395144046569667
2004-02-17,SP500,Strong Buy,0.9999999999999999,1156.99,False,True,-0.0068194193553964165,-0.02592070804414905,-0.05160805192784729
2004-02-18,SP500,Strong Buy,1.0,1151.82,False,True,-0.000685871056241395,-0.022234376899168188,-0.04808042923373434
2004-02-19,SP500,Strong Buy,1.0,1147.06,False,True,0.006808710965424604,-0.012981012327166733,-0.04477533869196023
2004-02-20,SP500,Strong Buy,0.9999999999999999,1144.11,False,True,0.011144033353436297,-0.0020102962127767038,-0.05245125031684016
2004-02-23,SP500,Strong Buy,1.0,1140.99,False,True,0.005442641916230674,0.008396217320046563,-0.0433833775931428
2004-02-24,SP500,Strong Buy,1.0,1139.09,False,True,0.001308061698373271,0.007962496378688396,-0.04425462430536644
2004-02-25,SP500,Strong Buy,1.0,1143.67,False,True,-0.017295198789860685,-0.002745547229533082,-0.04763611881049605
2004-02-26,SP500,Strong Buy,1.0,1144.91,False,True,-0.033303927819654036,-0.0048824798455775085,-0.04485068695355979
2004-02-27,SP500,Strong Buy,1.0,1144.94,False,True,-0.021284958163746676,0.00022708613551801046,-0.04325990881618248
2004-03-01,SP500,Strong Buy,1.0,1155.97,False,True,-0.0445340276996808,-0.022950422588821486,-0.03712899123679687
2004-03-02,SP500,Strong Buy,1.0,1149.1,False,True,-0.03341745714037061,-0.0182142546340613,-0.029727612914454665
2004-03-03,SP500,Strong Buy,1.0,1151.03,False,True,-0.023700511715593835,-0.019278385446078777,-0.025846415818875267
2004-03-04,SP500,Strong Buy,1.0,1154.87,False,True,-0.02818499051841329,-0.01754310008918752,-0.02960506377341158
2004-03-05,SP500,Strong Buy,1.0,1156.86,False,True,-0.04069636775409292,-0.01818716180004492,-0.030824818906349825
2004-03-08,SP500,Strong Buy,1.0,1147.2,False,True,-0.04515341701534166,-0.0253225244072524,-0.019360181311018163
2004-03-09,SP500,Strong Buy,0.9999999999999999,1140.58,False,True,-0.040882708797278476,-0.014457556681688273,-0.020989321222535752
2004-03-10,SP500,Strong Buy,1.0,1123.89,False,True,-0.02897080675155057,0.014271859345665468,-0.0012367758410521492
2004-03-11,SP500,Strong Buy,1.0,1106.78,False,True,0.002177487847630136,0.030557111621098986,0.030394477673973238
2004-03-12,SP500,Strong Buy,1.0,1120.57,False,True,-0.011163961198318705,0.013350348483361179,0.019284828257047866
2004-03-15,SP500,Strong Buy,1.0,1104.49,True,True,0.01627900660033139,0.030439388314968802,0.02430080851795844
2004-03-16,SP500,Strong Buy,1.0,1110.7,False,True,0.014675429909066314,0.010542900873323161,0.02320158458629691
2004-03-17,SP500,Strong Buy,1.0,1123.75,False,True,0.0021890989988876852,-0.008774193548387007,0.0013704115684093114
2004-03-18,SP500,Strong Buy,1.0,1122.32,False,True,0.008776463040844089,-0.013382992372941748,0.008633901204647566
2004-03-19,SP500,Strong Buy,1.0,1109.78,False,True,0.02886157616824954,0.006947322892825638,0.021427670349078172
2004-03-22,SP500,Strong Buy,1.0,1095.4,True,True,0.05036516341062611,0.022046740916560035,0.03345809749863051
2004-03-23,SP500,Strong Buy,1.0,1093.95,False,True,0.04955436720142606,0.025211389917272203,0.03754284930755513
2004-03-24,SP500,Strong Buy,1.0,1091.33,False,True,0.045082605627995244,0.020763655356308433,0.0357087223846133
2004-03-25,SP500,Strong Buy,1.0,1109.19,False,True,0.027163966498075065,-0.009457351761195115,0.02273731281385518
2004-03-26,SP500,Strong Buy,1.0,1108.06,False,True,0.033518040539321066,-0.018897893615869226,0.032489215385448446
2004-03-29,SP500,Strong Buy,1.0,1122.47,False,True,0.006209520076260414,-0.02407191283508689,0.016196423957878663
2004-03-30,SP500,Strong Buy,1.0,1127.0,False,True,0.0010381543921917239,-0.026370896184560805,0.006592724046140252
2004-03-31,SP500,Strong Buy,1.0,1126.21,False,True,0.0023352660693830474,-0.02643379121123057,0.006339847808135137
2004-04-01,SP500,Strong Buy,1.0,1132.17,False,True,0.0021551533780261155,-0.03221247692484346,0.003559536112067951
2004-04-02,SP500,Strong Buy,1.0,1141.81,False,True,-0.00524605669945088,-0.050542559620252094,-0.0008495283803785457
2004-04-05,SP500,Strong Buy,0.9999999999999999,1150.57,False,True,-0.028177338188897543,-0.051348462066627784,-0.01879937769974872
2004-04-06,SP500,Strong Buy,0.9999999999999999,1148.16,False,True,-0.020963977146042506,-0.051804626532887414,-0.01984044035674468
2004-04-07,SP500,Strong Buy,0.9999999999999999,1140.53,False,True,-0.0005260712125063865,-0.045014160083469895,-0.02132341981359538
2004-04-08,SP500,Strong Buy,0.9999999999999999,1139.32,False,True,0.0011234771618157961,-0.04016430853491556,-0.01842327002071412
2004-04-12,SP500,Strong Buy,0.9999999999999999,1145.2,False,True,-0.00844393992315759,-0.043477121900104755,-0.03151414600069869
2004-04-13,SP500,Strong Buy,0.9999999999999999,1129.44,False,True,0.007676370590735095,-0.014511616376257348,-0.014724111063890166
2004-04-14,SP500,Strong Buy,0.9999999999999999,1128.17,False,True,-0.005105613515693549,-0.011726956043858653,-0.012249926872723227
2004-04-15,SP500,Strong Buy,0.9999999999999999,1128.84,False,True,-0.013243683781580931,-0.006697140427341293,-0.012136352361716292
2004-04-16,SP500,Strong Buy,0.9999999999999999,1134.61,False,True,-0.024069944738720747,-0.012277346400965828,-0.020394673059465258
2004-04-19,SP500,Strong Buy,0.9999999999999999,1135.82,False,True,-0.016138120476836056,-0.012871757848954845,-0.02564666936662489
2004-04-20,SP500,Strong Buy,0.9999999999999999,1118.15,False,True,0.00125206814828052,0.006117247238742492,-0.014989044403702535
2004-04-21,SP500,Strong Buy,1.0,1124.09,False,True,-0.0022773977172645832,-0.00662758320063324,-0.020630020727877507
2004-04-22,SP500,Strong Buy,1.0,1139.93,False,True,-0.022755783249848723,-0.015290412569192901,-0.027422736483819172
2004-04-23,SP500,Strong Buy,1.0,1140.6,False,True,-0.036735051727161024,-0.00015781167806403322,-0.040960897773101704
2004-04-26,SP500,Strong Buy,1.0,1135.53,False,True,-0.04263207489013948,0.005856296178876904,-0.034072195362517994
2004-04-27,SP500,Strong Buy,1.0,1138.11,False,True,-0.03748319582465654,-0.0059572449060283925,-0.0456107054678369
2004-04-28,SP500,Strong Buy,1.0,1122.41,False,True,-0.02238932297467067,0.012526616833420892,-0.0341586407818891
2004-04-29,SP500,Strong Buy,1.0,1113.89,False,True,-0.015665819784718458,0.010234403756205606,-0.017111204876603767
2004-04-30,SP500,Strong Buy,1.0,1107.3,False,True,-0.01047593244829758,0.022315542310123757,-0.010728799783256464
2004-05-03,SP500,Strong Buy,1.0,1117.49,False,True,-0.02987946200860867,0.014380441883148786,-0.01526635585105902
2004-05-04,SP500,Strong Buy,1.0,1119.55,False,True,-0.025063641641731006,0.011165200303693449,-0.01592604171318827
2004-05-05,SP500,Strong Buy,1.0,1121.53,False,True,-0.029290344440184312,0.012028211461129002,-0.01329433898335317
2004-05-06,SP500,Strong Buy,1.0,1113.99,False,True,-0.022262318333198642,0.01464106500058344,-0.012836740006642748
2004-05-07,SP500,Strong Buy,1.0,1098.7,False,True,-0.00467825612087021,0.03250204787476111,-6.371165923358181e-05
2004-05-10,SP500,Strong Buy,1.0,1087.12,False,True,0.00762565310177367,0.05237692251085442,-0.005905511811023481
2004-05-11,SP500,Strong Buy,1.0,1095.45,False,True,0.016066456707289158,0.041261581998265594,-0.02873704870144691
2004-05-12,SP500,Strong Buy,1.0,1097.28,False,True,0.01609434237387001,0.033856445027704955,-0.029217701953922377
2004-05-13,SP500,Strong Buy,1.0,1096.44,False,True,0.02265513844806822,0.033663492758381534,-0.01586954142497546
2004-05-14,SP500,Strong Buy,1.0,1095.7,False,True,0.02279821118919414,0.03696267226430592,-0.01817103221684775
2004-05-17,SP500,Strong Buy,0.7039578415969806,1084.1,False,True,0.03422193524582616,0.05233834517110969,-0.019250991605940314
2004-05-18,SP500,Strong Buy,1.0,1091.49,False,True,0.03069198984873888,0.03431089611448575,-0.024452812210831117
2004-05-19,SP500,Strong Buy,1.0,1088.68,False,True,0.0256824778631003,0.03371054855421248,-0.0085791968255136
2004-05-20,SP500,Strong Buy,1.0,1089.19,False,True,0.030582359367970643,0.024807425701668193,-0.006867488684251616
2004-05-21,SP500,Strong Buy,1.0,1093.56,False,True,0.042850872380116437,0.02265079190899446,0.0014722557518564389
2004-05-24,SP500,Strong Buy,1.0,1095.41,False,True,0.04269634200892814,0.01250673263892042,-0.00381592280515977
2004-05-25,SP500,Strong Buy,1.0,1113.05,False,True,0.016423341269484724,-0.00021562373657967667,-0.013206953865504736
2004-05-26,SP500,Strong Buy,1.0,1114.94,False,True,0.01931045616804489,-0.0005291764579261175,-0.01727447216890594
2004-05-27,SP500,Strong Buy,1.0,1121.28,False,True,0.0035762699771689417,-0.005475884703196233,-0.022376212899543307
2004-05-28,SP500,Strong Buy,1.0,1120.68,False,True,0.010109933254809514,-0.008218224649320087,-0.014027197772780836
2004-06-01,SP500,Strong Buy,1.0,1121.2,False,True,0.011023902961113004,-0.012941491259364958,-0.0143685337138781
2004-06-02,SP500,Strong Buy,1.0,1124.99,False,True,0.006275611338767407,-0.020977964248571016,-0.015306802727135376
2004-06-03,SP500,Strong Buy,1.0,1116.64,False,True,0.016460094569422445,-0.0140958590055882,-0.015663060610402645
2004-06-04,SP500,Strong Buy,1.0,1122.5,False,True,0.006948775055679247,-0.012320712694877441,-0.01626726057906458
2004-06-07,SP500,Strong Buy,1.0,1140.42,False,True,-0.005269988249942995,-0.040809526314866416,-0.030260781115729284
2004-06-08,SP500,Strong Buy,1.0,1142.18,False,True,0.001645975240329792,-0.039696019891786005,-0.020898632439720635
2004-06-09,SP500,Strong Buy,1.0,1131.33,False,True,0.008238091449886562,-0.03989110162375247,-0.015645302431651083
2004-06-10,SP500,Strong Buy,1.0,1136.47,False,True,-0.0017950319850061713,-0.046107684320747654,-0.013348350594384429
2004-06-14,SP500,Strong Buy,1.0,1125.29,False,True,0.0071625980858267164,-0.02706857787770267,-0.008015711505478572
2004-06-15,SP500,Strong Buy,1.0,1132.01,False,True,0.003701380729852258,-0.032323036015582826,-0.012040529677299567
2004-06-16,SP500,Strong Buy,1.0,1133.56,False,True,0.006422244962772127,-0.029226507639648437,-0.008504181516637737
2004-06-17,SP500,Strong Buy,1.0,1132.05,False,True,-0.002747228479307363,-0.026792102822313438,-0.005503290490702723
2004-06-18,SP500,Strong Buy,1.0,1135.02,False,True,-0.008493242409825266,-0.025021585522722146,-0.005894169265739859
2004-06-21,SP500,Strong Buy,1.0,1130.3,False,True,-0.012465717066265522,-0.027081305848004868,-0.008785278244713849
2004-06-22,SP500,Strong Buy,1.0,1134.41,False,True,-0.01417476926331763,-0.0315406246418843,-0.009617334120820586
2004-06-23,SP500,Strong Buy,1.0,1144.06,False,True,-0.03054909707532826,-0.05538171074943613,-0.013556981277205733
2004-06-24,SP500,Strong Buy,1.0,1140.65,False,True,-0.02440713628194463,-0.06722482794897651,-0.01617498794546973
2004-06-25,SP500,Strong Buy,1.0,1134.43,False,True,-0.01770051920347677,-0.061008612254612474,-0.00452209479650583
2004-06-28,SP500,Strong Buy,1.0,1133.35,False,True,-0.016067410773370813,-0.047919883531124495,-0.01746150791900116
2004-06-29,SP500,Strong Buy,1.0,1136.2,False,True,-0.021765534236930135,-0.053168456257701176,-0.024502728392888702
2004-06-30,SP500,Strong Buy,1.0,1140.84,False,True,-0.029934083657655645,-0.06802882086883341,-0.026936292556361995
2004-07-01,SP500,Strong Buy,1.0,1128.94,False,True,-0.024403422679681784,-0.056814356830301074,-0.022516697078675634
2004-07-02,SP500,Strong Buy,1.0,1125.38,False,True,-0.021752652437398937,-0.04091062574419324,-0.013613179548241627
2004-07-06,SP500,Strong Buy,1.0,1116.21,False,True,-0.006755001299038678,-0.03090816244255113,-0.0012632031606956413
2004-07-07,SP500,Strong Buy,1.0,1118.33,False,True,-0.021862956372448044,-0.020709450698809705,-0.003353214167553406
2004-07-08,SP500,Strong Buy,1.0,1109.11,False,True,-0.011062924326712393,-0.01612103398220184,0.02018735743073284
2004-07-09,SP500,Strong Buy,1.0,1112.81,False,True,-0.023912437882477603,-0.012994131972214518,0.020093277378887796
2004-07-12,SP500,Strong Buy,1.0,1114.35,False,True,-0.027172791313321645,-0.016754161618880825,0.018064342441782306
2004-07-13,SP500,Strong Buy,1.0,1115.14,False,True,-0.018212959807737298,-0.016993381996879355,0.02413149918395883
2004-07-14,SP500,Strong Buy,1.0,1111.47,False,True,-0.01444033577154575,-0.005857108154066228,0.017256426174345744
2004-07-15,SP500,Strong Buy,0.8203139634320372,1106.69,False,True,-0.005656507242317171,-0.0014457526497936516,0.0139605490245688
2004-07-16,SP500,Hold,-0.2719721767593881,1101.39,False,False,0.0002996213875193412,0.005792680158708433,0.020882702766504144
2004-07-19,SP500,Hold,-0.295959892524729,1100.9,False,False,0.005195748932691252,-0.001589608502134617,0.019020801162684918
2004-07-20,SP500,Strong Buy,1.0,1108.67,False,True,-0.008099795250164627,-0.003995778725860774,0.004491868635391972
2004-07-21,SP500,Strong Sell,-0.9,1093.88,False,False,0.004342341024609646,0.010997550005485036,0.00860240611401603
2004-07-22,SP500,Strong Sell,-0.75,1096.84,False,False,-0.014714999452973884,0.019574413770467917,0.010357025637285409
2004-07-23,SP500,Strong Sell,-0.75,1086.2,False,False,-0.02046584422758241,0.025253176210642665,0.025612226109372062
2004-07-26,SP500,Strong Sell,-0.75,1084.07,False,False,-0.017388176040292518,0.03434280074164954,0.01767413543405876
2004-07-27,SP500,Strong Sell,-1.0,1094.83,False,False,-0.014422330407460486,0.019582948950978743,0.008065179068896682
2004-07-28,SP500,Strong Sell,-1.0,1095.42,False,False,-0.01792006718884091,0.020959997078746084,0.010105712877252503
2004-07-29,SP500,Mild Sell,-0.43799574128292207,1100.43,False,False,-0.03380496714920535,0.021346201030506263,-0.004261970320692869
2004-07-30,SP500,Hold,-0.3654527402124895,1101.72,False,False,-0.03351123697491202,0.02187488654104483,-0.00628108775369429
2004-08-02,SP500,Hold,0.26312330885194835,1106.62,False,False,-0.024651641936708154,0.01961829715710907,0.004039326959570609
2004-08-03,SP500,Mild Sell,-0.65,1099.69,False,False,-0.01635006229028182,0.018805299675362906,0.02337931598905149
2004-08-04,SP500,Strong Sell,-0.75,1098.63,False,False,-0.003149376951293917,0.022637284618115188,0.026223569354559717
2004-08-05,SP500,Strong Sell,-0.75,1080.7,False,False,0.00974368464883869,0.0442768575923012,0.04580364578513926
2004-08-06,SP500,Strong Sell,-0.75,1063.97,True,False,0.03231294115435574,0.05472898671955038,0.06253935731270616
2004-08-09,SP500,Strong Sell,-0.75,1065.22,True,False,0.028595032012166535,0.060156587371622695,0.06133944161769392
2004-08-10,SP500,Strong Sell,-1.0,1079.04,False,False,0.015893757413997713,0.03199139976275206,0.05946026097271657
2004-08-11,SP500,Strong Sell,-1.0,1075.79,False,False,0.027114957380157907,0.03027542550125948,0.07982970654123957
2004-08-12,SP500,Strong Sell,-0.75,1063.23,True,False,0.03937059714266894,0.04409205910292212,0.09681818609331946
2004-08-13,SP500,Strong Sell,-1.0,1064.8,False,False,0.04035499624342602,0.03636363636363639,0.09399887302779879
2004-08-16,SP500,Strong Sell,-1.0,1079.34,False,False,0.018353808809087196,0.028461837789760438,0.07851094187188469
2004-08-17,SP500,Strong Sell,-1.0,1081.71,False,False,0.02082813323349139,0.030590454003383456,0.07506633016242804
2004-08-18,SP500,Strong Sell,-1.0,1095.17,False,False,0.0098066966772282,0.01772327583845417,0.07150488052083233
2004-08-19,SP500,Strong Sell,-1.0,1091.23,False,False,0.024816033283542357,0.03690331094269767,0.08516994584093183
2004-08-20,SP500,Strong Sell,-1.0,1098.35,False,False,0.01391177675604334,0.033523011790413046,0.07780762052169167
2004-08-23,SP500,Strong Sell,-1.0,1095.68,False,False,0.023382739485981206,0.03541179906542052,0.07278584988317757
2004-08-24,SP500,Strong Sell,-1.0,1096.19,False,False,0.018317992318849768,0.04183581313458424,0.07822549010664209
2004-08-25,SP500,Mild Sell,-0.5250240247418142,1104.96,False,False,0.012145236026643564,0.023249710396756492,0.07112474659716181
2004-08-26,SP500,Mild Sell,-0.6208416844407082,1105.09,False,False,0.017039336162665626,0.015428607624718515,0.05904496466351157
2004-08-27,SP500,Hold,-0.2657581849357292,1107.77,False,False,0.016293996046110613,0.015003114364895346,0.06271157370212231
2004-08-30,SP500,Mild Sell,-0.65,1099.15,False,False,0.02654778692626105,0.020643224309693696,0.07077286994495743
2004-08-31,SP500,Strong Sell,-0.75,1104.24,False,False,0.014607331739476818,0.008521698181554809,0.07020212997174526
2004-09-01,SP500,Strong Sell,-0.736089450883969,1105.91,False,False,0.015905453427494026,-0.0023690897089275963,0.06939081842102884
2004-09-02,SP500,Strong Buy,1.0,1118.31,False,True,0.009156673909738811,-0.009040427072993983,0.05388487986336525
2004-09-03,SP500,Mild Buy,0.4188111455844663,1113.63,False,True,0.007695554178676882,0.00035020608281015477,0.05404847211371804
2004-09-07,SP500,Strong Buy,1.0,1121.3,False,True,0.007134575938642647,-0.016115223401409022,0.06248996700258623
2004-09-08,SP500,Strong Buy,0.7490873321197672,1116.27,False,True,-0.0024277280586238424,-0.01129655011780295,0.0663459557275569
2004-09-09,SP500,Strong Buy,1.0,1118.38,False,True,-0.008959387685759946,-0.010631449060247947,0.06508521253956612
2004-09-10,SP500,Strong Buy,1.0,1123.92,False,True,-0.012287351412912104,-0.025072958929461226,0.05901665598975009
2004-09-13,SP500,Strong Buy,1.0,1125.82,False,True,-0.01980778454815153,-0.02755325007550051,0.045522374802366275
2004-09-14,SP500,Strong Buy,1.0,1128.33,False,True,-0.016192071468453362,-0.01527921795928497,0.048283746776209106
2004-09-15,SP500,Strong Buy,1.0,1120.37,False,True,-0.004971571891428668,0.004489588261021092,0.061470764122566766
2004-09-16,SP500,Strong Buy,1.0,1123.5,False,True,-0.00793947485536277,0.0035068980863373874,0.05740987983978638
2004-09-17,SP500,Strong Buy,1.0,1128.55,False,True,0.002613973683044655,0.0014620530769572382,0.062141686234548854
2004-09-20,SP500,Strong Buy,1.0,1122.2,False,True,0.011557654607021945,0.007405097130636201,0.0723400463375513
2004-09-21,SP500,Strong Buy,1.0,1129.3,False,True,0.004586912246524452,0.0011157354113167368,0.06767023820065535
2004-09-22,SP500,Mild Sell,-0.4645706261793372,1113.56,False,False,0.025584611516218263,0.026617335392794372,0.08050756133481815
2004-09-23,SP500,Strong Sell,-0.75,1108.36,False,False,0.020110794326753216,0.04809809087300171,0.07744776065538286
2004-09-24,SP500,Strong Sell,-0.75,1110.11,False,False,0.010836763924295972,0.0504995000495448,0.07615461530839304
2004-09-27,SP500,Mild Sell,-0.65,1103.52,False,False,0.018912208206466687,0.055612947658402315,0.09236805857619261
2004-09-28,SP500,Strong Sell,-0.75,1110.06,False,False,0.01061203898888346,0.04866403617822459,0.08964380303767364
2004-09-29,SP500,Hold,-0.19279459901800797,1114.8,False,False,-0.0010315751704340363,0.04315572299964131,0.08551309651955522
2004-09-30,SP500,Mild Sell,-0.44971231789581123,1114.58,False,False,-0.010129376087853689,0.05284501785425909,0.08105295268172778
2004-10-01,SP500,Strong Buy,1.0,1131.5,False,True,-0.020592134334953563,0.046548828988069,0.07250552364118423
2004-10-04,SP500,Strong Buy,1.0,1135.17,False,True,-0.018631570601760166,0.042848207757428286,0.06895883435961131
2004-10-05,SP500,Strong Buy,1.0,1134.48,False,True,-0.027545659685494675,0.03609583245187226,0.06969712996262599
2004-10-06,SP500,Strong Buy,1.0,1142.05,False,True,-0.03361499058710203,0.03492841819535056,0.0611794579922071
2004-10-07,SP500,Strong Buy,1.0,1130.65,False,True,-0.02136823950824754,0.04678724627426689,0.06317604917525302
2004-10-08,SP500,Strong Buy,0.7549492605548995,1122.14,False,True,-0.023526476197266017,0.0429536421480384,0.058735986597037666
2004-10-11,SP500,Strong Buy,1.0,1124.39,False,True,-0.026316491608783556,0.04700326399203115,0.05278417630893187
2004-10-12,SP500,Mild Buy,0.5955274074929092,1121.84,False,True,-0.00958247165371176,0.04911573842972272,0.058876488625829164
2004-10-13,SP500,Strong Sell,-0.9,1113.65,False,False,0.010550891213576975,0.06115925111121079,0.06513716158577647
2004-10-14,SP500,Strong Sell,-0.75,1103.29,False,False,0.02188907721451304,0.07193031750491723,0.07881880557242434
2004-10-15,SP500,Strong Sell,-0.75,1108.2,False,False,0.01985201227215304,0.06349936834506396,0.06748781808337842
2004-10-18,SP500,Mild Sell,-0.6406277200758446,1114.02,False,False,0.014802247715480879,0.0536794671549882,0.06613884849464109
2004-10-19,SP500,Strong Sell,-0.75,1103.23,False,False,0.02477271285226102,0.07989267877051917,0.06727518287211191
2004-10-20,SP500,Strong Sell,-0.75,1103.66,False,False,0.0358262508381204,0.0785296196292335,0.07326531721725885
2004-10-21,SP500,Mild Sell,-0.5,1106.49,False,False,0.049869406863143874,0.0765302894739221,0.08087736897757776
2004-10-22,SP500,Strong Sell,-0.75,1095.74,False,False,0.06427619690802569,0.0862522131162502,0.0811232591673208
2004-10-25,SP500,Strong Sell,-1.0,1094.8,False,False,0.06402082572159312,0.0751461454146876,0.07362988673730374
2004-10-26,SP500,Strong Sell,-1.0,1111.09,False,False,0.04769190614621679,0.0645492264353023,0.051102970956448154
2004-10-27,SP500,Strong Buy,1.0,1125.4,False,True,0.033330371423493856,0.05672649724542377,0.034076772703038834
2004-10-28,SP500,Strong Buy,1.0,1127.44,False,True,0.04083587596679199,0.05371461009011561,0.03633896260554888
2004-10-29,SP500,Strong Buy,1.0,1130.2,False,True,0.04775261015749427,0.060591045832596016,0.03881613873650672
2004-11-01,SP500,Strong Buy,1.0,1130.51,False,True,0.04714686292027488,0.06445763416511142,0.038955869474838756
2004-11-02,SP500,Strong Buy,1.0,1130.56,False,True,0.03968829606566668,0.06648032833286166,0.03608831021794505
2004-11-03,SP500,Strong Buy,1.0,1143.2,False,True,0.03388733379986005,0.052493002099370176,0.03330125962211331
2004-11-04,SP500,Strong Buy,1.0,1161.67,False,True,0.018834953127824496,0.028002789088123106,0.023879414980157884
2004-11-05,SP500,Strong Buy,1.0,1166.17,False,True,0.003575807986828546,0.024421825291338326,0.023169863741993004
2004-11-08,SP500,Strong Buy,1.0,1164.89,False,True,0.010601859403033684,0.03481873824996347,0.021461253852295064
2004-11-09,SP500,Strong Buy,1.0,1164.08,False,True,0.01104735069754667,0.03907807023572264,0.033459899663253426
2004-11-10,SP500,Strong Buy,1.0,1162.91,False,True,0.01620933692203172,0.04060503392351947,0.033373175912151366
2004-11-11,SP500,Strong Buy,1.0,1173.48,False,True,0.007814364113576774,0.02679210553226306,0.02455943007124104
2004-11-12,SP500,Strong Buy,1.0,1184.17,False,True,-0.004729050727513901,0.024802182119121316,0.006603781551635268
2004-11-15,SP500,Strong Buy,1.0,1183.81,False,True,-0.008438854208023256,0.025037801674255244,0.011150437992583308
2004-11-16,SP500,Strong Buy,1.0,1175.43,False,True,0.013560994699811837,0.03243068494083007,0.02541197689356226
2004-11-17,SP500,Strong Buy,1.0,1181.94,False,True,0.007098499077787259,0.025365077753523882,0.020474812596240118
2004-11-18,SP500,Strong Buy,1.0,1183.55,False,True,0.006438257783786167,0.015656288285243524,0.022449410671285485
2004-11-19,SP500,Strong Buy,1.0,1170.34,False,True,0.017012150315293063,0.015132354700343522,0.03417810208999095
2004-11-22,SP500,Strong Buy,1.0,1177.24,False,True,-0.00014440555876462976,0.005521389011586423,0.01997043933267642
2004-11-23,SP500,Strong Buy,1.0,1176.94,False,True,0.004987509983516484,0.009303787788672357,0.020944143286828438
2004-11-24,SP500,Strong Buy,1.0,1181.76,False,True,0.006329542377470907,0.0037486460871920388,0.0020308692120228227
2004-11-26,SP500,Strong Buy,1.0,1182.65,False,True,0.004523739060584204,0.00642624614213834,0.006891303428740425
2004-11-29,SP500,Strong Buy,1.0,1178.57,False,True,0.017063050985516456,0.003750307576130457,0.018352749518484358
2004-11-30,SP500,Strong Buy,1.0,1173.82,False,True,0.025182736705798313,0.011824640915983805,0.03198957250685791
2004-12-01,SP500,Strong Buy,1.0,1191.37,False,True,0.012044956646549886,-0.011684027632053725,0.010265492668104803
2004-12-02,SP500,Strong Buy,0.9999999999999999,1190.33,False,True,0.010820528760931935,-0.004880999386724644,0.016869271546546046
2004-12-03,SP500,Strong Buy,0.9999999999999999,1191.17,False,True,0.0025437175214284885,0.0040380466264260725,0.015875147963766593
2004-12-06,SP500,Strong Buy,0.9999999999999999,1190.25,False,True,0.003696702373451032,-0.004721697122453175,0.016988027725267824
2004-12-07,SP500,Strong Buy,0.9999999999999999,1177.07,False,True,0.02411071559040678,-0.0014102814615951937,0.038272999906547575
2004-12-08,SP500,Strong Buy,0.9999999999999999,1182.81,False,True,0.02262409009054708,-0.012630938189565573,0.035931383738723885
2004-12-09,SP500,Strong Buy,1.0,1189.24,False,True,0.01756584036863888,-0.021433856917022643,0.025385960781675737
2004-12-10,SP500,Strong Buy,0.9999999999999999,1188.0,False,True,0.014242424242424303,-0.016489898989898923,0.016001683501683493
2004-12-13,SP500,Strong Buy,0.9999999999999999,1198.68,False,True,0.012396970000333617,-0.02053091734241009,0.008818033169820081
2004-12-14,SP500,Strong Buy,1.0,1203.38,False,True,0.008368096528112429,-0.023957519652977575,-0.0027422759228175487
2004-12-15,SP500,Strong Buy,1.0,1205.72,False,True,0.006494045051919125,-0.028497495272534357,0.0009206117506551271
2004-12-16,SP500,Strong Buy,1.0,1203.21,False,True,0.007238969091014898,-0.018234555896310747,-0.004537861221233231
2004-12-17,SP500,Strong Buy,0.9999999999999999,1194.2,False,True,0.0065985597052419034,-0.004011053424886923,-0.005133143527047487
2004-12-20,SP500,Strong Buy,1.0,1194.65,False,True,-0.005524630644958888,-0.0012221152638848501,-0.0037165697066086755
2004-12-21,SP500,Strong Buy,1.0,1205.45,False,True,-0.018009871832095927,-0.012908042639678083,-0.013107138413040734
2004-12-22,SP500,Strong Buy,1.0,1209.57,False,True,-0.017923724960109657,-0.005406880130955599,-0.02132162669378371
2004-12-23,SP500,Strong Buy,1.0,1210.13,False,True,-0.01978299852082012,-0.006949666564749309,-0.03174865510317079
2004-12-27,SP500,Strong Buy,1.0,1204.92,False,True,-0.012175082163131222,-0.00217441821863702,-0.02688145271055348
2004-12-28,SP500,Strong Buy,1.0,1213.54,False,True,-0.025174283501161854,-0.017757964302783556,-0.03470837384841035
2004-12-29,SP500,Strong Buy,1.0,1213.45,False,True,-0.021220487041081215,-0.013548147842927235,-0.0322798631999671
2004-12-30,SP500,Strong Buy,1.0,1213.55,False,True,-0.02974743521074526,-0.006798236578632937,-0.039709941905978374
2004-12-31,SP500,Strong Buy,1.0,1211.92,False,True,-0.022608753053006872,-0.0047692917024225795,-0.025174929038220335
2005-01-03,SP500,Strong Buy,1.0,1202.08,False,True,-0.005074537468388052,0.006688406761613174,-0.017877345933714903
2005-01-04,SP500,Strong Buy,1.0,1188.05,False,True,-0.002878666722780898,0.018761836623037723,-0.012735154244349886
2005-01-05,SP500,Strong Buy,1.0,1183.74,False,True,-0.0070370182641457816,0.014369709564600326,-0.006437224390491255
2005-01-06,SP500,Strong Buy,1.0,1187.89,False,True,-0.01685341235299582,0.01153305440739447,-0.005471887127595989
2005-01-07,SP500,Strong Buy,1.0,1186.19,False,True,-0.01891771132786489,-0.00171136158625513,-0.0017872347600301117
2005-01-10,SP500,Strong Buy,1.0,1190.25,False,True,-0.018349086326401948,0.0004620877966813313,0.0007477420709935728
2005-01-11,SP500,Strong Buy,1.0,1182.99,False,True,-0.007540215893625536,0.014547882906871602,-0.0015131150728239153
2005-01-12,SP500,Strong Buy,1.0,1187.7,False,True,-0.011071819483034512,0.019929275069461853,-0.005464342847520425
2005-01-13,SP500,Strong Buy,1.0,1177.45,False,True,-0.005172194148371604,0.022209010998343763,0.008756210454796335
2005-01-14,SP500,Strong Buy,1.0,1184.52,False,True,-0.0027437274170127985,0.021856954715834348,-0.009058521595245348
2005-01-18,SP500,Strong Buy,1.0,1195.98,False,True,-0.005493402899713989,0.011789494807605402,-0.028370039632769833
2005-01-19,SP500,Strong Buy,1.0,1184.63,False,True,0.0072258848754462954,0.021812717895038886,-0.03546254948802598
2005-01-20,SP500,Strong Buy,1.0,1175.41,False,True,0.012319105673764914,0.039739325001488676,-0.025038071821747356
2005-01-21,SP500,Strong Buy,1.0,1167.87,False,True,0.030106090575149704,0.049183556388981704,-0.012920958668344867
2005-01-24,SP500,Strong Buy,1.0,1163.75,False,True,0.032627282491944166,0.04784532760472616,-0.022556390977443608
2005-01-25,SP500,Strong Buy,1.0,1168.41,False,True,0.02900522932874579,0.03303634854203568,-0.007240609032788179
2005-01-26,SP500,Strong Buy,1.0,1174.07,False,True,0.01526314444624262,0.02996414183140704,-0.018695648470704512
2005-01-27,SP500,Strong Buy,1.0,1174.55,False,True,0.019122217019284012,0.02173598399386997,-0.01059980418032442
2005-01-28,SP500,Strong Buy,1.0,1171.36,False,True,0.028974866821472524,0.030281040841415134,-0.016672927195738266
2005-01-31,SP500,Strong Buy,1.0,1181.27,False,True,0.02105361179069994,0.01395108654245009,-0.021070542720969695
2005-02-01,SP500,Strong Buy,1.0,1189.41,False,True,0.01741199418198923,-0.001126608991012473,-0.038834380070791444
2005-02-02,SP500,Strong Buy,1.0,1193.19,False,True,0.014373234774009053,-0.0024975066837637076,-0.030456172110058032
2005-02-03,SP500,Strong Buy,1.0,1189.89,False,True,0.009126894082646211,-0.00020169931674357216,-0.023304675222079366
2005-02-04,SP500,Strong Buy,1.0,1203.03,False,True,-0.0011969776314805572,-0.016001263476388784,-0.03479547475956535
2005-02-07,SP500,Strong Buy,1.0,1201.72,False,True,-0.014612388909230058,-0.0249725393602503,-0.021693905402256713
2005-02-08,SP500,Strong Buy,1.0,1202.3,False,True,-0.009565000415869584,-0.024760874989603245,-0.024677701072943398
2005-02-09,SP500,Strong Buy,1.0,1191.99,False,True,0.006887641674846296,-0.017256856181679322,-0.017315581506556346
2005-02-10,SP500,Strong Buy,1.0,1197.01,False,True,0.011996558090575602,-0.018988980877352752,-0.015179488893158849
2005-02-11,SP500,Strong Buy,1.0,1205.3,False,True,-0.001410437235543056,-0.03313697834564014,-0.03242346303824768
2005-02-14,SP500,Strong Buy,1.0,1206.14,False,True,0.003540219211700119,-0.020503424146450674,-0.029043062994345763
2005-02-15,SP500,Strong Buy,1.0,1210.12,False,True,-3.305457310015835e-05,-0.024402538591214076,-0.04194625326413909
2005-02-16,SP500,Strong Buy,1.0,1210.34,False,True,0.00010740783581481993,-0.030916932432209006,-0.04650759290777795
2005-02-17,SP500,Strong Buy,1.0,1200.75,False,True,0.017797210077035094,-0.02051217988757036,-0.02919841765563185
2005-02-18,SP500,Strong Buy,1.0,1201.59,False,True,0.019740510490267087,-0.01681105868058141,-0.023127689145215895
2005-02-22,SP500,Strong Buy,1.0,1184.16,False,True,0.029784826374814197,-7.600324280514923e-05,0.0011822726658558501
2005-02-23,SP500,Strong Buy,1.0,1190.8,False,True,0.013612697346321832,0.00028552233792420687,0.0002351360429962821
2005-02-24,SP500,Strong Buy,1.0,1200.2,False,True,0.007540409931678016,-0.015830694884185967,-0.009098483586069048
2005-02-25,SP500,Strong Buy,1.0,1211.37,False,True,-0.009320026086166873,-0.024897430182355396,-0.01445470830547231
2005-02-28,SP500,Strong Buy,1.0,1203.6,False,True,0.002683615819209055,-0.013160518444665936,-0.007917912927882995
2005-03-01,SP500,Strong Buy,1.0,1210.41,False,True,-0.01045926586859005,-0.03025421138291993,-0.016853793342751704
2005-03-02,SP500,Strong Buy,1.0,1210.08,False,True,-0.018188880074044685,-0.03969159063863544,-0.01029683987835518
2005-03-03,SP500,Strong Buy,1.0,1210.47,False,True,-0.0167373003874528,-0.056052607664791476,-0.009657405801052529
2005-03-04,SP500,Strong Buy,1.0,1222.12,False,True,-0.02656858573626142,-0.062301574313487935,-0.025054822766994972
2005-03-07,SP500,Strong Buy,1.0,1225.31,False,True,-0.03389346369490168,-0.0591931837657409,-0.018844210852763724
2005-03-08,SP500,Strong Buy,1.0,1219.43,False,True,-0.03913303756673202,-0.06718712841245505,-0.012415636813921339
2005-03-09,SP500,Strong Buy,1.0,1207.01,False,True,-0.02856645761012752,-0.03898890647136308,-0.009105144116453062
2005-03-10,SP500,Strong Buy,1.0,1209.25,False,True,-0.031283853628281934,-0.04724415960305984,-0.009708497002274144
2005-03-11,SP500,Strong Buy,1.0,1200.08,False,True,-0.021498566762215815,-0.0316478901406573,-0.0023498433437770284
2005-03-14,SP500,Strong Buy,1.0,1206.83,False,True,-0.034362752003181916,-0.04557394164878235,-0.010075984189985213
2005-03-15,SP500,Strong Buy,1.0,1197.75,False,True,-0.013642245877687262,-0.03453976205385088,0.0026549780839073794
2005-03-16,SP500,Strong Buy,1.0,1188.07,False,True,-0.006295925324265421,-0.03775030090819557,0.008450680515457814
2005-03-17,SP500,Strong Buy,1.0,1190.21,False,True,-0.014526848203258218,-0.02802866720998826,0.008914393258332478
2005-03-18,SP500,Strong Buy,1.0,1189.65,False,True,-0.011373092926491152,-0.023107636699869715,0.01198671878283528
2005-03-21,SP500,Strong Buy,1.0,1183.78,False,True,-0.0020189562249741276,-0.01909983273919132,0.019260335535319025
2005-03-22,SP500,Strong Buy,1.0,1171.71,False,True,0.010548685254883802,0.003362606788369182,0.033498049858753445
2005-03-23,SP500,Strong Buy,1.0,1172.53,False,True,0.015871662132312288,8.528566433279867e-05,0.03789242066301081
2005-03-24,SP500,Strong Buy,1.0,1171.42,False,True,0.008348841576889563,-5.9756534804052946e-05,0.03814174250055474
2005-03-28,SP500,Strong Buy,1.0,1174.28,False,True,0.005901488571720598,0.0038832305753312203,0.03349286371223212
2005-03-29,SP500,Strong Buy,1.0,1165.36,False,True,0.019221528111484944,0.0007379693828517603,0.041635202855770076
2005-03-30,SP500,Strong Buy,1.0,1181.41,False,True,-0.006449920010834611,-0.008718395815170163,0.01635334049991107
2005-03-31,SP500,Strong Buy,1.0,1180.59,False,True,-0.01570401240057934,-0.017982534156650506,0.00930043452849848
2005-04-01,SP500,Strong Buy,1.0,1172.92,False,True,-0.025832963885005097,-0.01608805374620615,0.015150223374143148
2005-04-04,SP500,Strong Buy,1.0,1176.12,False,True,-0.025626636737747743,-0.008868142706526406,0.021638948406625214
2005-04-05,SP500,Strong Buy,1.0,1181.39,False,True,-0.024217235629216537,-0.0064246353871288435,0.015625661297285237
2005-04-06,SP500,Strong Buy,1.0,1184.07,False,True,-0.039330444990583274,0.0012583715489793755,0.006131394258785368
2005-04-07,SP500,Strong Buy,1.0,1191.14,False,True,-0.026184999244421355,-5.0371912621667307e-05,0.0027704551941836845
2005-04-08,SP500,Strong Buy,1.0,1181.2,False,True,-0.024619031493396677,0.006840501185235292,0.020140535049102577
2005-04-11,SP500,Strong Buy,1.0,1181.21,False,True,-0.016178325615259035,0.010709357353899699,0.01162367402917349
2005-04-12,SP500,Strong Buy,1.0,1187.76,False,True,-0.030250218899441017,0.005312521048023123,0.008511820569812
2005-04-13,SP500,Strong Buy,1.0,1173.79,False,True,-0.014832295385034678,0.013818485419027277,0.03243339950076243
2005-04-14,SP500,Strong Buy,1.0,1162.05,False,True,-0.01620412202573033,0.03060969837786665,0.04938685942945665
2005-04-15,SP500,Strong Sell,-0.7669233829714821,1142.62,True,False,0.012453834170590414,0.04915019866622332,0.06965570355848852
2005-04-18,SP500,Hold,-0.37989666981577974,1145.98,True,False,0.014118920050960805,0.03972146110752368,0.06746191033002316
2005-04-19,SP500,Hold,0.37266800043719683,1152.78,False,False,0.007278058259164889,0.04288762816842768,0.06394975624143377
2005-04-20,SP500,Mild Sell,-0.65,1137.5,True,False,0.03353846153846162,0.05871648351648349,0.07949010989010995
2005-04-21,SP500,Strong Buy,1.0,1159.95,False,True,0.010931505668347828,0.031096167938273144,0.052743652743652794
2005-04-22,SP500,Hold,0.09988701858053498,1152.12,False,False,0.01669096969065724,0.03939693781897728,0.06703294795681007
2005-04-25,SP500,Strong Buy,1.0,1162.1,False,True,0.014404956544187256,0.030255571809655008,0.06290336459857167
2005-04-26,SP500,Hold,0.03190985799544535,1151.83,False,False,0.012493163053575703,0.037192988548657484,0.06529609404165548
2005-04-27,SP500,Mild Buy,0.5073052901297509,1156.38,False,True,0.01273802729206644,0.03852539822549677,0.0668465383351493
2005-04-28,SP500,Mild Sell,-0.6118019385157509,1143.22,True,False,0.014118017529434293,0.04801350571193635,0.07505991847588386
2005-04-29,SP500,Mild Buy,0.6524680138026812,1156.85,False,True,-0.002420365648096084,0.03800838483813807,0.06423477546786548
2005-05-02,SP500,Strong Buy,1.0,1162.16,False,True,0.0030374475115302305,0.035924485440903146,0.06421663110070892
2005-05-03,SP500,Strong Buy,0.9171106960662494,1161.17,False,True,0.01087696030727618,0.03910710748641444,0.07109208815246687
2005-05-04,SP500,Strong Buy,1.0,1175.65,False,True,0.008429379492195683,0.03003444902819712,0.049785225194573186
2005-05-05,SP500,Strong Buy,1.0,1172.63,False,True,0.015733863196404508,0.03780391086702534,0.053486607028644835
2005-05-06,SP500,Strong Buy,1.0,1171.35,False,True,0.015307124258334456,0.03820378196098519,0.062124898621248974
2005-05-09,SP500,Strong Buy,1.0,1178.84,False,True,0.012741338943368043,0.02949509687489395,0.05615690000339321
2005-05-10,SP500,Strong Buy,1.0,1166.22,False,True,0.02388057141877168,0.040867074822932274,0.05971429061412072
2005-05-11,SP500,Strong Buy,1.0,1171.11,False,True,0.01613853523580201,0.025292244110288634,0.04722869756043427
2005-05-12,SP500,Mild Buy,0.44194760667965605,1159.36,False,True,0.03300096605023461,0.027782569693624103,0.055004485233232314
2005-05-13,SP500,Mild Sell,-0.46300694366157535,1154.05,False,False,0.038759152549716236,0.03174905766647901,0.06700749534248963
2005-05-16,SP500,Strong Buy,1.0,1165.69,False,True,0.022141392651562546,0.030780053015810275,0.054422702433751725
2005-05-17,SP500,Strong Buy,0.9999999999999999,1173.8,False,True,0.024211961151814683,0.022192877832680147,0.05453228829442835
2005-05-18,SP500,Strong Buy,1.0,1185.56,False,True,0.015798441242956932,0.0048668983433988846,0.03781335402678916
2005-05-19,SP500,Strong Buy,1.0,1191.08,False,True,0.004147496389831124,0.0028209692044196253,0.03592537864794973
2005-05-20,SP500,Strong Buy,1.0,1189.28,False,True,0.006920153370106298,0.013209673079510324,0.02527579712094708
2005-05-23,SP500,Strong Buy,1.0,1193.86,False,True,0.0028479051145026144,0.0009046286834303476,0.02209639321193449
2005-05-24,SP500,Strong Buy,1.0,1194.07,False,True,0.0005024831040057421,0.0031823929920356047,0.02089492240823406
2005-05-25,SP500,Strong Buy,1.0,1190.01,False,True,0.00917639347568514,0.01836119024209873,0.024957773464088576
2005-05-26,SP500,Strong Buy,1.0,1197.62,False,True,0.0004091448038609986,0.018219468612748757,0.020131594328752132
2005-05-27,SP500,Strong Buy,1.0,1198.78,False,True,0.0017017300922604346,0.019544870618462155,0.01569095246834277
2005-05-31,SP500,Strong Buy,1.0,1191.5,False,True,0.010415442719261503,0.02668065463701214,0.015182543013008743
2005-06-01,SP500,Strong Buy,1.0,1202.22,False,True,0.003626624078787493,0.020195970787376664,0.008442714311856286
2005-06-02,SP500,Strong Buy,1.0,1204.29,False,True,0.005538533077581042,0.01962151973361907,0.0006725954711904486
2005-06-03,SP500,Strong Buy,1.0,1196.02,False,True,0.01750806842694943,0.020994632196786114,0.013595090383103954
2005-06-06,SP500,Strong Buy,1.0,1197.51,False,True,0.015523878715000224,0.026588504480129536,0.009102220440747962
2005-06-07,SP500,Strong Buy,1.0,1197.26,False,True,0.013656181614686793,0.03168902326979942,0.019268997544392978
2005-06-08,SP500,Strong Buy,1.0,1194.67,False,True,0.016079754241757168,0.027095348506281976,0.02253341927059342
2005-06-09,SP500,Strong Buy,1.0,1200.93,False,True,-0.00016653760002668388,0.027270532004363284,0.014230637922276834
2005-06-10,SP500,Strong Buy,1.0,1198.11,False,True,-0.005458597290732874,0.025807313184932998,0.029446378045421707
2005-06-13,SP500,Strong Buy,1.0,1200.82,False,True,-0.008435902133541982,0.025266068186739186,0.02959644243100545
2005-06-14,SP500,Strong Buy,1.0,1203.91,False,True,-0.001943666885398531,0.02731101162046987,0.02305820202506831
2005-06-15,SP500,Strong Buy,1.0,1206.58,False,True,-0.005577748678081866,0.030781216330454757,0.028924729400454253
2005-06-16,SP500,Strong Buy,1.0,1210.96,False,True,-0.016210279447710998,0.019174869525004978,0.024443416793287893
2005-06-17,SP500,Strong Buy,1.0,1216.96,False,True,-0.018505127530896646,0.015111425190638864,0.011701288456481732
2005-06-20,SP500,Strong Buy,1.0,1216.1,False,True,-0.009135761861688924,0.023040868349642286,0.00909464682180756
2005-06-21,SP500,Strong Buy,1.0,1213.61,False,True,-0.015383854780365889,0.02589794085414595,0.011634709667850561
2005-06-22,SP500,Strong Buy,1.0,1213.88,False,True,-0.01318911259762103,0.018107226414472426,0.01979602596632284
2005-06-23,SP500,Strong Buy,1.0,1200.73,False,True,0.009269361138640561,0.02139531784830899,0.025226320654934884
2005-06-24,SP500,Strong Buy,1.0,1191.57,False,True,0.023389309902062085,0.026486064603842136,0.02498384484335791
2005-06-27,SP500,Strong Buy,1.0,1190.69,False,True,0.026472045620606524,0.03417346244614472,0.01638545717189192
2005-06-28,SP500,Strong Buy,1.0,1201.57,False,True,0.01807635010860793,0.022936657872616804,0.010860790465807199
2005-06-29,SP500,Strong Buy,1.0,1199.85,False,True,0.022211109722048667,0.03163728799433266,0.012868275201066846
2005-06-30,SP500,Strong Buy,1.0,1191.33,False,True,0.030713572225999637,0.03278688524590179,0.020397371005515
2005-07-01,SP500,Strong Buy,1.0,1194.44,False,True,0.022345199423997902,0.033011285623388224,0.017765647500083744
2005-07-05,SP500,Strong Buy,0.9999999999999999,1204.99,False,True,0.02021593540195346,0.01190881252126566,0.009875600627391174
2005-07-06,SP500,Strong Buy,1.0,1194.94,False,True,0.03369206822099854,0.021172611177130193,0.02739886521498988
2005-07-07,SP500,Strong Buy,1.0,1197.87,False,True,0.02435155734762543,0.017656340003506302,0.025829180128060687
2005-07-08,SP500,Strong Buy,1.0,1211.86,False,True,0.018005380159424492,0.00647764593269861,0.012245638935190655
2005-07-11,SP500,Strong Buy,1.0,1219.44,False,True,0.007864265564521352,0.0018779111723413726,-0.004075641277963678
2005-07-12,SP500,Strong Buy,1.0,1222.21,False,True,0.007322800500732317,-0.0037800378003781006,-0.021125665802112514
2005-07-13,SP500,Strong Buy,1.0,1223.29,False,True,0.011035813257690328,-0.011199306787433925,-0.025995471229226068
2005-07-14,SP500,Strong Buy,1.0,1226.5,False,True,0.014039951080309847,-0.011520587036282193,-0.02494904198940066
2005-07-15,SP500,Strong Buy,1.0,1227.92,False,True,0.00509805199035767,-0.01858427259104841,-0.033055899407127616
2005-07-18,SP500,Strong Buy,1.0,1221.13,False,True,0.011644951806932757,-0.007247385618238955,-0.02969380819404995
2005-07-19,SP500,Strong Buy,1.0,1229.35,False,True,0.012014479196323246,-0.017033391629722883,-0.04203034123723907
2005-07-20,SP500,Strong Buy,1.0,1235.2,False,True,0.00796632124352325,-0.012038536269430147,-0.047247409326424974
2005-07-21,SP500,Strong Buy,1.0,1227.04,False,True,0.0071880297300820975,-0.00444158299647937,-0.03298180988394839
2005-07-22,SP500,Strong Buy,1.0,1233.68,False,True,-0.005884832371441533,-0.012693729330134297,-0.03532520588807483
2005-07-25,SP500,Strong Buy,1.0,1229.03,False,True,-0.00480053375426138,0.0035475130794204598,-0.0414066377549774
2005-07-26,SP500,Strong Buy,1.0,1231.16,False,True,0.0001786932648884201,0.004223658988271076,-0.028753370804769557
2005-07-27,SP500,Strong Buy,1.0,1236.79,False,True,-0.006193452405016094,-0.004139748866015969,-0.04769605187622799
2005-07-28,SP500,Strong Buy,1.0,1243.72,False,True,-0.004751873412022064,-0.0018010484675007308,-0.0515630527771525
2005-07-29,SP500,Strong Buy,1.0,1234.18,False,True,-0.0030708648657407863,0.005169424233093942,-0.02819685945324017
2005-08-01,SP500,Strong Buy,1.0,1235.35,False,True,-0.001198041041000541,-0.0033593718379405545,-0.03141619783866916
2005-08-02,SP500,Strong Buy,1.0,1244.12,False,True,-0.019917692827058464,-0.013632125518438584,-0.04239140918882406
2005-08-03,SP500,Strong Buy,1.0,1245.04,False,True,-0.01991903874574307,-0.013903167769710166,-0.05312279123562285
2005-08-04,SP500,Strong Buy,1.0,1235.86,False,True,-0.01362613888304494,0.0016587639376629893,-0.030302785105108847
2005-08-05,SP500,Strong Buy,1.0,1226.42,False,True,-0.005471208884395261,0.0037507542277522453,-0.015826552078407136
2005-08-08,SP500,Strong Buy,1.0,1223.13,False,True,-0.001144604416537973,-0.0014634585040021837,-0.016653994260626522
2005-08-09,SP500,Strong Buy,1.0,1231.38,False,True,-0.011198817586772719,-0.01720021439360722,-0.013497052087901473
2005-08-10,SP500,Strong Buy,1.0,1229.13,False,True,-0.01589742338076541,-0.011805097914785432,-0.00747683320722792
2005-08-11,SP500,Strong Buy,1.0,1237.81,False,True,-0.02055242727074434,-0.01819342225381923,-0.014275211866118262
2005-08-12,SP500,Strong Buy,1.0,1230.39,False,True,-0.02055445834247693,-0.011996196327993555,-0.006160648249742077
2005-08-15,SP500,Strong Buy,1.0,1233.87,False,True,-0.017497791501535753,-0.014758442947798238,-0.012383800562457936
2005-08-16,SP500,Strong Buy,1.0,1219.34,False,True,-0.008963865697836401,-0.0020092837108598243,0.0010743516984599644
2005-08-17,SP500,Strong Buy,1.0,1220.24,False,True,7.375598242961889e-05,0.006097161214187418,0.008785157018291505
2005-08-18,SP500,Strong Buy,1.0,1219.02,False,True,0.0021082508900591755,0.008031041328280064,0.01287919804433073
2005-08-19,SP500,Strong Buy,1.0,1219.71,False,True,-0.0013855752596929225,0.005730870452812561,0.011519131596854953
2005-08-22,SP500,Strong Buy,1.0,1221.73,False,True,0.009543843566090775,-0.00594239316379232,0.005958763392893661
2005-08-23,SP500,Strong Buy,1.0,1217.59,False,True,0.01541569822353993,-0.017411443917903252,0.011186031422728603
2005-08-24,SP500,Strong Buy,1.0,1209.59,False,True,0.01825411916434507,-0.01496374804685878,0.027455584123546026
2005-08-25,SP500,Strong Buy,1.0,1212.37,False,True,0.024010821778830002,-0.013584961686613658,0.02961142225558212
2005-08-26,SP500,Strong Buy,1.0,1205.1,False,True,0.029424943988050817,-0.014745664260227354,0.041282881088706334
2005-08-29,SP500,Strong Buy,1.0,1212.28,False,True,0.015606955488831023,-0.022610288052265223,0.040378460421684796
2005-08-30,SP500,Strong Buy,1.0,1208.41,False,True,0.015516256899562233,-0.025430110641255877,0.04733492771493104
2005-08-31,SP500,Strong Buy,1.0,1220.33,False,True,0.006063933526177421,-0.03563790122343957,0.03926806683438092
2005-09-01,SP500,Strong Buy,1.0,1221.59,False,True,0.013359637849032952,-0.02866755621771624,0.029363370689020146
2005-09-02,SP500,Strong Buy,1.0,1218.02,False,True,0.010673059555672321,-0.022922447907259384,0.03239684077437155
2005-09-06,SP500,Strong Buy,1.0,1233.39,False,True,-0.009769821386585087,-0.04479523913766124,0.01304534656515775
2005-09-07,SP500,Strong Buy,1.0,1236.36,False,True,-0.021158885761428593,-0.03283833187744663,0.022897861464298567
2005-09-08,SP500,Strong Buy,1.0,1231.67,False,True,-0.013842993659015954,-0.04373736471619843,0.027125772325379244
2005-09-09,SP500,Strong Buy,1.0,1241.48,False,True,-0.02109578889712283,-0.04985178979927192,0.01660115346199689
2005-09-12,SP500,Strong Buy,1.0,1240.56,False,True,-0.02009576320371432,-0.03319468627071632,0.01865286644741093
2005-09-13,SP500,Strong Buy,1.0,1231.2,False,True,-0.012621832358674433,-0.0281513970110462,0.02125568551007135
2005-09-14,SP500,Strong Buy,1.0,1227.16,False,True,-0.008368916848658677,-0.02915675217575538,0.0233710355617848
2005-09-15,SP500,Strong Buy,1.0,1227.73,False,True,-4.072556669622354e-05,-0.039772588435568024,0.02577113860539359
2005-09-16,SP500,Strong Buy,1.0,1237.91,False,True,-0.0073510998376296625,-0.03190862017432608,0.018191952565210702
2005-09-19,SP500,Strong Buy,1.0,1231.02,False,True,-0.0035092849831846245,-0.019504151029227788,0.02957709866614684
2005-09-20,SP500,Strong Buy,1.0,1221.34,False,True,-0.005624969296019038,-0.015212799056773649,0.04208492311723197
2005-09-21,SP500,Strong Buy,1.0,1210.2,False,True,-0.011411336969095971,0.0037679722359940052,0.05019005123120146
2005-09-22,SP500,Strong Buy,1.0,1214.62,False,True,-0.01904299287019799,0.004379970690421831,0.04338805552353827
2005-09-23,SP500,Strong Buy,1.0,1215.29,False,True,-0.01595503953788797,0.003990817006640503,0.036723744949765165
2005-09-26,SP500,Strong Buy,1.0,1215.63,False,True,-0.023280109901861735,0.0059064024415322386,0.0361869976884412
2005-09-27,SP500,Strong Buy,1.0,1215.66,False,True,-0.025327805471924873,0.0024102133820310253,0.038769063718473815
2005-09-28,SP500,Strong Buy,1.0,1216.89,False,True,-0.032221482631955255,0.0030898437821002644,0.04209912153111603
2005-09-29,SP500,Strong Buy,1.0,1227.68,False,True,-0.0414114427212304,0.002671705982014835,0.033380033885051494
2005-09-30,SP500,Strong Buy,1.0,1228.81,False,True,-0.03437472025781041,0.004809531172435187,0.02256654812379458
2005-10-03,SP500,Strong Buy,1.0,1226.7,False,True,-0.02983614575690889,0.0057552783891741625,0.025654194179506012
2005-10-04,SP500,Strong Buy,1.0,1214.47,False,True,-0.02991428359695993,0.011972300674368212,0.03289500769883163
2005-10-05,SP500,Hold,-0.2989558148330581,1196.39,False,False,-0.0005265841406231321,0.029104221867451194,0.043380503013231354
2005-10-06,SP500,Mild Sell,-0.4515380558973411,1191.49,True,False,-0.011489815273313293,0.04306372693014624,0.06488514381153006
2005-10-07,SP500,Hold,-0.2702510284687266,1195.9,False,False,-0.013638264068902225,0.04379128689689764,0.064854920980015
2005-10-10,SP500,Strong Sell,-0.75,1187.33,True,False,0.010148821304944862,0.05686708834106776,0.07255775563659647
2005-10-11,SP500,Strong Sell,-0.75,1184.87,True,False,0.009849181766776164,0.06444588857849395,0.08488694962316555
2005-10-12,SP500,Strong Sell,-0.75,1177.68,True,False,0.011633041233611885,0.07466374566945166,0.09550132463827188
2005-10-13,SP500,Strong Sell,-0.75,1176.84,True,False,0.0017504503585875505,0.07767411032935666,0.09589238978960618
2005-10-14,SP500,Strong Sell,-1.0,1186.57,False,False,0.009978340932267078,0.059743630801385596,0.09068997193591624
2005-10-17,SP500,Strong Sell,-1.0,1190.1,False,False,0.01420889000924299,0.056617091000756334,0.08063187967397702
2005-10-18,SP500,Strong Sell,-0.75,1178.14,True,False,0.020897346665082153,0.06055307518631055,0.09291764985485579
2005-10-19,SP500,Hold,0.10092517685939234,1195.76,False,False,0.01588947614906001,0.05762862112798562,0.07289924399545065
2005-10-20,SP500,Strong Sell,-0.95,1177.8,True,False,0.0357785702156564,0.07410426218373237,0.08501443368993047
2005-10-21,SP500,Strong Sell,-0.95,1179.59,True,False,0.03437635110504513,0.06993955526920372,0.0893954679168186
2005-10-24,SP500,Hold,0.08278411428144852,1199.38,False,True,0.01953509313145111,0.0536277076489519,0.05178508896263061
2005-10-25,SP500,Hold,-0.22621897376772537,1196.54,False,False,0.01842813445434332,0.0508382502883313,0.05622879301987395
2005-10-26,SP500,Strong Sell,-0.8210001202549326,1191.38,False,False,0.024568147862143043,0.05410532323859709,0.06335510080746679
2005-10-27,SP500,Strong Sell,-0.95,1178.9,True,False,0.04415980999236571,0.06825854610229858,0.07276274493171597
2005-10-28,SP500,Hold,0.1174943011665934,1198.41,False,False,0.030298478817766827,0.05175190460693751,0.06293338673742696
2005-10-31,SP500,Strong Buy,0.7140758587786362,1207.01,True,True,0.022162202467253794,0.05005758030173741,0.06355374023413231
2005-11-01,SP500,Mild Buy,0.4195192646074972,1202.76,False,True,0.02182480295320762,0.05818284612058933,0.0685340383783964
2005-11-02,SP500,Strong Buy,0.9499999999999998,1214.76,False,True,0.013541769567651261,0.04624781849912745,0.05377193848990742
2005-11-03,SP500,Strong Buy,1.0,1219.94,False,True,0.018738626489827284,0.03883797563814604,0.0512484220535436
2005-11-04,SP500,Strong Buy,1.0,1220.14,False,True,0.02305473142426269,0.03260281607028699,0.04155260871703232
2005-11-07,SP500,Strong Buy,1.0,1222.81,False,True,0.02620194470113915,0.03010279601900536,0.033709243463825145
2005-11-08,SP500,Strong Buy,1.0,1218.59,False,True,0.03499126039110784,0.036271428454197105,0.03810141228797222
2005-11-09,SP500,Strong Buy,1.0,1220.65,False,True,0.036832834964977516,0.03888911645434793,0.027960512841518764
2005-11-10,SP500,Strong Buy,1.0,1230.96,False,True,0.030293429518424612,0.03062650289205177,0.028181256905179742
2005-11-11,SP500,Strong Buy,1.0,1234.72,False,True,0.01841713100945964,0.01767202280679015,0.023535700401710463
2005-11-14,SP500,Strong Buy,1.0,1233.76,False,True,0.019225781351316324,0.019785047334976075,0.02693392556088706
2005-11-15,SP500,Strong Buy,1.0,1229.01,False,True,0.016655682215767183,0.020675177581956274,0.027542493551720417
2005-11-16,SP500,Strong Buy,1.0,1231.21,False,True,0.02717651740970268,0.013872531899513428,0.03599710853550567
2005-11-17,SP500,Strong Buy,1.0,1242.8,False,True,0.017927261023495313,0.02092050209205021,0.029932410685548798
2005-11-18,SP500,Strong Buy,1.0,1248.27,False,True,0.011071322710631463,0.020179929021766168,0.03293358007482366
2005-11-21,SP500,Strong Buy,1.0,1254.85,False,True,0.007052635773200093,0.014846395983583784,0.02581185002191505
2005-11-22,SP500,Strong Buy,1.0,1261.23,False,True,-0.0030605044282170004,0.019203475971868753,0.01728471412827157
2005-11-23,SP500,Strong Buy,1.0,1265.61,False,True,-0.007719597664367367,0.019389859435371238,0.021380994145115934
2005-11-25,SP500,Strong Buy,1.0,1268.25,False,True,-0.007001774098166851,0.016905184309087367,0.015407056968263326
2005-11-28,SP500,Strong Buy,1.0,1257.46,False,True,0.0023619041559970314,0.029201724110508507,0.025424267968762446
2005-11-29,SP500,Strong Buy,1.0,1257.48,False,True,0.007912650698221876,0.022727995673887398,0.02913764036008515
2005-11-30,SP500,Strong Buy,1.0,1249.48,False,True,0.018615744149566214,0.030516694945097067,0.024954381022505412
2005-12-01,SP500,Strong Buy,1.0,1264.67,False,True,0.004957815082195341,0.01443854918674436,0.02100943329089797
2005-12-02,SP500,Strong Buy,1.0,1265.08,False,True,0.0017706390109716455,0.010157460397761515,0.019018560091061572
2005-12-05,SP500,Strong Buy,1.0,1262.09,False,True,-0.001719370250932854,0.01818412316078889,0.01991934014214525
2005-12-06,SP500,Strong Buy,1.0,1263.7,False,True,-0.0032286143863259906,-0.0017488327925932075,0.011521721927672663
2005-12-07,SP500,Strong Buy,1.0,1257.37,False,True,0.004310584792066037,0.005129754964728001,0.014721203782498565
2005-12-08,SP500,Strong Buy,1.0,1255.84,False,True,0.009778315709007496,0.00877500318511911,0.01801981144094798
2005-12-09,SP500,Strong Buy,1.0,1259.37,False,True,0.00737670422512859,0.004216393911241473,0.010211454933816217
2005-12-12,SP500,Strong Buy,1.0,1260.43,False,True,-0.003086248343819252,0.010631292495418122,0.016653046976031996
2005-12-13,SP500,Strong Buy,1.0,1267.43,False,True,-0.00730612341509984,0.012852780824187499,0.013176270089866932
2005-12-14,SP500,Strong Buy,1.0,1272.74,False,True,-0.014394141772867936,0.009782045036692525,0.01943837704480099
2005-12-15,SP500,Strong Buy,1.0,1270.94,False,True,-0.01782145498607337,0.007191527530803871,0.025241160086235327
2005-12-16,SP500,Strong Buy,1.0,1267.32,False,True,0.0011678187040368795,0.011946469715620444,0.029992424959757593
2005-12-19,SP500,Strong Buy,1.0,1259.92,False,True,0.01074671407708423,0.008667216966156459,0.03756587719855223
2005-12-20,SP500,Strong Buy,1.0,1259.62,False,True,0.011003318461123297,0.0035010558739938095,0.03609024944030743
2005-12-21,SP500,Strong Buy,1.0,1262.79,False,True,0.01794439297111957,0.0017659309940687036,0.027272943244720068
2005-12-22,SP500,Strong Buy,1.0,1268.12,False,True,0.017372172980475192,-0.01051950919471337,0.029113963978172473
2005-12-23,SP500,Strong Buy,1.0,1268.66,False,True,0.016576545331294414,-0.002372582094493395,0.026019579714028965
2005-12-27,SP500,Strong Buy,1.0,1256.54,False,True,0.029955274006398604,0.005761853979976769,0.03693475734954724
2005-12-28,SP500,Strong Buy,1.0,1258.17,False,True,0.022167115731578303,0.007010181454016497,0.03452633586876163
2005-12-29,SP500,Strong Buy,1.0,1254.42,False,True,0.02645844294574371,0.006728209052789199,0.030938601106487416
2005-12-30,SP500,Strong Buy,1.0,1248.29,False,True,0.02774996194794487,0.021821852293938116,0.04373983609577914
2006-01-03,SP500,Strong Buy,0.9999999999999999,1268.8,False,True,0.007195775535939556,0.008827238335435092,0.024787200504413655
2006-01-04,SP500,Strong Buy,1.0,1273.46,False,True,0.009093336264978819,0.01250137420884839,0.016812463681623178
2006-01-05,SP500,Strong Buy,1.0,1273.48,False,True,-0.009415145899425204,0.010805038163143505,0.01910512925212797
2006-01-06,SP500,Strong Buy,1.0,1285.45,False,True,-0.01682679217394695,-0.0018826092030028961,0.015932163833676936
2006-01-09,SP500,Strong Buy,1.0,1290.15,False,True,-0.018052164476998946,0.0019532612486919984,0.016594969577180835
2006-01-10,SP500,Strong Buy,1.0,1289.69,False,True,-0.019392257054020725,-0.0014732222472067635,0.015003605517604934
2006-01-11,SP500,Strong Buy,1.0,1294.18,False,True,-0.01572424237741283,-0.003670277704801496,0.0010199508569132085
2006-01-12,SP500,Strong Buy,1.0,1286.06,False,True,-0.0018195107537750325,0.006267203707447511,0.008211125452933725
2006-01-13,SP500,Strong Buy,1.0,1287.61,False,True,-0.0018794510760244527,-0.005397597098500182,-0.0008076979830849121
2006-01-17,SP500,Strong Buy,1.0,1282.93,False,True,-0.002221477399390564,0.006477360417170029,0.0040454272641530144
2006-01-18,SP500,Strong Buy,1.0,1277.93,False,True,0.003544795098323048,0.008771998466269698,0.008756348156784664
2006-01-19,SP500,Strong Buy,1.0,1285.04,False,True,-0.011050239681255094,0.0017042271057710692,0.00022567390898334966
2006-01-20,SP500,Strong Buy,1.0,1261.49,False,True,0.0020134919817041464,0.013293803359519284,0.03629834560717878
2006-01-23,SP500,Strong Buy,1.0,1263.82,False,True,0.0009495023025431196,0.009542498140558128,0.036484625975218093
2006-01-24,SP500,Strong Buy,1.0,1266.86,False,True,-0.009535386704134575,0.009164390698261946,0.035205152897715725
2006-01-25,SP500,Strong Buy,1.0,1264.68,False,True,0.0007669924407755537,0.0059698896163456,0.03684726571148426
2006-01-26,SP500,Strong Buy,1.0,1273.83,False,True,-0.007889592802807247,0.00595840889286651,0.026910969281615266
2006-01-27,SP500,Strong Buy,1.0,1283.72,False,True,-0.013032436980026811,0.00031938428940896915,0.014037329012557241
2006-01-30,SP500,Strong Buy,1.0,1285.19,False,True,-0.017374862860744446,0.009562788381484421,0.015733082267991524
2006-01-31,SP500,Strong Buy,1.0,1280.08,False,True,-0.0035544653459158447,0.017920754952815494,0.023154802824823528
2006-02-01,SP500,Strong Buy,1.0,1282.46,False,True,-0.0019181884815121222,0.017832914866740397,0.02195000233925414
2006-02-02,SP500,Strong Buy,1.0,1270.84,False,True,0.01458877592773299,0.028650341506405278,0.027029366403323894
2006-02-03,SP500,Strong Buy,1.0,1264.03,False,True,0.01836190596742169,0.03247549504363026,0.03890730441524336
2006-02-06,SP500,Strong Buy,1.0,1265.02,False,True,0.014236929060410105,0.0254620480308612,0.034070607579326735
2006-02-07,SP500,Strong Buy,1.0,1254.78,False,True,0.030196528475111256,0.04005483032882257,0.04580085752084033
2006-02-08,SP500,Strong Buy,1.0,1265.65,False,True,0.01749298779283362,0.028459684746967945,0.0474933828467585
2006-02-09,SP500,Strong Buy,1.0,1263.78,False,True,0.020296254094858353,0.030994318631407423,0.04817294149298146
2006-02-10,SP500,Strong Buy,1.0,1266.99,False,True,0.021412955114089204,0.027324603982667495,0.045896179133221325
2006-02-13,SP500,Strong Buy,1.0,1262.86,False,True,0.014094990735315224,0.024048588125366328,0.047503286191660214
2006-02-14,SP500,Strong Buy,1.0,1275.53,False,True,0.012316448848713897,0.021449907097441948,0.023825390229943712
2006-02-15,SP500,Strong Buy,1.0,1280.0,False,True,0.007140625000000078,0.0158203125,0.008781250000000008
2006-02-16,SP500,Strong Buy,1.0,1289.38,False,True,-0.0016674680854364817,0.004257860366997922,0.003970900742992671
2006-02-17,SP500,Strong Buy,1.0,1287.24,False,True,-0.006976166060719072,0.008211366955657015,0.00375998259842758
2006-02-21,SP500,Strong Buy,1.0,1283.03,False,True,-0.005572745765882219,0.017848374550867938,-0.009906237578232805
2006-02-22,SP500,Strong Buy,1.0,1292.67,False,True,-0.010985015510532499,0.014613164999574425,-0.023873068919368537
2006-02-23,SP500,Strong Buy,1.0,1287.79,False,True,-0.012082715349552292,0.016501137607839788,-0.016120640787706062
2006-02-24,SP500,Strong Buy,1.0,1289.43,False,True,-0.006212047183639275,0.0047075064175643,-0.02121867802052079
2006-02-27,SP500,Strong Buy,1.0,1294.12,False,True,-0.007719531419033616,0.0019318146694278738,-0.029008129076128927
2006-02-28,SP500,Strong Buy,1.0,1280.66,False,True,0.013133852857120498,0.004614807989630233,-0.017248918526384945
2006-03-01,SP500,Strong Buy,1.0,1291.24,False,True,0.009123013537374906,-0.002416282023481396,-0.014218890368947601
2006-03-02,SP500,Strong Buy,0.9999999999999999,1289.14,False,True,0.012558760103634846,-1.5514218781675523e-05,-0.006965884232899466
2006-03-03,SP500,Strong Buy,0.9999999999999999,1287.23,False,True,0.015552776116156384,-0.001476037693341587,-0.021254942784117933
2006-03-06,SP500,Strong Buy,0.9999999999999999,1278.26,False,True,0.020981646926290377,0.022702736532473816,-0.00639150094659934
2006-03-07,SP500,Strong Buy,0.9999999999999999,1275.88,False,True,0.016733548609587034,0.026687462770793452,0.007704486315327402
2006-03-08,SP500,Strong Buy,1.0,1278.47,False,True,0.02078265426642779,0.025804281680446167,0.007626303315682026
2006-03-09,SP500,Strong Buy,0.9999999999999999,1272.23,False,True,0.023140469883590274,0.03069413549436812,-0.005454988484786599
2006-03-10,SP500,Strong Buy,1.0,1281.42,False,True,0.016801673143856014,0.020828455931700633,-0.01371135146946369
2006-03-13,SP500,Strong Buy,1.0,1284.13,False,True,0.013612328969808189,0.01371356482599106,-0.021789071199956402
2006-03-14,SP500,Strong Buy,1.0,1297.48,False,True,-0.0032755803557665626,0.00611184758146566,-0.030482165428368804
2006-03-15,SP500,Strong Buy,1.0,1303.02,False,True,-9.976823072545454e-05,0.005141901122008906,-0.03892495894153584
2006-03-16,SP500,Strong Buy,1.0,1305.33,False,True,-0.003891736189316056,0.004044954149525387,-0.05200983659304534
2006-03-17,SP500,Strong Buy,1.0,1307.25,False,True,-0.009470262000382566,-0.0015758271179957509,-0.06392044367947979
2006-03-20,SP500,Strong Buy,1.0,1305.08,False,True,-0.0055705397370276015,0.006229503172219411,-0.057498390903239625
2006-03-21,SP500,Strong Buy,1.0,1297.23,False,True,0.006706597904766345,0.008394810480793593,-0.03165976735043125
2006-03-22,SP500,Strong Buy,1.0,1305.04,False,True,0.004996015447802353,0.005524734874026878,-0.04099491203334764
2006-03-23,SP500,Strong Buy,1.0,1301.67,False,True,0.005661957331735302,0.018506994860448437,-0.04727772784192611
2006-03-24,SP500,Strong Buy,1.0,1302.95,False,True,-0.0057177942361564486,0.01666218964657127,-0.048221343873517904
2006-03-27,SP500,Strong Buy,1.0,1301.61,False,True,-0.003833713631579359,0.0180776115733593,-0.037960679466199444
2006-03-28,SP500,Strong Buy,1.0,1293.23,False,True,-0.005149895996845172,0.022903891805788522,-0.036830262211671634
2006-03-29,SP500,Strong Buy,1.0,1302.89,False,True,-0.011336336912556094,0.0023255992447558677,-0.044815755743002166
2006-03-30,SP500,Strong Buy,1.0,1300.25,False,True,-0.00855989232839847,-0.0069294366467986855,-0.03821572774466453
2006-03-31,SP500,Strong Buy,1.0,1294.87,False,True,-0.007367534964899924,-0.0002857429703367063,-0.04299273286121375
2006-04-03,SP500,Strong Buy,1.0,1297.81,False,True,0.0072969078678697405,-0.004415130103790245,-0.03992109784945404
2006-04-04,SP500,Strong Buy,1.0,1305.93,False,True,0.003062951306731601,-0.027267924008178176,-0.025315292550136814
2006-04-05,SP500,Strong Buy,1.0,1311.56,False,True,-7.624508219212927e-05,-0.037931928390618805,-0.03153496599469327
2006-04-06,SP500,Strong Buy,1.0,1309.04,False,True,0.0017111776569088868,-0.03209222025300983,-0.0220390515186701
2006-04-07,SP500,Strong Buy,1.0,1295.5,False,True,0.009733693554612042,-0.025804708606715604,-0.018981088382863696
2006-04-10,SP500,Strong Buy,1.0,1296.62,False,True,0.003948728231864478,-0.030880288750751928,-0.017383659051996705
2006-04-11,SP500,Strong Buy,1.0,1286.57,False,True,0.014643587212510899,-0.021763293097149788,-0.01639242326496026
2006-04-12,SP500,Strong Buy,1.0,1288.12,False,True,0.0167686240412385,-0.011831195851318031,-0.01613203738782099
2006-04-13,SP500,Strong Buy,1.0,1289.12,False,True,0.01667028670721113,-0.00695047784535172,-0.012946816432915344
2006-04-17,SP500,Strong Buy,1.0,1285.33,False,True,0.015451284884037662,-0.01980814265597165,-0.020796215757820966
2006-04-18,SP500,Strong Buy,1.0,1307.28,False,True,0.004536136099381972,-0.0284483813720091,-0.049721559268098646
2006-04-19,SP500,Strong Buy,1.0,1309.93,False,True,-0.0013817532234548203,-0.018489537608879884,-0.05628545036757691
2006-04-20,SP500,Strong Buy,1.0,1311.46,False,True,0.0006023820779893886,-0.01772070821832157,-0.0586903146111967
2006-04-21,SP500,Strong Buy,1.0,1311.28,False,True,0.011042645354157783,-0.035072600817521817,-0.05675370630223909
2006-04-24,SP500,Strong Buy,1.0,1308.11,False,True,0.012651841206014924,-0.033835075031916274,-0.03692350031725158
2006-04-25,SP500,Strong Buy,1.0,1301.74,False,True,0.017975939895831804,-0.03502235469448578,-0.040415136663235283
2006-04-26,SP500,Strong Buy,1.0,1305.41,False,True,0.01335978734650403,-0.03637171463371662,-0.0498847105507083
2006-04-27,SP500,Strong Buy,1.0,1309.72,False,True,-0.0029013835018171477,-0.04384143175640601,-0.0372675075588675
2006-04-28,SP500,Strong Buy,1.0,1310.61,False,True,-0.014779377541755285,-0.055828965138370566,-0.031840135509419124
2006-05-01,SP500,Strong Buy,1.0,1305.19,False,True,-0.008190378412338476,-0.06244301595936223,-0.028187466958833552
2006-05-02,SP500,Strong Buy,1.0,1313.21,False,True,-0.01609034350941594,-0.06333335871642774,-0.03808225645555546
2006-05-03,SP500,Strong Buy,1.0,1308.12,False,True,-0.028896431520044,-0.039721126502155625,-0.0226049597896217
2006-05-04,SP500,Strong Buy,1.0,1312.25,False,True,-0.0384377976757478,-0.046264050295294366,-0.027121356448847337
2006-05-05,SP500,Strong Buy,1.0,1325.76,False,True,-0.044299118995896704,-0.06458936760801343,-0.041364952932657434
2006-05-08,SP500,Strong Buy,1.0,1324.66,False,True,-0.047249860341521704,-0.06382015007624613,-0.03566953029456615
2006-05-09,SP500,Strong Buy,1.0,1325.14,False,True,-0.05173792957725234,-0.05504324071418873,-0.033860573222452055
2006-05-10,SP500,Strong Buy,1.0,1322.85,False,True,-0.048592055032694544,-0.05839664361038667,-0.03287598745133614
2006-05-11,SP500,Strong Buy,1.0,1305.92,False,True,-0.02530017152658659,-0.047031977456505815,-0.023087172261700633
2006-05-12,SP500,Strong Buy,1.0,1291.24,False,True,-0.008580898980824578,-0.03150460022923706,-0.015303119482048256
2006-05-15,SP500,Strong Buy,1.0,1294.5,False,True,-0.026751641560448135,-0.04271919660100421,-0.022054847431440677
2006-05-16,SP500,Strong Buy,1.0,1292.08,False,True,-0.017019070026623746,-0.03566342641322513,-0.01568788310321341
2006-05-17,SP500,Strong Buy,1.0,1270.32,True,True,0.012115057623276105,0.0020073682221802024,-0.00281818754329612
2006-05-18,SP500,Mild Buy,0.6126914998764436,1261.81,True,True,0.020930250988659214,0.0066491785609561664,0.005072078997630461
2006-05-19,SP500,Strong Buy,1.0,1267.03,True,True,-0.0013732902930475278,0.010386494400290509,0.014640537319558302
2006-05-22,SP500,Mild Buy,0.5942592808778819,1262.07,True,True,0.0014103813576108876,0.007004365843416091,0.026432765219045005
2006-05-23,SP500,Hold,-0.01151040214178016,1256.58,True,False,-0.00034219866622088233,0.013926689904343537,0.032548663833580106
2006-05-24,SP500,Hold,0.2781735446414517,1258.57,True,True,-0.0005085136305488553,0.0054903581048333285,0.034745782912352925
2006-05-25,SP500,Strong Buy,1.0,1272.88,True,True,-0.016168059832820183,-0.004352334862673772,0.019357677078750447
2006-05-26,SP500,Strong Buy,1.0,1280.16,False,True,-0.033370828646419215,-0.006038307711536072,0.014576302962129618
2006-05-30,SP500,Hold,0.3233723013104489,1259.87,True,True,-0.028717248605014675,-0.001008040512116315,0.026288426583695238
2006-05-31,SP500,Strong Buy,0.975701648198154,1270.09,True,True,-0.031533198434756556,-0.02189608610413431,0.02044736987142646
2006-06-01,SP500,Strong Buy,1.0,1285.71,False,True,-0.02298340994469978,-0.038507906137464895,0.007295579874155044
2006-06-02,SP500,Strong Buy,1.0,1288.22,False,True,-0.028473397401065085,-0.04170871435003339,0.01052615236527918
2006-06-05,SP500,Mild Buy,0.6001558524172965,1265.29,True,True,-0.019884769499482216,-0.022469157268294276,0.03081507006298952
2006-06-06,SP500,Mild Buy,0.4877579268562232,1263.85,True,True,-0.018775962337302703,-0.0031965818728488062,0.03285199984175336
2006-06-07,SP500,Hold,-0.15950013757680973,1256.15,True,False,-0.00314452891772483,-0.005588504557576707,0.037949289495681125
2006-06-08,SP500,Hold,0.10103619495623958,1257.93,True,False,-0.00980181727123143,-0.014023037847893046,0.04219630663073456
2006-06-09,SP500,Hold,-0.260232465638389,1252.3,True,False,-0.0062285394873432525,0.006875349357182886,0.048670446378663294
2006-06-12,SP500,Strong Sell,-0.75,1237.44,True,False,0.010602534264287472,0.0254072924747867,0.050766097750193896
2006-06-13,SP500,Strong Sell,-0.75,1223.69,True,False,0.012674778742982283,0.036537031437700755,0.057473706576011835
2006-06-14,SP500,Strong Sell,-0.75,1230.04,True,False,0.012975187798770802,0.026958472895190468,0.05599817892101079
2006-06-15,SP500,Hold,0.056705059646251194,1256.16,False,False,0.013302445548337639,0.017824162527066513,0.034533817348108425
2006-06-16,SP500,Hold,-0.2164789024289175,1251.54,True,False,0.014909631334196337,0.02007127219265874,0.049107499560541445
2006-06-19,SP500,Strong Sell,-0.75,1240.13,True,False,0.032303065001249825,0.024828042221379985,0.06284824978026483
2006-06-20,SP500,Strong Sell,-0.75,1240.12,True,False,0.02482824242815227,0.030069670677031413,0.06141341160532859
2006-06-21,SP500,Mild Sell,-0.49758605911154785,1252.2,False,False,0.017473247085130077,0.022416546877495554,0.0538731831975723
2006-06-22,SP500,Strong Sell,-0.75,1245.6,False,False,0.015960179833012293,0.027103403982016692,0.06067758509955055
2006-06-23,SP500,Strong Sell,-0.75,1244.5,False,False,0.01835275210928077,0.025126556850140605,0.05877059059863407
2006-06-26,SP500,Strong Sell,-0.75,1250.56,False,False,0.017488165301944823,0.016728505629478054,0.059669268167860896
2006-06-27,SP500,Strong Sell,-0.75,1239.2,False,False,0.015655261459005698,0.02158650742414461,0.06361362169141375
2006-06-28,SP500,Strong Sell,-1.0,1246.0,False,False,-0.002985553772070648,0.02071428571428567,0.05520064205457462
2006-06-29,SP500,Strong Buy,1.0,1272.87,False,True,-0.028808912143423796,-0.004815888503931966,0.042031000809194974
2006-06-30,SP500,Strong Buy,1.0,1270.2,False,True,-0.028113682884585132,-0.0015666824122185553,0.052078412848370226
2006-07-03,SP500,Strong Buy,0.9999999999999999,1280.19,False,True,-0.03384653840445571,0.004210312531733471,0.04405596044337158
2006-07-05,SP500,Strong Buy,0.8969389712532075,1270.91,False,True,-0.008733899331974833,0.01929326230810992,0.05348136374723625
2006-07-06,SP500,Strong Buy,0.9999999999999999,1274.08,False,True,-0.019582757754614953,0.018366193645611022,0.048482041943990944
2006-07-07,SP500,Hold,0.28045035735441026,1265.48,False,True,-0.019905490406802204,0.029095679109902912,0.05202768909820773
2006-07-10,SP500,Mild Buy,0.4966099145299139,1267.34,False,True,-0.005073618760553472,0.023813656950778847,0.052685151577319414
2006-07-11,SP500,Strong Buy,0.9999999999999999,1272.43,False,True,-0.002789937363941399,0.020739844235046226,0.06111927571654235
2006-07-12,SP500,Mild Sell,-0.675449938056112,1258.6,False,False,0.007786429365962326,0.027324010805657162,0.07517877006197372
2006-07-13,SP500,Strong Sell,-1.0,1242.28,True,False,0.01684000386386328,0.04329136748559099,0.08638149209517978
2006-07-14,SP500,Strong Sell,-0.75,1236.2,True,False,0.03425821064552654,0.047637922666235136,0.09259019576120371
2006-07-17,SP500,Strong Sell,-0.75,1234.49,True,False,0.03415985548688128,0.05450833947622092,0.09633937901481589
2006-07-18,SP500,Strong Sell,-0.75,1236.86,True,False,0.0275374739259093,0.054508998593211906,0.09143314522257988
2006-07-19,SP500,Hold,-0.3589105904974138,1259.81,False,False,0.013970360609933353,0.036164183487986244,0.08177423579746151
2006-07-20,SP500,Strong Sell,-0.75,1249.13,False,False,0.024929350828176308,0.04378247260093011,0.09325690680713758
2006-07-21,SP500,Strong Sell,-0.75,1240.29,True,False,0.03150069741753939,0.05701892299381599,0.10382249312660748
2006-07-24,SP500,Hold,-0.29031927318932715,1260.91,False,False,0.01178513930415327,0.04150970330951449,0.08179806647579912
2006-07-25,SP500,Mild Buy,0.51580708445217,1268.88,False,True,0.00204905113170663,0.02473047096652156,0.07638232141731277
2006-07-26,SP500,Hold,0.27085145223288654,1268.4,False,True,-0.001931567328918358,0.020198675496688655,0.07770419426048561
2006-07-27,SP500,Mild Sell,-0.45630474788367603,1263.2,False,False,0.006816022799239946,0.028277390753641565,0.08343888537048753
2006-07-28,SP500,Strong Buy,1.0,1278.55,False,True,-0.009237026318876811,0.01641703492237301,0.07701693324469128
2006-07-31,SP500,Strong Buy,0.9908805487127613,1276.66,False,True,-0.006618833518712927,0.028464900600003066,0.07889336236742753
2006-08-01,SP500,Mild Buy,0.5999683195800037,1270.92,False,True,0.011534951059075201,0.037099109306643896,0.08757435558493055
2006-08-02,SP500,Strong Buy,0.9999999999999999,1277.41,False,True,0.014106668962979765,0.030428758190400803,0.0874190745336265
2006-08-03,SP500,Strong Buy,0.9999999999999999,1280.27,False,True,0.013442476977512585,0.030766947596991338,0.07581994423051383
2006-08-04,SP500,Strong Buy,0.9999999999999999,1279.36,False,True,0.017930840420210148,0.03268821910955491,0.07704633566783405
2006-08-07,SP500,Mild Buy,0.6858677462887977,1275.77,False,True,0.017048527555907415,0.03281939534555611,0.08008496829365801
2006-08-08,SP500,Mild Buy,0.43188655261904074,1271.48,False,True,0.02150250102243049,0.04223424670462771,0.07576210400478177
2006-08-09,SP500,Mild Sell,-0.6339034929780317,1265.95,False,False,0.021359453374935788,0.04113906552391479,0.08009005094987943
2006-08-10,SP500,Hold,0.12590088298464522,1271.81,False,True,0.019067313513811027,0.033786493265503516,0.07272312688216008
2006-08-11,SP500,Mild Sell,-0.5108954512979349,1266.74,False,False,0.022380283246759326,0.04707359047634075,0.08923693891406284
2006-08-14,SP500,Hold,-0.38796712252952914,1268.21,False,False,0.026470379511279625,0.05372927196599922,0.09038723870652327
2006-08-15,SP500,Strong Buy,0.9999999999999999,1285.58,False,True,0.014545963689540944,0.0396785886525926,0.07789480234602289
2006-08-16,SP500,Strong Buy,1.0,1295.43,False,True,0.007673127841720376,0.033540986390619365,0.06399419497772929
2006-08-17,SP500,Strong Buy,0.9999999999999999,1297.48,False,True,0.004886395166014057,0.029572710176650037,0.06429386194777574
2006-08-18,SP500,Strong Buy,1.0,1302.3,False,True,0.006688167088996419,0.022283652000307137,0.06305766720417731
2006-08-21,SP500,Strong Buy,1.0,1297.52,False,True,0.012123127196497949,0.02819995067513404,0.07375608853813433
2006-08-22,SP500,Strong Buy,0.9999999999999999,1298.82,False,True,0.0011086986649420664,0.039558984308834255,0.07526062117922422
2006-08-23,SP500,Strong Buy,1.0,1292.99,False,True,0.0007966032219893215,0.04658195345671662,0.08257604467165251
2006-08-24,SP500,Strong Buy,1.0,1296.06,False,True,0.0022066879619771673,0.041302100211409946,0.08112278752526897
2006-08-25,SP500,Strong Buy,1.0,1295.09,False,True,0.003436054637129501,0.042908214873097754,0.0813920268089477
2006-08-28,SP500,Strong Buy,1.0,1301.78,False,True,0.008618967874756125,0.039668761234617295,0.07760911982055338
2006-08-29,SP500,Strong Buy,1.0,1304.28,False,True,0.010572883123255715,0.035015487472015265,0.07805839236973652
2006-08-30,SP500,Strong Buy,1.0,1305.37,False,True,0.008357783616905616,0.04401817109325329,0.07322061944123134
2006-08-31,SP500,Strong Buy,1.0,1303.82,False,True,0.012148916261447245,0.047399180868524765,0.05993158564832577
2006-09-01,SP500,Strong Buy,1.0,1311.01,False,True,0.007757377899482134,0.0442788384527959,0.0577493688072555
2006-09-05,SP500,Strong Buy,1.0,1313.25,False,True,0.003342851703788388,0.038682657529030995,0.065661526746621
2006-09-06,SP500,Strong Buy,1.0,1300.26,False,True,0.019165397689692887,0.05040530355467365,0.07719225385692101
2006-09-07,SP500,Strong Buy,1.0,1294.02,False,True,0.01855458184572108,0.05636698041761337,0.07935735150925029
2006-09-08,SP500,Strong Buy,1.0,1298.92,False,True,0.012210143811782018,0.05364456625504252,0.08483971299233195
2006-09-11,SP500,Strong Buy,1.0,1299.54,False,True,0.02064576696369479,0.0596210966957539,0.08866214198870372
2006-09-12,SP500,Strong Buy,1.0,1313.0,False,True,0.017783701447067715,0.049032749428789116,0.07608530083777615
2006-09-13,SP500,Strong Buy,1.0,1318.07,False,True,0.014050847071855048,0.04866964576995159,0.06768987990015707
2006-09-14,SP500,Strong Buy,1.0,1316.28,False,True,0.01716959917342825,0.05530738140821099,0.07107910171088214
2006-09-15,SP500,Strong Buy,1.0,1319.66,False,True,0.012268311534789132,0.043708227876877254,0.07076065047057566
2006-09-18,SP500,Strong Buy,1.0,1321.18,False,True,0.00767495723519874,0.04295402594650237,0.0684085438774428
2006-09-19,SP500,Strong Buy,1.0,1317.64,False,True,0.012499620533681277,0.04576363801948935,0.07253119213138637
2006-09-20,SP500,Strong Buy,1.0,1325.18,False,True,0.018880453976063614,0.032169214748185064,0.07569537723177225
2006-09-21,SP500,Strong Buy,1.0,1318.03,False,True,0.026698937049991316,0.03741189502515113,0.08274470232088796
2006-09-22,SP500,Strong Buy,1.0,1314.78,False,True,0.02647591231993181,0.03766409589437015,0.08191484506913708
2006-09-25,SP500,Strong Buy,1.0,1326.37,False,True,0.018313140375611776,0.040267798578074054,0.07477551512775475
2006-09-26,SP500,Strong Buy,1.0,1336.35,False,True,0.01277359973060962,0.034788790361806425,0.0652374003816366
2006-09-27,SP500,Strong Buy,1.0,1336.59,False,True,0.009995585781728225,0.036757719270681444,0.0611331822024705
2006-09-28,SP500,Strong Buy,1.0,1338.88,False,True,0.0178880855640534,0.02946492590822166,0.05368666347992342
2006-09-29,SP500,Strong Buy,1.0,1335.85,False,True,0.022285436239098688,0.03372384624022172,0.060672979750720654
2006-10-02,SP500,Strong Buy,1.0,1331.32,False,True,0.02834780518583061,0.03988522669230549,0.07174833999339
2006-10-03,SP500,Strong Buy,1.0,1334.11,False,True,0.02244192757718633,0.04430669135228739,0.06792543343502419
2006-10-04,SP500,Strong Buy,1.0,1350.2,False,True,0.011553843874981417,0.03434306028736475,0.05043697230039987
2006-10-05,SP500,Strong Buy,1.0,1353.22,False,True,0.010153559657705332,0.0343920426833774,0.046836434578265085
2006-10-06,SP500,Strong Buy,1.0,1349.59,False,True,0.014085759378774288,0.0382412436369565,0.050941397016871795
2006-10-09,SP500,Strong Buy,1.0,1350.66,False,True,0.019516384582352258,0.03690047828469038,0.043719366828069206
2006-10-10,SP500,Strong Buy,1.0,1353.42,False,True,0.01770329978868351,0.03649273691832533,0.04390359238078338
2006-10-11,SP500,Strong Buy,1.0,1349.95,False,True,0.023904589058854016,0.041586725434275246,0.04604614985740202
2006-10-12,SP500,Strong Buy,1.0,1362.83,False,True,0.019261389901895323,0.027971206973723885,0.03817057153129883
2006-10-13,SP500,Strong Buy,1.0,1365.62,False,True,0.008582182451926618,0.011965261200041115,0.04261800500871403
2006-10-16,SP500,Strong Buy,1.0,1369.06,False,True,0.006478897929966633,0.012899361605773365,0.04504550567542699
2006-10-17,SP500,Strong Buy,1.0,1364.05,False,True,0.010182911183607713,0.02597412118324113,0.04974157838788911
2006-10-18,SP500,Strong Buy,1.0,1365.8,False,True,0.001471664958266211,0.025501537560404273,0.047459364475032906
2006-10-19,SP500,Strong Buy,1.0,1366.96,False,True,0.0002779891145314287,0.021763621466612044,0.043461403406098095
2006-10-20,SP500,Strong Buy,1.0,1368.6,False,True,-0.0031418968288761907,0.029606897559549893,0.04522870086219501
2006-10-23,SP500,Strong Buy,1.0,1377.02,False,True,0.002004328186954431,0.02740700933900743,0.03335463537203531
2006-10-24,SP500,Strong Buy,1.0,1377.38,False,True,0.0039640476847346475,0.025788090432560352,0.0367436727700416
2006-10-25,SP500,Strong Buy,1.0,1382.22,False,True,0.002532158411830244,0.018137488967024017,0.04189636960831133
2006-10-26,SP500,Strong Buy,1.0,1389.08,False,True,-0.007738935122527141,0.014945143548247755,0.02506695078757175
2006-10-27,SP500,Strong Buy,1.0,1377.34,False,True,0.0025846922328547585,0.025919526042952393,0.032555505539663514
2006-10-30,SP500,Strong Buy,1.0,1377.93,False,True,0.004709963495968597,0.024406174479109883,0.03098125449043117
2006-10-31,SP500,Strong Buy,1.0,1377.94,False,True,0.011089016938328209,0.025596179804635893,0.03692468467422375
2006-11-01,SP500,Strong Buy,1.0,1367.81,False,True,0.021026312133995213,0.04216959957888893,0.05149106966610865
2006-11-02,SP500,Strong Buy,1.0,1367.34,False,True,0.023710269574502372,0.043697982944988084,0.057483873798762665
2006-11-03,SP500,Strong Buy,1.0,1364.3,False,True,0.0270468372058932,0.0426445796379096,0.061636003811478525
2006-11-06,SP500,Strong Buy,1.0,1379.78,False,True,0.015016886750061624,0.033171954949339735,0.04871066401890159
2006-11-07,SP500,Strong Buy,1.0,1382.84,False,True,0.014441294726794155,0.029424951548986184,0.0471204188481676
2006-11-08,SP500,Strong Buy,1.0,1385.72,False,True,0.014699939381693193,0.02351124325260509,0.04640187050775045
2006-11-09,SP500,Strong Buy,1.0,1378.33,False,True,0.0164111642349801,0.023528472862086775,0.05077158590468177
2006-11-10,SP500,Strong Buy,1.0,1380.9,False,True,0.0007676153233398112,0.02606995437757984,0.041393294228401656
2006-11-13,SP500,Strong Buy,1.0,1384.42,False,True,0.0016613455454269328,0.030640990450874622,0.03535776715158681
2006-11-14,SP500,Strong Buy,1.0,1393.22,False,True,0.004493188441165064,0.022616672169506604,0.03663455879186343
2006-11-15,SP500,Strong Buy,1.0,1396.57,False,True,0.00290712245000263,0.015559549467624265,0.04205302992331213
2006-11-16,SP500,Strong Buy,1.0,1399.76,False,True,-0.0021789449619934523,0.012030633822941018,0.040756986912042034
2006-11-17,SP500,Strong Buy,1.0,1401.2,False,True,0.005652298030259667,0.012232372252355033,0.03878104481872675
2006-11-20,SP500,Strong Buy,1.0,1400.5,False,True,0.010182077829346655,0.006576222777579462,0.04225633702249201
2006-11-21,SP500,Strong Buy,1.0,1402.81,False,True,0.0071927060685339755,0.007149934773775474,0.03907870631090466
2006-11-22,SP500,Strong Buy,1.0,1406.09,False,True,0.0008534304347517197,0.004281376014337619,0.035765847136385434
2006-11-24,SP500,Strong Buy,1.0,1400.95,False,True,0.0063456939933615565,0.009921838752275144,0.03586137977800779
2006-11-27,SP500,Strong Buy,1.0,1381.96,False,True,0.022489797099771287,0.030290312310052317,0.048778546412341785
2006-11-28,SP500,Strong Buy,1.0,1386.72,False,True,0.01791277258566972,0.03173676012461058,0.008884273681781425
2006-11-29,SP500,Strong Buy,1.0,1399.48,False,True,0.009810786863692241,0.023165747277560288,0.0052448052133649056
2006-11-30,SP500,Strong Buy,1.0,1400.63,False,True,0.017749155737061106,0.021411793264459408,0.0018134696529418643
2006-12-01,SP500,Strong Buy,1.0,1396.71,False,True,0.021751115120533168,0.02123561798798595,-0.006830337006250377
2006-12-04,SP500,Strong Buy,1.0,1409.12,False,True,0.009481094583853844,0.015172589985239094,-0.024838196888838426
2006-12-05,SP500,Strong Buy,1.0,1414.76,False,True,0.007626735276654672,0.005788967740111436,-0.0136772314738895
2006-12-06,SP500,Strong Buy,1.0,1412.9,False,True,0.00752353315875142,0.01068016137023138,-0.014813504140420456
2006-12-07,SP500,Strong Buy,1.0,1407.29,False,True,0.007823547385400302,0.02333563089341937,-0.0038371622053733514
2006-12-08,SP500,Strong Buy,1.0,1409.84,False,True,0.000652556318447535,0.009972762866708403,-0.004965102422969983
2006-12-11,SP500,Strong Buy,1.0,1413.04,False,True,0.0027316990318746303,0.006468323614335122,-0.004557549680122328
2006-12-12,SP500,Strong Buy,1.0,1411.56,False,True,0.010824902944260232,0.006418430672447467,-0.023810535861033114
2006-12-13,SP500,Strong Buy,1.0,1413.21,False,True,0.008151654743456374,0.011045775220950814,-0.018426136243021182
2006-12-14,SP500,Strong Buy,1.0,1425.49,False,True,-0.005043879648401641,0.008944292839655137,-0.02329725217293705
2006-12-15,SP500,Strong Buy,1.0,1427.09,False,True,-0.007350622595631677,0.013208697419223831,-0.0281271678730843
2006-12-18,SP500,Strong Buy,1.0,1422.48,False,True,-0.002910409988189711,0.0182146673415444,-0.014355210618075525
2006-12-19,SP500,Strong Buy,1.0,1425.55,False,True,-0.011111500824243217,0.015039809196450532,-0.010248675949633405
2006-12-20,SP500,Strong Buy,1.0,1423.53,False,True,-0.0075095010291318445,0.017189662318321374,0.008085533848952949
2006-12-21,SP500,Strong Buy,1.0,1418.3,False,True,-0.0043643798914193436,0.02236480293308893,0.01145032785729395
2006-12-22,SP500,Strong Buy,1.0,1410.76,False,True,0.0028991465593013114,0.026616858997986867,0.017969037965351944
2006-12-26,SP500,Strong Buy,1.0,1416.9,False,True,0.004883901475051059,0.014934010868797977,0.014538781847695609
2006-12-27,SP500,Strong Buy,1.0,1426.84,False,True,0.0027263042807883857,0.004576546774690907,0.0012405034902301462
2006-12-28,SP500,Strong Buy,1.0,1424.73,False,True,0.005032532479838336,0.013707860436714306,-0.0052641553136383735
2006-12-29,SP500,Strong Buy,1.0,1418.3,False,True,0.00868645561587812,0.026087569625608122,0.002982443770711428
2007-01-03,SP500,Strong Buy,1.0,1416.6,False,True,0.0068967951433008485,0.02838486517012568,0.0030072003388394684
2007-01-04,SP500,Strong Buy,1.0,1418.34,False,True,0.008573402710210586,0.0262278438174204,0.004378357798553265
2007-01-05,SP500,Strong Buy,1.0,1409.71,False,True,0.009392002610465989,0.03544700683119225,0.019904803115534362
2007-01-08,SP500,Strong Buy,1.0,1412.84,False,True,0.010723082585430829,0.031702103564451876,0.018777780923529892
2007-01-09,SP500,Strong Buy,1.0,1412.11,False,True,0.01984264681929893,0.031350248918285556,0.022413268088180165
2007-01-10,SP500,Strong Buy,1.0,1414.85,False,True,0.006396437784924326,0.0256847015584692,0.021034031876170613
2007-01-11,SP500,Strong Buy,1.0,1423.82,False,True,-0.001151830989872226,0.01794468401904732,0.017256394769001815
2007-01-12,SP500,Strong Buy,1.0,1430.73,False,True,-0.007066322786270035,-0.022149532057061817,0.005689403311596089
2007-01-16,SP500,Strong Buy,1.0,1431.9,False,True,-0.0021509881974999335,-0.01751518960821297,0.011104127383197054
2007-01-17,SP500,Strong Buy,1.0,1430.62,False,True,0.005326361996896533,-0.01918748514630008,0.015538717479134934
2007-01-18,SP500,Strong Buy,1.0,1426.37,False,True,0.013720142739962398,-0.02748235030181497,0.029417332108779656
2007-01-19,SP500,Strong Buy,1.0,1430.5,False,True,0.012506116742397834,-0.03941279272981483,0.028647326109751847
2007-01-22,SP500,Strong Buy,1.0,1422.95,False,True,0.016894479777926113,-0.01935415861414664,0.03482202466706487
2007-01-23,SP500,Strong Buy,1.0,1427.99,False,True,0.01401270317019026,-0.02522426627637447,0.029930181583904654
2007-01-24,SP500,Strong Buy,1.0,1440.13,False,True,0.0068674355787323865,-0.02655315839542264,0.030705561303493292
2007-01-25,SP500,Strong Buy,1.0,1423.9,False,True,0.017143057799002635,-0.014790364491888596,0.04005196994170937
2007-01-26,SP500,Strong Buy,1.0,1422.18,False,True,0.011165956489333193,-0.010955012726940438,0.040944184280470836
2007-01-29,SP500,Strong Buy,1.0,1420.62,False,True,0.008974954597288509,-0.0300361813855921,0.05265306697075938
2007-01-30,SP500,Strong Buy,1.0,1428.82,False,True,0.01080611973516612,-0.029149927912543123,0.04579303201242988
2007-01-31,SP500,Strong Buy,1.0,1438.24,False,True,0.011861719879853115,-0.03195572366225389,0.0388182778952052
2007-02-01,SP500,Strong Buy,1.0,1445.94,False,True,0.007517601006957336,-0.04079699019323071,0.025194683043556328
2007-02-02,SP500,Strong Buy,1.0,1448.39,False,True,0.004936515717451697,-0.03198724100553038,0.02617388962917436
2007-02-05,SP500,Strong Buy,1.0,1446.99,False,True,0.008769929301515598,-0.02491378655001068,0.033815022909626236
2007-02-06,SP500,Strong Buy,1.0,1448.0,False,True,0.00665055248618792,-0.008950276243093948,0.037562154696132666
2007-02-07,SP500,Strong Buy,1.0,1450.02,False,True,0.004386146397980805,-0.010675714817726665,0.038344298699328226
2007-02-08,SP500,Strong Buy,1.0,1448.31,False,True,0.001988524556206965,-0.008423610967265327,0.04223543302193596
2007-02-09,SP500,Strong Buy,1.0,1438.06,False,True,0.007864762249141167,-0.00038941351543047263,0.048440259794445356
2007-02-12,SP500,Strong Buy,1.0,1433.37,False,True,-0.02395055010220664,-0.0033208452807021154,0.05526137703454101
2007-02-13,SP500,Strong Buy,1.0,1444.26,False,True,-0.025923310207303433,-0.018715466744215013,0.03268802016257463
2007-02-14,SP500,Strong Buy,1.0,1455.3,False,True,-0.035820792963650025,-0.022517693946265363,0.03473510616367756
2007-02-15,SP500,Strong Buy,1.0,1456.81,False,True,-0.04780307658514142,-0.02467720567541412,0.031809227009699376
2007-02-16,SP500,Strong Buy,1.0,1455.54,False,True,-0.0559380023908653,-0.021291067232779595,0.03136293059620491
2007-02-20,SP500,Strong Buy,1.0,1459.68,False,True,-0.04403019839964922,-0.01501013920859372,0.03730954729803795
2007-02-21,SP500,Strong Buy,1.0,1457.63,False,True,-0.0450457249096136,-0.012527184539286525,0.03781480897072637
2007-02-22,SP500,Strong Buy,1.0,1456.38,False,True,-0.03741468572762603,-0.008665320864060284,0.04557189744434824
2007-02-23,SP500,Strong Buy,1.0,1451.19,False,True,-0.033317484271528974,-0.00453420985536019,0.05093061556377859
2007-02-26,SP500,Strong Buy,1.0,1449.37,False,True,-0.02950937303794061,-0.0006761558470230451,0.05157413220916675
2007-02-27,SP500,Strong Buy,1.0,1399.04,True,True,-0.015074622598353099,0.028469521957913947,0.08808897529734676
2007-02-28,SP500,Strong Buy,1.0,1406.82,False,True,-0.013967671770375644,0.02912952616539431,0.07157276694957426
2007-03-01,SP500,Strong Buy,1.0,1403.17,False,True,-0.007760998310967381,0.03540554601366893,0.08021836270729843
2007-03-02,SP500,Strong Buy,1.0,1387.17,True,True,-0.00015859627875460634,0.05850760901691923,0.09439362154602524
2007-03-05,SP500,Strong Buy,1.0,1374.12,True,True,0.02033301312840222,0.07085261840305078,0.11360725409716774
2007-03-06,SP500,Strong Buy,1.0,1395.41,False,True,0.01112934549702236,0.05524541174278521,0.09689625271425588
2007-03-07,SP500,Strong Buy,1.0,1391.97,False,True,0.03094175880227299,0.05658167920285637,0.10371631572519514
2007-03-08,SP500,Strong Buy,1.0,1401.89,False,True,0.023289987088858512,0.05882059220052915,0.09793207740978248
2007-03-09,SP500,Strong Buy,1.0,1402.84,False,True,0.023716175757748554,0.05566564968207362,0.09132188988052817
2007-03-12,SP500,Strong Buy,1.0,1406.6,False,True,0.021967865775629244,0.05247405090288652,0.07875728707521698
2007-03-13,SP500,Strong Buy,1.0,1377.95,True,True,0.036764759243804096,0.08524982764251245,0.08183896367792734
2007-03-14,SP500,Strong Buy,1.0,1387.17,True,True,0.02167001881528576,0.07719313422291423,0.08686750722694406
2007-03-15,SP500,Strong Buy,1.0,1392.28,False,True,0.02172695147527796,0.07311029390639812,0.08391990116930496
2007-03-16,SP500,Strong Buy,1.0,1386.95,False,True,0.024449331266447855,0.06879844262590565,0.07646274198781496
2007-03-19,SP500,Strong Buy,1.0,1402.06,False,True,0.016040682995021618,0.060083020698115636,0.08103076901131202
2007-03-20,SP500,Strong Buy,1.0,1410.94,False,True,0.01901569166654849,0.06022935064566885,0.0794009667313989
2007-03-21,SP500,Strong Buy,1.0,1435.04,False,True,0.0030173374958188813,0.046932489686698727,0.06820018954175502
2007-03-22,SP500,Strong Buy,1.0,1434.54,False,True,0.006427147378253675,0.04954898434341317,0.06727592120122129
2007-03-23,SP500,Strong Buy,1.0,1436.11,False,True,0.005918766668291426,0.0510894012297109,0.06795440460688955
2007-03-26,SP500,Strong Buy,1.0,1437.5,False,True,0.0075756521739131135,0.04884869565217393,0.052410434782608636
2007-03-27,SP500,Strong Buy,1.0,1428.61,False,True,0.007181806091235531,0.058777413009848754,0.0655042313857527
2007-03-28,SP500,Strong Buy,1.0,1417.23,False,True,0.02157024618445837,0.052383875588295485,0.06020899924500605
2007-03-29,SP500,Strong Buy,1.0,1422.53,False,True,0.021314137487434315,0.058571699718107835,0.05287058972394258
2007-03-30,SP500,Strong Buy,1.0,1420.86,False,True,0.03340934363695229,0.05791562856298312,0.050694649719184304
2007-04-02,SP500,Strong Buy,1.0,1424.55,False,True,0.032943736618581354,0.053799445438910604,0.05741462216138427
2007-04-03,SP500,Strong Buy,1.0,1437.77,False,True,0.024155462973911,0.053116979767278576,0.04725373321184894
2007-04-04,SP500,Strong Buy,1.0,1439.37,False,True,0.021787309725782897,0.050980637362179365,0.0444500024316194
2007-04-05,SP500,Strong Buy,1.0,1443.76,False,True,0.028114090984651133,0.054711309358896225,0.05241175818695633
2007-04-09,SP500,Strong Buy,1.0,1444.61,False,True,0.02514173375513126,0.055717460075729794,0.055558247554703344
2007-04-10,SP500,Strong Buy,1.0,1448.39,False,True,0.022107305352840036,0.052285641298268966,0.05316938117495977
2007-04-11,SP500,Strong Buy,1.0,1438.87,False,True,0.03930167423047265,0.05796910075267404,0.06364021767081124
2007-04-12,SP500,Strong Buy,1.0,1447.8,False,True,0.03208316065754942,0.04124188423815447,0.05805359856333745
2007-04-13,SP500,Strong Buy,1.0,1452.85,False,True,0.028371820903740942,0.04328044877310122,0.039419072856798694
2007-04-16,SP500,Strong Buy,1.0,1468.33,False,True,0.009561883227884715,0.03390246061852579,0.03434514039759459
2007-04-17,SP500,Strong Buy,1.0,1471.48,False,True,0.010071492646858901,0.03992578900154946,0.05179818957784001
2007-04-18,SP500,Strong Buy,1.0,1472.5,False,True,0.01590492359932093,0.0394702886247877,0.05432937181663837
2007-04-19,SP500,Strong Buy,1.0,1470.73,False,True,0.02152672482372705,0.04461049954784352,0.05357203565576276
2007-04-20,SP500,Strong Buy,1.0,1484.35,False,True,0.014329504496917831,0.03693872738909298,0.04380368511469666
2007-04-23,SP500,Strong Buy,1.0,1480.93,False,True,0.01927842639422522,0.03377607314322755,0.04405339887773224
2007-04-24,SP500,Strong Buy,1.0,1480.41,False,True,0.018447592221073852,0.02497281158597958,0.04908775271715257
2007-04-25,SP500,Strong Buy,1.0,1495.42,False,True,0.011475037113319236,-0.0031429297454895915,0.02586564309692249
2007-04-26,SP500,Strong Buy,1.0,1494.25,False,True,-0.0018604651162790514,0.00898109419441196,0.031668060900117076
2007-04-27,SP500,Strong Buy,1.0,1494.07,False,True,0.007884503403454974,0.010073155876230668,0.011358236227218288
2007-04-30,SP500,Strong Buy,1.0,1482.37,False,True,0.014018092648933937,0.007170949223203458,0.024096548095279877
2007-05-01,SP500,Strong Buy,1.0,1486.3,False,True,0.010018165915360358,0.01976047904191625,-0.002449034515239099
2007-05-02,SP500,Strong Buy,1.0,1495.92,False,True,0.012179795711000606,0.018082517781699524,-0.024713888443232277
2007-05-03,SP500,Strong Buy,1.0,1502.39,False,True,0.0068956795505826715,0.020314299216581566,-0.01895646270276028
2007-05-04,SP500,Strong Buy,1.0,1505.62,False,True,0.011377372776663508,0.016890051938736245,-0.033441372989200406
2007-05-07,SP500,Strong Buy,1.0,1509.48,False,True,0.010347934388001094,0.01604526061955112,-0.02893049261997514
2007-05-08,SP500,Strong Buy,1.0,1507.72,False,True,0.010877351232324214,0.0033958559944816617,-0.02355875096171702
2007-05-09,SP500,Strong Buy,1.0,1512.58,False,True,0.006412883946634258,0.006353382961562448,-0.05257242592127358
2007-05-10,SP500,Strong Buy,1.0,1491.47,False,True,0.010754490536182399,0.007435617209866721,-0.01595741114470955
2007-05-11,SP500,Strong Buy,1.0,1505.85,False,True,0.006561078460670127,-0.005385662582594482,-0.019351196998372927
2007-05-14,SP500,Strong Buy,1.0,1503.15,False,True,0.009952433223563721,-0.0068256661011874996,-0.003765425938861778
2007-05-15,SP500,Strong Buy,1.0,1501.19,False,True,0.01934465324176151,0.003430611714706242,-0.032041247277160206
2007-05-16,SP500,Strong Buy,1.0,1514.14,False,True,0.010884066202596715,-0.005567516874265301,-0.03995667507628092
2007-05-17,SP500,Strong Buy,1.0,1512.75,False,True,0.01559411667492971,-0.00621384895058674,-0.03955048752272347
2007-05-18,SP500,Strong Buy,1.0,1522.75,False,True,0.010789689706123831,-0.0021802659661795676,-0.06318174355606636
2007-05-21,SP500,Strong Buy,1.0,1525.1,False,True,0.003835814044980747,-0.0001508097829650634,-0.07763425349157424
2007-05-22,SP500,Strong Buy,1.0,1524.12,False,True,-0.004422223971865589,0.0008398288848648402,-0.07404272629451744
2007-05-23,SP500,Strong Buy,1.0,1522.28,False,True,-0.020732059805029263,0.0053603804819087695,-0.05014846151824889
2007-05-24,SP500,Strong Buy,1.0,1507.51,False,True,0.00010613528268474627,0.016145829878408714,-0.04110088821964699
2007-05-25,SP500,Strong Buy,1.0,1515.73,False,True,-0.004360934995018986,-0.003701186886846686,-0.04526531770170157
2007-05-29,SP500,Strong Buy,1.0,1518.11,False,True,-0.016540303403574118,0.0004281639670380216,-0.03559689350574067
2007-05-30,SP500,Strong Buy,1.0,1530.23,False,True,-0.009514909523404943,0.01141658443501959,-0.044261320193696385
2007-05-31,SP500,Strong Buy,1.0,1530.62,False,True,-0.0049979746769282145,0.014294860906038149,-0.033483163685304
2007-06-01,SP500,Strong Buy,1.0,1536.34,False,True,-0.0022325787260631348,0.008578830206855296,-0.04526992722964966
2007-06-04,SP500,Strong Buy,1.0,1539.18,False,True,-0.005282033290453429,0.006620408269338107,-0.06940058992450536
2007-06-05,SP500,Strong Buy,1.0,1530.95,False,True,0.0017962702896894085,0.009941539566935581,-0.04388778209608416
2007-06-06,SP500,Strong Buy,1.0,1517.38,True,True,-0.002991999367330656,0.023527395906101183,-0.03937049387760482
2007-06-07,SP500,Strong Buy,1.0,1490.72,True,True,0.021110604271761313,0.029100032199205674,-0.01122276483846733
2007-06-08,SP500,Strong Buy,1.0,1507.67,False,True,-0.0033893358626225414,0.02248502656416846,-0.012104770937937347
2007-06-11,SP500,Strong Buy,1.0,1509.12,False,True,-0.007540818490245894,0.0012722646310433052,-0.024404951229855764
2007-06-12,SP500,Strong Buy,1.0,1493.0,True,True,-7.367716008030808e-05,0.016805090421969135,-0.009678499665103849
2007-06-13,SP500,Strong Buy,1.0,1515.67,False,True,-0.006155693521676984,-0.02177914717583642,-0.04098517487315848
2007-06-14,SP500,Strong Buy,1.0,1522.97,False,True,-0.011333118840160994,-0.04203628436541756,-0.04679671956768681
2007-06-15,SP500,Strong Buy,1.0,1532.91,False,True,-0.019283584815807955,-0.038488887149278166,-0.0400675838764181
2007-06-18,SP500,Strong Buy,1.0,1531.05,False,True,-0.007589562718395801,-0.04949544430292935,-0.038855687273439805
2007-06-19,SP500,Strong Buy,1.0,1533.7,False,True,-0.005757318902001796,-0.04426550172784775,-0.03243789528590989
2007-06-20,SP500,Strong Buy,1.0,1512.84,False,True,0.00830226593691347,-0.026863382776764148,-0.01889823114142931
2007-06-21,SP500,Strong Buy,1.0,1522.19,False,True,0.005419822755372194,-0.05855379420440294,-0.029917421609654486
2007-06-22,SP500,Strong Buy,1.0,1502.56,True,True,0.01949339793419229,-0.023220370567564607,0.01146044084762008
2007-06-25,SP500,Strong Buy,1.0,1497.74,True,True,0.008265787119259606,-0.014041155340713323,0.02089147649124679
2007-06-26,SP500,Strong Buy,1.0,1492.89,True,True,0.01732880520333038,0.0030812718954510436,0.01732210678616636
2007-06-27,SP500,Strong Buy,1.0,1506.34,True,True,0.027457280560829647,-0.03535058486131949,0.012885537129731723
2007-06-28,SP500,Strong Buy,1.0,1505.71,True,True,0.031075041010553136,-0.03458169235775809,0.007982944922993127
2007-06-29,SP500,Strong Buy,1.0,1503.35,True,True,0.030711411181694268,-0.033545082648751015,0.00921940998436833
2007-07-02,SP500,Strong Buy,1.0,1519.43,True,True,0.019704757705191964,-0.0611347676431294,0.003942267824118261
2007-07-03,SP500,Strong Buy,1.0,1524.87,False,True,0.013968403863936062,-0.07749513073245579,0.004269216392217185
2007-07-05,SP500,Strong Buy,1.0,1525.4,True,True,0.018146060049822887,-0.07481971941785767,0.0008850137668807585
2007-07-06,SP500,Strong Buy,1.0,1530.44,False,True,0.0023914691199915412,-0.05521287995609106,0.010846553932202444
2007-07-09,SP500,Strong Buy,1.0,1531.85,False,True,0.006345268792636373,-0.05633710872474457,0.0096484642752229
2007-07-10,SP500,Strong Buy,1.0,1510.12,True,True,0.0006092231080974179,-0.041718538924059016,0.01951500543003207
2007-07-11,SP500,Strong Buy,1.0,1518.76,True,True,-0.00044114935868739814,-0.036009639442703294,0.015855039637599048
2007-07-12,SP500,Strong Buy,1.0,1547.7,False,True,-0.04202364799379722,-0.05504942818375657,0.0063901272856495914
2007-07-13,SP500,Strong Buy,1.0,1552.5,False,True,-0.060257648953301095,-0.047104669887278655,5.152979066017858e-05
2007-07-16,SP500,Strong Buy,1.0,1549.52,False,True,-0.048795756105116356,-0.053390727451081636,0.010086994682224243
2007-07-17,SP500,Strong Buy,1.0,1549.37,False,True,-0.06073436299915444,-0.0755210182203089,0.008455049471720853
2007-07-18,SP500,Strong Buy,0.9999999999999999,1546.17,True,True,-0.05197358634561537,-0.05329944314014635,0.005329297554602669
2007-07-19,SP500,Strong Buy,1.0,1553.08,False,True,-0.05207716279908304,-0.061452082313853656,0.005614649599505517
2007-07-20,SP500,Strong Buy,0.9999999999999999,1534.1,True,True,-0.06586272081350628,-0.03918258262173255,0.009523499120005299
2007-07-23,SP500,Strong Buy,1.0,1541.57,True,True,-0.047938140986137426,-0.03382914820604959,-0.001972015542596161
2007-07-24,SP500,Strong Buy,1.0,1511.04,True,True,-0.02271945150360012,-0.025644589157136806,0.01998623464633633
2007-07-25,SP500,Strong Buy,1.0,1518.09,True,True,-0.01356968295687338,-0.026045886607513367,0.014485307195225587
2007-07-26,SP500,Strong Buy,1.0,1482.66,True,True,-0.019943884639769174,-0.019633631446184643,0.01212010845372508
2007-07-27,SP500,Strong Buy,0.7729699443157152,1458.95,True,True,-0.003639603824668388,-0.004969327255903218,0.03247541039788881
2007-07-30,SP500,Strong Buy,1.0,1473.91,True,True,-0.014241032356114016,-0.0016418912959407783,0.0309923943795753
2007-07-31,SP500,Mild Buy,0.5191381633831791,1455.27,True,True,-0.019742040995828967,0.011193799088828853,0.04164862877679065
2007-08-01,SP500,Strong Buy,1.0,1465.81,True,True,-0.04032582667603571,0.012375410182765912,0.033148907430021725
2007-08-02,SP500,Strong Buy,1.0,1472.2,True,True,-0.04138703980437445,0.008185029207988014,0.042847439206629485
2007-08-03,SP500,Mild Sell,-0.6073159240426288,1433.06,True,False,0.008987760456645297,0.030417428439842117,0.07530738419884728
2007-08-06,SP500,Strong Buy,0.9568357887549642,1467.67,True,True,-0.01507150790027739,0.035505256631259,0.04316365395490806
2007-08-07,SP500,Strong Buy,1.0,1476.71,True,True,-0.020037786701519015,0.03543011153171573,0.04921074550859686
2007-08-08,SP500,Strong Buy,1.0,1497.49,True,True,-0.022317344356222794,0.014197089796926852,0.007312235807918614
2007-08-09,SP500,Hold,0.3594867155290802,1453.09,True,True,0.0064758549023116825,0.05000378503740311,0.03892394827574354
2007-08-10,SP500,Hold,0.3642162778960347,1453.64,True,True,0.01770039349495046,0.04408932060207473,0.03338515726039457
2007-08-13,SP500,Hold,0.3296820644099599,1452.92,True,False,0.009546292982407766,0.044248823059769266,0.04635492663050953
2007-08-14,SP500,Mild Sell,-0.5021503117527448,1426.54,True,False,0.004079801477701247,0.06931456531187356,0.03440492380164589
2007-08-15,SP500,Mild Sell,-0.65,1406.7,True,False,0.040563019833653194,0.08863297078268292,0.04838984858178712
2007-08-16,SP500,Mild Sell,-0.65,1411.27,True,False,0.032856930282653296,0.08182700688032767,0.03006511865199435
2007-08-17,SP500,Hold,0.0946347318339105,1445.94,True,False,0.019399145192746554,0.06991991368936464,-0.0046751594118704725
2007-08-20,SP500,Hold,0.06466856481893654,1445.55,True,False,0.030348310331707738,0.06992494206357452,0.024558126664591333
2007-08-21,SP500,Hold,0.09366809524901124,1447.12,True,False,0.017393167118138146,0.06389933108518991,0.016211509757311098
2007-08-22,SP500,Mild Buy,0.6207754785425762,1464.07,True,True,0.009890237488644682,0.05380207230528594,-0.008824714665282292
2007-08-23,SP500,Mild Buy,0.565905398259861,1462.5,True,True,-0.006119658119658151,0.06501880341880337,-0.0025709401709401647
2007-08-24,SP500,Strong Buy,1.0,1479.37,False,True,-0.018703907744512763,0.04948728174831181,-0.03116191351724039
2007-08-27,SP500,Strong Buy,0.71492903363246,1466.79,True,True,0.003204276004063326,0.06705799739567364,-0.01846890147873923
2007-08-28,SP500,Mild Sell,-0.560106104955054,1432.36,True,False,0.027367421597922343,0.09083610265575703,-0.01088413527325527
2007-08-29,SP500,Mild Buy,0.5807546149896023,1463.76,True,True,0.0137932447942286,0.06192955129256168,-0.015753948734765225
2007-08-30,SP500,Hold,0.3340094113669025,1457.64,True,False,0.018255536346422914,0.07145797316209754,-0.034590159435800384
2007-08-31,SP500,Strong Buy,0.8460307692307739,1473.99,True,True,0.001804625540200464,0.050692338482622015,-0.031044986736680703
2007-09-04,SP500,Strong Buy,1.0,1489.42,True,True,0.020383773549435283,0.032972566502396834,-0.013696606732822234
2007-09-05,SP500,Strong Buy,0.8759482533321746,1472.29,True,True,0.038538603128459754,0.04683180623382625,-0.0017455800148068223
2007-09-06,SP500,Strong Buy,1.0,1478.55,True,True,0.02718879983767884,0.04161509587095463,0.0017517162084475638
2007-09-07,SP500,Hold,-0.04793073906882017,1453.55,True,False,0.04967149392865746,0.03238966667813296,0.01298200956279462
2007-09-10,SP500,Hold,-0.14281548945091127,1451.7,True,False,0.04548460425707789,0.03763174209547419,0.007639319418612604
2007-09-11,SP500,Strong Buy,0.7407057042548513,1471.49,True,True,0.03107054754024834,0.032687955745536776,0.009187965939286018
2007-09-12,SP500,Strong Buy,0.735480923006623,1471.56,True,True,0.03660061431406136,0.030117698225013024,0.024314333088694972
2007-09-13,SP500,Strong Buy,1.0,1483.95,True,True,0.03196199332861623,0.020519559284342494,0.01395599582196168
2007-09-14,SP500,Strong Buy,1.0,1484.25,True,True,0.028633990230756273,0.034381000505305695,0.021364325416877234
2007-09-17,SP500,Strong Buy,0.920679562994884,1476.65,True,True,0.0476687095791148,0.04356482578810139,0.0006772085463718552
2007-09-18,SP500,Strong Buy,1.0,1519.78,False,True,0.017667030754451394,0.007395807287896939,-0.021838687178407437
2007-09-19,SP500,Strong Buy,1.0,1529.03,False,True,0.006906339313159288,0.013309091384734201,-0.026565862017095734
2007-09-20,SP500,Strong Buy,1.0,1518.75,False,True,0.015861728395061673,-0.006788477366255108,-0.03344855967078186
2007-09-21,SP500,Strong Buy,1.0,1525.75,False,True,0.020868425364574745,-0.010552187448795615,-0.052334917253809544
2007-09-24,SP500,Strong Buy,1.0,1517.73,False,True,0.02296192339875993,-0.010252152886218198,-0.041344639692171864
2007-09-25,SP500,Strong Buy,1.0,1517.21,False,True,0.031597471674982405,0.0020168598941477747,-0.04232110255007549
2007-09-26,SP500,Strong Buy,1.0,1525.42,False,True,0.024288392704959916,-0.03264674646982482,-0.04280788241926825
2007-09-27,SP500,Strong Buy,1.0,1531.38,False,True,0.015038723243087915,-0.03696665752458575,-0.030639031461818796
2007-09-28,SP500,Strong Buy,1.0,1526.75,False,True,0.022957262158179108,-0.04784673325691826,-0.019846078270836714
2007-10-01,SP500,Strong Buy,1.0,1547.04,False,True,0.0010794808149757426,-0.06972023994208289,-0.03191901954700582
2007-10-02,SP500,Strong Buy,1.0,1546.63,False,True,-0.00523719312311292,-0.04240186728564695,-0.04549245779533574
2007-10-03,SP500,Strong Buy,1.0,1539.59,False,True,0.0010717138978559818,-0.04482362187335589,-0.039685890399391986
2007-10-04,SP500,Strong Buy,1.0,1542.84,False,True,-0.0017889087656529459,-0.059429364029970594,-0.04827461045863474
2007-10-05,SP500,Strong Buy,1.0,1557.59,False,True,-0.03656931541676552,-0.0634634274744958,-0.07089798984328344
2007-10-08,SP500,Strong Buy,1.0,1552.58,False,True,-0.029789125198057428,-0.07684628167308606,-0.0678998827757667
2007-10-09,SP500,Strong Buy,1.0,1565.15,False,True,-0.02910903108328286,-0.0801520621026739,-0.09808644538862088
2007-10-10,SP500,Strong Buy,1.0,1562.47,False,True,-0.029818172508912118,-0.09324979039597563,-0.09362739764603478
2007-10-11,SP500,Strong Buy,1.0,1554.41,False,True,-0.025739669713910736,-0.07315315778977234,-0.10564780205994559
2007-10-12,SP500,Strong Buy,1.0,1561.8,False,True,-0.01698040722243564,-0.09897554104238694,-0.09775259316173636
2007-10-15,SP500,Strong Buy,1.0,1548.71,False,True,-0.004991250782909659,-0.077793776756139,-0.08289479631435201
2007-10-16,SP500,Strong Buy,0.9999999999999999,1538.53,False,True,-0.0048812827829161545,-0.04517948951271668,-0.08937752270023984
2007-10-17,SP500,Strong Buy,0.9999999999999999,1541.24,False,True,0.0052814616802056135,-0.046404194025589776,-0.08109703874802109
2007-10-18,SP500,Strong Buy,0.9999999999999999,1540.08,False,True,-0.020544387304555527,-0.038270739182380026,-0.10332580125707748
2007-10-19,SP500,Strong Buy,1.0,1500.63,False,True,0.006010808793639992,-0.018798771182769927,-0.08491766791280998
2007-10-22,SP500,Strong Buy,1.0,1506.33,False,True,-0.002761679047751724,-0.028904688879594752,-0.11490178115021273
2007-10-23,SP500,Strong Buy,0.9999999999999999,1519.59,False,True,0.00044748912535622353,-0.02275613816884813,-0.12792924407241418
2007-10-24,SP500,Strong Buy,1.0,1515.88,False,True,-0.02655883051428887,-0.005633691321212887,-0.13548565849539548
2007-10-25,SP500,Strong Buy,1.0,1514.4,False,True,-0.02616877971473858,-0.006431590068674068,-0.11608557844690978
2007-10-26,SP500,Strong Buy,0.9999999999999999,1535.28,False,True,-0.05313688708248654,-0.012584023761137993,-0.11933328122557452
2007-10-29,SP500,Strong Buy,1.0,1540.98,False,True,-0.06606185674051575,-0.0410972238445664,-0.13651702163558263
2007-10-30,SP500,Strong Buy,1.0,1531.02,False,True,-0.03263837180441799,-0.02901986910686997,-0.11564839126856602
2007-10-31,SP500,Strong Buy,0.9999999999999999,1549.38,False,True,-0.050859053298738965,-0.03935122436071204,-0.12074507222243745
2007-11-01,SP500,Strong Buy,1.0,1508.44,False,True,-0.03797963458937708,-0.026842300654981312,-0.10118400466707334
2007-11-02,SP500,Strong Buy,1.0,1509.65,False,True,-0.03372304838869942,-0.04222833107011559,-0.08684132083595544
2007-11-05,SP500,Strong Buy,1.0,1502.17,True,True,-0.04586697910356357,-0.03141455361244071,-0.07106386094782881
2007-11-06,SP500,Strong Buy,1.0,1520.27,False,True,-0.052997164977273734,-0.044248718977550026,-0.09172712741815602
2007-11-07,SP500,Hold,-0.20606131250728346,1475.62,True,False,-0.0398815413182255,-0.010504059310662638,-0.094184139548122
2007-11-08,SP500,Hold,-0.10910022948767711,1474.77,True,False,-0.023101907416071616,0.006570516080473603,-0.10057161455684611
2007-11-09,SP500,Strong Sell,-0.75,1453.7,True,False,-0.03197358464607554,0.029407718236224806,-0.0803398225218408
2007-11-12,SP500,Strong Sell,-0.75,1439.18,True,False,-0.00760849928431471,0.04063425005906142,-0.07496630025431154
2007-11-13,SP500,Hold,0.23313131313130028,1481.05,False,False,-0.008122615711826051,-0.0032274399918976217,-0.09582390871341268
2007-11-14,SP500,Hold,-0.26077873181831834,1470.58,True,False,-0.0005848032748982714,0.005378830121448736,-0.08277006351235569
2007-11-15,SP500,Strong Sell,-0.75,1451.15,True,False,0.02066636805292355,0.0118595596595802,-0.0578437790717707
2007-11-16,SP500,Mild Sell,-0.670691120091176,1458.74,True,False,0.009377956318466666,-0.007938357760807223,-0.07532528072171882
2007-11-19,SP500,Strong Sell,-0.75,1433.27,True,False,0.02059625890446321,0.009691125886957865,-0.058104893006900284
2007-11-20,SP500,Strong Sell,-0.75,1439.7,False,False,0.03147183440994648,-0.019497117455025307,-0.06315204556504832
2007-11-21,SP500,Strong Sell,-0.75,1416.77,True,False,0.06392710178786955,-0.00041644021259619994,-0.040048843496121464
2007-11-23,SP500,Strong Sell,-0.75,1440.7,True,False,0.04439508572221839,-0.03505934615117651,-0.06814048726313603
2007-11-26,SP500,Strong Sell,-0.75,1407.22,True,False,0.07727292107843835,0.001357285996503803,-0.038451699094669015
2007-11-27,SP500,Strong Sell,-0.75,1428.23,True,False,0.03460226994251631,-0.005531321985954706,-0.039510442995876055
2007-11-28,SP500,Hold,-0.3637946768201654,1469.02,False,False,0.011960354522062283,-0.04628936297667833,-0.05972008549917633
2007-11-29,SP500,Mild Sell,-0.5119440710231233,1469.72,False,False,0.012716707944370393,-0.036381079389271445,-0.06103203331246771
2007-11-30,SP500,Hold,0.24548590591113942,1481.14,False,False,-0.008905302672265993,-0.06764384190555926,-0.07660315702769491
2007-12-03,SP500,Mild Sell,-0.41453356981432343,1472.42,False,False,-0.018011165292511636,-0.06738566441640294,-0.09629725214273098
2007-12-04,SP500,Strong Sell,-0.75,1462.79,False,False,-0.0053391122444096184,-0.08855679899370379,-0.08986252298689494
2007-12-05,SP500,Hold,0.30154916084323,1485.01,False,True,-0.021555410401276752,-0.10762217089447206,-0.10657167291802748
2007-12-06,SP500,Strong Buy,0.9999999999999999,1507.34,False,True,-0.031326707975639224,-0.13058765772818337,-0.1151963060756033
2007-12-07,SP500,Strong Buy,1.0,1504.66,False,True,-0.013424959791580851,-0.11036380311831255,-0.13313306660640953
2007-12-10,SP500,Strong Buy,1.0,1515.96,False,True,-0.012869732710625604,-0.10810971265732612,-0.14683105095121252
2007-12-11,SP500,Mild Sell,-0.4087710044809586,1477.65,False,False,0.013541772408892492,-0.0995093560721417,-0.13824654011437093
2007-12-12,SP500,Hold,0.29658948003638264,1486.59,False,True,-0.006942062034589185,-0.08921760539220625,-0.11162459050578831
2007-12-13,SP500,Hold,0.3840377432452623,1488.41,False,True,-0.006664830255104489,-0.08472799833379252,-0.12069255111158894
2007-12-14,SP500,Strong Sell,-0.75,1467.95,False,False,0.0002793010661125069,-0.07639224769236017,-0.10386593548826596
2007-12-17,SP500,Mild Sell,-0.65,1445.9,False,False,0.0008714295594439386,-0.046579984784563336,-0.1091085137284736
2007-12-18,SP500,Strong Sell,-0.75,1454.98,False,False,-0.00537464432500786,-0.040935270587911826,-0.12259962336252052
2007-12-19,SP500,Strong Sell,-0.75,1453.0,False,False,-0.028472126634549132,-0.049676531314521724,-0.08414315209910529
2007-12-20,SP500,Strong Sell,-1.0,1460.12,False,False,-0.030093416979426232,-0.08456839163904323,-0.11074432238446144
2007-12-21,SP500,Hold,0.14007333783191914,1484.46,False,False,-0.06350457405386468,-0.10644274685744311,-0.10438139121296636
2007-12-24,SP500,Strong Buy,0.7637927901650128,1496.45,False,True,-0.05835143172174141,-0.10661231581409333,-0.09794513682381632
2007-12-26,SP500,Strong Buy,0.8274285308984137,1497.66,False,True,-0.05163388218954913,-0.11108662847375246,-0.09659735854599846
2007-12-27,SP500,Strong Sell,-0.7066173615278752,1476.27,False,False,-0.05097306048351589,-0.09289628590975897,-0.09154152018262234
2007-12-28,SP500,Mild Sell,-0.5582146188208541,1478.49,False,False,-0.04209700437608642,-0.08767729237262349,-0.10330134123328533
2007-12-31,SP500,Mild Sell,-0.65,1468.36,False,False,-0.05952899833828207,-0.06888637663788164,-0.10429322509466335
2008-01-02,SP500,Mild Sell,-0.65,1447.16,False,False,-0.05110699577102741,-0.06792614500124394,-0.08600292987644768
2008-01-03,SP500,Mild Sell,-0.65,1447.16,False,False,-0.07871278918709754,-0.06714530528759782,-0.05319384173139115
2008-01-04,SP500,Mild Sell,-0.65,1411.63,False,False,-0.061234176094302366,-0.04452299823608179,-0.03124048086254906
2008-01-07,SP500,Strong Sell,-1.0,1416.18,False,False,-0.0746232823511136,-0.03964891468598631,-0.033096075357652355
2008-01-08,SP500,Strong Sell,-1.0,1390.19,False,False,-0.03711003531891335,-0.03428308360727676,-0.014235464217121374
2008-01-09,SP500,Strong Sell,-1.0,1409.13,False,False,-0.0404930701922464,-0.03975502615088757,-0.02596637641665435
2008-01-10,SP500,Strong Sell,-1.0,1420.33,False,False,-0.06316841860694349,-0.03416811586039862,-0.03857554230354915
2008-01-11,SP500,Strong Sell,-1.0,1401.02,False,False,-0.03358981313614363,-0.01408259696506832,-0.03321151732309316
2008-01-14,SP500,Strong Sell,-1.0,1416.25,False,False,-0.03809355692850842,-0.025581641659311576,-0.039329214474845574
2008-01-15,SP500,Strong Sell,-1.0,1380.95,False,False,-0.018204858973894854,-0.009609326912632594,-0.034845577319960984
2008-01-16,SP500,Strong Sell,-1.0,1373.2,False,False,0.003896009321293263,-0.031000582580833044,-0.03268278473638225
2008-01-17,SP500,Strong Sell,-1.0,1333.25,True,False,0.046630414400900114,-0.0014325895368461142,0.0008850553159572951
2008-01-18,SP500,Strong Sell,-1.0,1325.19,True,False,0.041978886046529086,0.0011771896860072483,0.029822138712184653
2008-01-22,SP500,Strong Sell,-1.0,1310.5,True,False,0.01994658527279672,0.01770316673025566,0.042014498283098015
2008-01-23,SP500,Strong Sell,-1.0,1338.6,True,False,-0.009076647243388514,-0.025593904078888386,0.038644852831316315
2008-01-24,SP500,Strong Sell,-1.0,1352.07,True,False,-0.011212437225883169,-0.04341491194982512,0.026699801045803943
2008-01-25,SP500,Strong Sell,-1.0,1330.61,True,False,0.0005110438069757958,-0.04301786398719385,0.034067082015015786
2008-01-28,SP500,Strong Sell,-1.0,1353.96,True,False,-0.010953056220272333,-0.024601908475878124,0.01918077343496117
2008-01-29,SP500,Strong Sell,-1.0,1362.3,False,False,-0.009865668354987929,-0.039293841297805165,0.019467077736181445
2008-01-30,SP500,Strong Sell,-1.0,1355.81,False,False,0.008408257794233773,-0.029746055863284625,0.030999918867687933
2008-01-31,SP500,Strong Sell,-1.0,1378.55,False,False,-0.021537122338689242,-0.06558340285082141,0.012926625802473567
2008-02-01,SP500,Strong Sell,-1.0,1395.42,False,False,-0.03255650628484618,-0.08514999068380857,-0.003210502931017198
2008-02-04,SP500,Strong Sell,-1.0,1380.82,False,False,-0.023203603655798703,-0.03626830434089884,0.0034544690835879997
2008-02-05,SP500,Strong Sell,-1.0,1336.64,True,False,0.017499102226478238,-0.028594086665070642,0.05439011252094791
2008-02-06,SP500,Strong Sell,-1.0,1326.45,True,False,0.01212258283387985,0.00230690941988009,0.06592785253873124
2008-02-07,SP500,Strong Sell,-1.0,1336.91,False,False,0.012117494820144825,0.009701475791190153,0.05279338175344632
2008-02-08,SP500,Strong Sell,-1.0,1331.29,False,False,0.03042913264577965,0.016299979718919277,0.06532761456932752
2008-02-11,SP500,Strong Sell,-1.0,1339.13,False,False,0.03148312710491129,0.0014935069784113564,0.03990650646315132
2008-02-12,SP500,Strong Sell,-1.0,1348.86,False,False,0.023100988983289654,-0.017125572705840423,0.03619352638524396
2008-02-13,SP500,Strong Sell,-1.0,1367.21,False,False,0.000343765771169043,-0.03802634562356917,0.015410946379853817
2008-02-14,SP500,Strong Sell,-1.0,1348.86,False,False,-0.013515116468721581,-0.019394155064276393,0.040567590409679305
2008-02-15,SP500,Strong Sell,-1.0,1349.99,False,False,-0.013814917147534493,0.014955666338269212,0.039296587382128725
2008-02-19,SP500,Strong Sell,-1.0,1348.78,False,False,-0.016333278963211177,0.013901451682261007,0.04439567609246883
2008-02-20,SP500,Strong Sell,-1.0,1360.03,False,False,-0.019359867061755937,0.006823378896053744,0.04671955765681637
2008-02-21,SP500,Strong Sell,-1.0,1342.53,False,False,-0.028446291702978747,0.02075931264105839,0.061689496696535596
2008-02-22,SP500,Strong Sell,-1.0,1353.11,False,False,-0.04415014300389474,0.014359512530392995,0.05433408961577419
2008-02-25,SP500,Strong Sell,-1.0,1371.8,False,False,-0.07175244204694567,-0.004563347426738585,0.03032512027992429
2008-02-26,SP500,Strong Sell,-1.0,1381.29,False,False,-0.043900991102520014,-0.01940215305982086,0.0068197120083400824
2008-02-27,SP500,Strong Sell,-1.0,1380.02,False,False,-0.05162968652628223,-0.014108491181287248,0.010383907479601693
2008-02-28,SP500,Strong Sell,-1.0,1367.68,False,False,-0.038166822648572796,-0.02548110669162387,0.006032112774918109
2008-02-29,SP500,Strong Sell,-1.0,1330.63,False,False,-0.03193224262191594,-0.001736019780104291,0.04112337764818153
2008-03-03,SP500,Strong Sell,-1.0,1331.34,False,False,-0.04111646912133641,0.0023209698499257483,0.044691814262322174
2008-03-04,SP500,Strong Sell,-1.0,1326.75,False,False,0.0030073487846240883,0.028611268136423618,0.05389862445826266
2008-03-05,SP500,Strong Sell,-1.0,1333.7,False,False,-0.026452725500487346,0.023888430681562496,0.04999625103096653
2008-03-06,SP500,Strong Sell,-1.0,1304.34,False,False,0.019297115782694753,0.06592606222304001,0.062353374120244845
2008-03-07,SP500,Strong Sell,-1.0,1293.37,False,False,0.04369206027664181,0.07329689106752142,0.06516310104610452
2008-03-10,SP500,Strong Sell,-1.0,1273.37,True,False,0.06252699529594707,0.0805500365172732,0.0815395368196205
2008-03-11,SP500,Strong Sell,-1.0,1320.65,False,False,0.015507515238708225,0.0448869874682921,0.06315072123575502
2008-03-12,SP500,Strong Sell,-1.0,1308.77,False,False,0.012981654530589798,0.061164299303926556,0.03966319521382679
2008-03-13,SP500,Strong Sell,-1.0,1315.48,False,False,-0.00019764648645360697,0.06260832547815239,0.03518107458874325
2008-03-14,SP500,Strong Sell,-1.0,1288.14,True,False,0.026829381899482932,0.08402037045662722,0.05457481329669132
2008-03-17,SP500,Strong Sell,-1.0,1276.6,True,False,0.07330408898637017,0.08956603477988419,0.046130346232179306
2008-03-18,SP500,Strong Sell,-1.0,1330.74,False,False,0.027646271999038102,0.041217668364969796,0.006860844342245579
2008-03-19,SP500,Strong Sell,-1.0,1298.42,True,False,0.05459712573743463,0.08542690346729089,0.047449977665162194
2008-03-20,SP500,Strong Sell,-1.0,1329.51,False,False,0.030755691946657115,0.06347451316650503,0.023038563079630925
2008-03-24,SP500,Strong Sell,-1.0,1349.88,False,False,0.016786677334281457,0.042677867662310645,0.0007778469197261642
2008-03-25,SP500,Strong Sell,-1.0,1352.99,False,False,0.009275752222854533,0.048241302596471504,-0.011219595118958798
2008-03-26,SP500,Strong Sell,-1.0,1341.13,False,False,0.009961748674625055,0.038355714956790035,0.0012675877804536606
2008-03-27,SP500,Strong Sell,-1.0,1325.76,False,False,0.026241552015447717,0.0542481293748492,-0.005906046343229489
2008-03-28,SP500,Strong Sell,-1.0,1315.22,False,False,0.013389394930125682,0.055549641885007786,0.0021137148157722454
2008-03-31,SP500,Strong Sell,-1.0,1322.7,False,False,0.004248884856732358,0.06114765252891803,-0.006358206698419961
2008-04-01,SP500,Strong Sell,-1.0,1370.18,False,False,-0.0260914624355924,0.02398225050723255,-0.035185158154403096
2008-04-02,SP500,Strong Sell,-1.0,1367.53,False,False,-0.0020621119829180613,0.030076122644475886,-0.06170248550306018
2008-04-03,SP500,Strong Sell,-1.0,1369.31,False,False,-0.0027386055750706563,0.03962579693422234,-0.06640570798431315
2008-04-04,SP500,Strong Sell,-1.0,1370.4,False,False,0.01454319906596602,0.040097781669585386,-0.0659661412726212
2008-04-07,SP500,Strong Sell,-1.0,1372.54,False,False,0.011387646261675514,0.03940868754280396,-0.06384513383945085
2008-04-08,SP500,Strong Sell,-1.0,1365.54,False,False,0.0076160346822503125,0.035048405758894015,-0.07617499304304523
2008-04-09,SP500,Strong Sell,-1.0,1354.49,False,False,0.018781976980265676,0.026740692068601486,-0.06761954684050818
2008-04-10,SP500,Strong Sell,-1.0,1360.55,False,False,0.020778361691962795,0.024842894417698692,-0.07955606188673699
2008-04-11,SP500,Strong Sell,-1.0,1332.83,False,False,0.04877591290712244,0.032337207295754254,-0.04436424750343246
2008-04-14,SP500,Strong Sell,-1.0,1328.32,False,False,0.051230125271019,0.04293393158275113,-0.0629592266923632
2008-04-15,SP500,Strong Sell,-1.0,1334.43,False,False,0.04234766904221277,0.0422727306790164,-0.06073004953425804
2008-04-16,SP500,Strong Sell,-1.0,1364.71,False,False,0.015299953836346096,0.024583977548343572,-0.09175575763348992
2008-04-17,SP500,Strong Sell,-1.0,1365.56,False,False,0.03206010720876415,0.025498696505463082,-0.10051553941240224
2008-04-18,SP500,Strong Sell,-1.0,1390.33,False,False,0.01695280976458838,-0.0033517222529901927,-0.1261714844677162
2008-04-21,SP500,Strong Sell,-1.0,1388.17,False,False,0.013917603751701835,-0.007578322539746559,-0.10287644884992483
2008-04-22,SP500,Strong Sell,-1.0,1375.94,False,False,0.03075715510850759,0.0009157376048374136,-0.08402982688198622
2008-04-23,SP500,Strong Sell,-1.0,1379.93,False,False,0.009159884921698834,0.017479147492988695,-0.0864174269709333
2008-04-24,SP500,Strong Sell,-1.0,1388.82,False,False,0.0063795164240147235,-0.020261804985527192,-0.0927550006480321
2008-04-25,SP500,Strong Sell,-1.0,1397.84,False,False,-0.006839123218680211,-0.025811251645395702,-0.08644766210725113
2008-04-28,SP500,Strong Sell,-1.0,1396.37,False,False,0.005163387927268587,-0.027163287667308692,-0.0817691586040948
2008-04-29,SP500,Strong Sell,-1.0,1390.94,False,False,0.008699153090715565,-0.03986512718018034,-0.09950105683925985
2008-04-30,SP500,Strong Sell,-1.0,1385.59,False,False,0.016649946954005273,-0.032996773937456265,-0.09225672818077493
2008-05-01,SP500,Strong Sell,-1.0,1409.34,False,False,0.010096924801680233,-0.03498800857138799,-0.12415031149332315
2008-05-02,SP500,Strong Sell,-1.0,1413.9,False,False,0.008098168187283272,-0.03802249098238913,-0.10658462408939814
2008-05-05,SP500,Strong Sell,-1.0,1407.49,False,False,0.013598675656665482,-0.04018501019545428,-0.08755301991488396
2008-05-06,SP500,Strong Sell,-1.0,1418.26,False,False,-0.003426734167218916,-0.05672443698616618,-0.10638387883744863
2008-05-07,SP500,Strong Sell,-1.0,1392.57,False,False,-0.001335659966823858,-0.03571813266119478,-0.09497547699577041
2008-05-08,SP500,Strong Sell,-1.0,1397.68,False,False,-0.0023825196039151697,-0.05705884036403182,-0.1063691259801958
2008-05-09,SP500,Strong Sell,-1.0,1388.28,False,False,-0.008895899962543514,-0.05062379347105769,-0.0744806523179761
2008-05-12,SP500,Strong Sell,-1.0,1403.58,False,False,-0.012988215848045725,-0.06361589649325294,-0.08149873893899875
2008-05-13,SP500,Strong Sell,-1.0,1403.04,False,False,-0.008695404265024551,-0.05778167407914239,-0.097623731326263
2008-05-14,SP500,Strong Sell,-1.0,1408.66,False,False,-0.007382902900629031,-0.08909885990941745,-0.07974954921698646
2008-05-15,SP500,Hold,-0.371656171613738,1423.57,False,False,-0.01629003139993104,-0.10199006722535585,-0.08306581341275807
2008-05-16,SP500,Hold,-0.1873800546386541,1425.35,False,False,-0.02783877644087406,-0.10197495352018797,-0.09524678149226505
2008-05-19,SP500,Hold,-0.04779578606158552,1426.63,False,False,-0.0343326580823339,-0.09933900170331482,-0.09869412531630498
2008-05-20,SP500,Strong Sell,-0.95,1413.4,False,False,-0.025611999433988994,-0.10745719541531067,-0.08523418706664782
2008-05-21,SP500,Strong Sell,-0.95,1390.71,False,False,0.009592222677625039,-0.09190269718345301,-0.06651997900353056
2008-05-22,SP500,Strong Sell,-0.95,1394.35,False,False,-0.02414745221787919,-0.101868254025173,-0.08301359056191057
2008-05-23,SP500,Strong Sell,-0.95,1375.93,False,False,-0.010298489021970647,-0.07429883787692688,-0.07939357380099278
2008-05-27,SP500,Strong Sell,-1.0,1385.35,False,False,-0.019424694120619233,-0.10153390839859953,-0.07998700689356476
2008-05-28,SP500,Strong Sell,-1.0,1390.84,False,False,-0.03979609444652146,-0.09882517040062108,-0.08133214460326127
2008-05-29,SP500,Strong Sell,-1.0,1398.26,False,False,-0.04175904338248974,-0.11354826713200691,-0.07585141533048213
2008-05-30,SP500,Strong Sell,-1.0,1400.38,False,False,-0.02881360773504344,-0.12288093231837083,-0.09535983090304073
2008-06-02,SP500,Strong Sell,-1.0,1385.67,False,False,-0.018424300158046268,-0.12323280434735542,-0.08238613811369234
2008-06-03,SP500,Strong Sell,-1.0,1377.65,False,False,-0.019395347149130784,-0.09602584110623176,-0.06967662323521939
2008-06-04,SP500,Strong Sell,-1.0,1377.2,False,False,-0.028601510310775558,-0.08486784780714501,-0.055562009875108904
2008-06-05,SP500,Strong Sell,-1.0,1404.05,False,False,-0.043602435810690524,-0.10211174815711684,-0.08633595669669886
2008-06-06,SP500,Strong Sell,-1.0,1360.68,False,False,-0.03141811447217568,-0.07399241555692747,-0.061072404973983696
2008-06-09,SP500,Strong Sell,-1.0,1361.76,False,False,-0.03213488426741863,-0.062242979673363875,-0.06372635412994945
2008-06-10,SP500,Strong Sell,-1.0,1358.44,False,False,-0.03250051529695834,-0.05613056152645682,-0.08952180442272027
2008-06-11,SP500,Strong Sell,-1.0,1335.49,False,False,-0.010123625036503442,-0.062112033785352225,-0.06977214355779532
2008-06-12,SP500,Strong Sell,-1.0,1339.87,False,False,-0.04233246508989664,-0.06128206467791644,-0.05379626381663888
2008-06-13,SP500,Strong Sell,-1.0,1360.03,False,False,-0.060035440394697076,-0.0923950206980729,-0.09964486077512995
2008-06-16,SP500,Strong Sell,-1.0,1360.14,False,False,-0.05892040525240056,-0.07127207493346277,-0.0941814813180997
2008-06-17,SP500,Strong Sell,-1.0,1350.93,False,False,-0.048870037677747905,-0.04935118770032501,-0.0754147143079213
2008-06-18,SP500,Strong Sell,-1.0,1337.81,False,False,-0.05702603508719472,-0.05264574192149845,-0.06436638984609168
2008-06-19,SP500,Strong Sell,-1.0,1342.83,False,False,-0.059523543560986755,-0.061452305950864955,-0.11180119598162082
2008-06-20,SP500,Strong Sell,-1.0,1317.93,False,False,-0.049790201300524396,-0.05229412791271165,-0.07916201922712143
2008-06-23,SP500,Strong Sell,-1.0,1318.0,False,False,-0.03361153262518965,-0.025128983308042405,-0.12261760242792101
2008-06-24,SP500,Strong Sell,-1.0,1314.29,False,False,-0.05295634905538345,-0.019097763811639676,-0.08200625432743153
2008-06-25,SP500,Strong Sell,-1.0,1321.97,False,False,-0.05187712277888298,-0.042285377126561184,-0.05059872765645219
2008-06-26,SP500,Strong Sell,-1.0,1283.15,False,False,-0.034025640026497356,0.010263803920040403,-0.0592760004675994
2008-06-27,SP500,Strong Sell,-1.0,1278.38,False,False,-0.03917458032822803,0.021073546206917995,-0.07052676043117076
2008-06-30,SP500,Strong Sell,-1.0,1280.0,False,False,-0.05085156249999993,0.007492187499999936,-0.07353906250000009
2008-07-01,SP500,Strong Sell,-1.0,1284.91,False,False,-0.030780365940027067,0.000716003455494817,-0.05893798009199089
2008-07-02,SP500,Strong Sell,-1.0,1261.52,False,False,-0.0009512334326844168,0.024898535100513732,-0.03824751093918448
2008-07-03,SP500,Strong Sell,-1.0,1262.9,False,False,-0.0017578588961913273,0.02795154010610496,-0.12390529733153853
2008-07-07,SP500,Strong Sell,-1.0,1252.31,False,False,0.006140652074965508,0.02099320455797683,-0.06863316590939947
2008-07-08,SP500,Strong Sell,-1.0,1273.7,False,False,0.0025908769725994773,-0.005503650781188656,-0.0884352673313968
2008-07-09,SP500,Strong Sell,-1.0,1244.69,False,False,0.030127983674649913,0.023981875005021257,-0.10477307602696259
2008-07-10,SP500,Strong Sell,-1.0,1253.39,False,False,-0.0006781608278350205,0.019411356401439237,-0.12299443908121181
2008-07-11,SP500,Strong Sell,-1.0,1239.49,False,False,0.014739933359688245,0.042525554865307534,-0.14731865525337026
2008-07-14,SP500,Strong Sell,-1.0,1228.3,True,False,0.0049417894651143345,0.031376699503378624,-0.18893592770495804
2008-07-15,SP500,Strong Sell,-1.0,1214.91,True,False,0.039747800248578054,0.046587813089035326,-0.1892897416269518
2008-07-16,SP500,Strong Sell,-1.0,1245.36,False,False,0.03123594783837613,0.029148198111389627,-0.2693518340078371
2008-07-17,SP500,Strong Sell,-1.0,1260.32,False,False,0.005601751936016387,0.032023613050653904,-0.2865145359908594
2008-07-18,SP500,Strong Sell,-1.0,1260.68,False,False,-0.00029349240092657787,0.017569882920328603,-0.2041199987308437
2008-07-21,SP500,Strong Sell,-1.0,1260.0,False,False,-0.00872222222222223,0.013952380952380895,-0.20792857142857143
2008-07-22,SP500,Strong Sell,-1.0,1277.0,False,False,0.0061707126076743215,-0.0015818324197337367,-0.28908379013312446
2008-07-23,SP500,Strong Sell,-1.0,1282.19,False,False,0.005459409291914615,-0.0353769722116068,-0.26186446626475024
2008-07-24,SP500,Strong Sell,-1.0,1252.54,False,False,0.010802050233924644,-0.008167403835406468,-0.24908585753748386
2008-07-25,SP500,Strong Sell,-1.0,1257.76,False,False,0.030657677140312894,0.00797449433914258,-0.21654369673069584
2008-07-28,SP500,Strong Sell,-1.0,1234.37,False,False,0.057478713837828245,-0.007987880457237214,-0.22628547356141188
2008-07-29,SP500,Strong Sell,-1.0,1263.2,False,False,0.020891386953768108,-0.024667511082963965,-0.2900728309056365
2008-07-30,SP500,Strong Sell,-1.0,1284.26,False,False,0.0012224938875305127,-0.027416566738822385,-0.29289240496472674
2008-07-31,SP500,Strong Sell,-1.0,1267.38,False,False,0.02015969953762877,-0.012371979990216086,-0.3082027489782071
2008-08-01,SP500,Strong Sell,-1.0,1260.31,False,False,0.03006403186517611,-0.05364553165491022,-0.32641969039363333
2008-08-04,SP500,Strong Sell,-1.0,1249.01,False,False,0.02369076308436275,-0.028350453559218967,-0.24699562053146093
2008-08-05,SP500,Strong Sell,-1.0,1284.88,False,False,-0.01415696407446614,-0.10000155656559367,-0.2761269534898201
2008-08-06,SP500,Strong Sell,-1.0,1289.19,False,False,-0.01136372450918801,-0.06413329299792898,-0.25993065413166405
2008-08-07,SP500,Strong Sell,-1.0,1266.07,False,False,0.009201702907422253,-0.008680404716958785,-0.23483693634633152
2008-08-08,SP500,Strong Sell,-1.0,1296.32,False,False,-0.003178227598123836,-0.06883331276228094,-0.2545822019254505
2008-08-11,SP500,Strong Sell,-1.0,1305.32,False,False,-0.02947936138264948,-0.08970980296019361,-0.22949927987007013
2008-08-12,SP500,Strong Sell,-1.0,1289.59,False,False,-0.014019959832194673,-0.0804286633736304,-0.26118378709512324
2008-08-13,SP500,Strong Sell,-1.0,1285.83,False,False,-0.003243041459601849,-0.059611301649518104,-0.2962677803442134
2008-08-14,SP500,Strong Sell,-1.0,1292.93,False,False,0.005994137346956138,-0.061611997555938894,-0.2799378156590071
2008-08-15,SP500,Strong Sell,-1.0,1298.2,False,False,-0.011839470035433768,-0.14772762286242486,-0.2919349869049453
2008-08-18,SP500,Strong Sell,-1.0,1278.6,False,False,-0.0007977475363678883,-0.08778351321758174,-0.29692632566870003
2008-08-19,SP500,Strong Sell,-1.0,1266.69,False,False,0.006544616283384225,-0.08339056912109521,-0.3271439736636431
2008-08-20,SP500,Strong Sell,-1.0,1274.54,False,False,-0.02958714516609917,-0.12573948247995353,-0.2850047860404538
2008-08-21,SP500,Strong Sell,-1.0,1277.72,False,False,-0.02771342704191848,-0.13969414269166955,-0.3165247472059607
2008-08-22,SP500,Strong Sell,-1.0,1292.2,False,False,-0.018890264664912615,-0.182100294072125,-0.341626683175979
2008-08-25,SP500,Strong Sell,-1.0,1266.84,False,False,-0.03341384863123988,-0.21361024280887872,-0.3218401692399987
2008-08-26,SP500,Strong Sell,-1.0,1271.51,False,False,-0.03104183215232285,-0.2253777005292919,-0.365651862745869
2008-08-27,SP500,Strong Sell,-1.0,1281.66,False,False,-0.0254435653761529,-0.29004572195434053,-0.41291762245837427
2008-08-28,SP500,Strong Sell,-1.0,1300.68,False,False,-0.03765722545130241,-0.30865393486483994,-0.3849140449610973
2008-08-29,SP500,Strong Sell,-1.0,1282.83,False,False,-0.0702587248505257,-0.21786207057833065,-0.33599151875151034
2008-09-02,SP500,Strong Sell,-1.0,1277.58,False,False,-0.05007905571471064,-0.21882778377870657,-0.3288952550916576
2008-09-03,SP500,Strong Sell,-1.0,1274.98,False,False,-0.09301322373684287,-0.2879574581562064,-0.30376947089366113
2008-09-04,SP500,Strong Sell,-1.0,1236.83,False,False,-0.02451428248021146,-0.23479378734345058,-0.27537333344113574
2008-09-05,SP500,Strong Sell,-1.0,1242.31,False,False,0.010279237871384746,-0.24290233516594087,-0.3429900749410372
2008-09-08,SP500,Strong Sell,-1.0,1267.79,False,False,-0.04787859188035877,-0.22274193675608736,-0.33048060009938557
2008-09-09,SP500,Strong Sell,-1.0,1224.51,False,False,-0.0296363443336518,-0.2200553690864101,-0.2889073996945717
2008-09-10,SP500,Strong Sell,-1.0,1232.04,False,False,-0.0374744326482907,-0.27211778838349404,-0.3139670789909418
2008-09-11,SP500,Strong Sell,-1.0,1249.05,False,False,-0.03192025939714174,-0.2729594491813778,-0.29861094431768137
2008-09-12,SP500,Strong Sell,-1.0,1251.7,False,False,-0.030702244946872303,-0.29953663018295124,-0.2732284093632659
2008-09-15,SP500,Strong Sell,-1.0,1192.7,True,False,-0.07234006875157203,-0.2882367737067159,-0.2549090299320869
2008-09-16,SP500,Strong Sell,-1.0,1213.6,True,False,-0.0389255108767304,-0.22502471984179295,-0.25903098220171383
2008-09-17,SP500,Strong Sell,-1.0,1156.39,True,False,0.004038429941455603,-0.19569522392964314,-0.2445541729001462
2008-09-18,SP500,Strong Sell,-1.0,1206.51,True,False,-0.07644362665870985,-0.20921500857846181,-0.27084731995590583
2008-09-19,SP500,Strong Sell,-1.0,1255.08,True,False,-0.12417535137202403,-0.22813685183414598,-0.30795646492653844
2008-09-22,SP500,Strong Sell,-1.0,1207.09,True,False,-0.12443148398213873,-0.1994797405330174,-0.2434864011796966
2008-09-23,SP500,Strong Sell,-1.0,1188.22,True,False,-0.16157782228880174,-0.15356583797613238,-0.23884465839659327
2008-09-24,SP500,Strong Sell,-1.0,1185.87,True,False,-0.16943678480777813,-0.19656454754737024,-0.25347635069611335
2008-09-25,SP500,Strong Sell,-1.0,1209.18,True,False,-0.24749003456888147,-0.2516581484973288,-0.2657172629385204
2008-09-26,SP500,Strong Sell,-1.0,1213.27,True,False,-0.25884592877100726,-0.23266049601490185,-0.28158612674837424
2008-09-29,SP500,Strong Sell,-1.0,1106.42,True,False,-0.09315630592360952,-0.1692033766562427,-0.2198622584551979
2008-09-30,SP500,Strong Sell,-1.0,1166.36,True,False,-0.14433794025858218,-0.22926883637984832,-0.2556757776329778
2008-10-01,SP500,Strong Sell,-1.0,1161.06,True,False,-0.2180938108280364,-0.26592940933285103,-0.2482731297262846
2008-10-02,SP500,Strong Sell,-1.0,1114.28,True,False,-0.150635387873784,-0.18217144703306173,-0.21974728075528593
2008-10-03,SP500,Strong Sell,-1.0,1099.23,True,False,-0.14435559437060494,-0.2055438807165016,-0.18976010480063318
2008-10-06,SP500,Strong Sell,-1.0,1056.89,True,False,-0.06764185487609885,-0.19504394970148273,-0.14536990604509464
2008-10-07,SP500,Strong Sell,-1.0,996.23,True,False,-0.041335836102105,-0.13762886080523576,-0.06467382030254064
2008-10-08,SP500,Strong Sell,-1.0,984.94,True,False,-0.0895079903344367,-0.18108717282271003,-0.05836903770788069
2008-10-09,SP500,Strong Sell,-1.0,909.92,True,False,-0.001989185862493346,-0.17307016001406708,0.027233163355020316
2008-10-10,SP500,Strong Sell,-1.0,899.22,True,False,-0.02496608171526439,-0.11030671026000317,0.008262716576588542
2008-10-13,SP500,Strong Sell,-1.0,1003.35,True,False,-0.15391438680420597,-0.15103403597946885,-0.09330742014252255
2008-10-14,SP500,Strong Sell,-1.0,998.01,True,False,-0.057614653159787976,-0.1409003917796415,-0.107874670594483
2008-10-15,SP500,Strong Sell,-1.0,907.84,True,False,0.02450872400422982,-0.022206556221360682,-0.041394959464222815
2008-10-16,SP500,Strong Sell,-1.0,946.43,True,False,0.008093572688946971,-0.05303086334964017,-0.07886478661919
2008-10-17,SP500,Strong Sell,-1.0,940.55,True,False,0.029982457072989258,-0.13219924512253461,-0.10411992982829191
2008-10-20,SP500,Strong Sell,-1.0,985.4,True,False,-0.019382991678506215,-0.13861376090927546,-0.14375887964278464
2008-10-21,SP500,Strong Sell,-1.0,955.05,True,False,0.05308622585204968,-0.08827810062300398,-0.10986859326736816
2008-10-22,SP500,Strong Sell,-1.0,896.78,True,False,0.06243448783425144,-0.057494591761636016,-0.10209861950534127
2008-10-23,SP500,Strong Sell,-1.0,908.11,True,False,-0.00355683782801645,-0.035282069352831666,-0.07473764191562697
2008-10-24,SP500,Strong Sell,-1.0,876.77,True,False,0.061840619546745475,0.03755831061737978,-0.056194897179419896
2008-10-27,SP500,Strong Sell,-1.0,848.92,True,False,0.0827993214908355,0.046824200160203555,-0.019990105074683025
2008-10-28,SP500,Strong Sell,-1.0,940.51,True,False,-0.04418879118775978,-0.04388044784212819,-0.11051450808603837
2008-10-29,SP500,Strong Sell,-1.0,930.09,True,False,-0.08363706738057615,-0.06074680944854799,-0.09072240320829167
2008-10-30,SP500,Strong Sell,-1.0,954.09,True,False,-0.04485949962791777,-0.07793814000775609,-0.08384953201479944
2008-10-31,SP500,Strong Sell,-1.0,968.75,True,False,-0.09853935483870971,-0.10341161290322576,-0.12759741935483873
2008-11-03,SP500,Strong Sell,-1.0,966.3,True,False,-0.11957984062920414,-0.05497257580461555,-0.1453171892786919
2008-11-04,SP500,Strong Sell,-1.0,1005.75,False,False,-0.14579169773800646,-0.10075068356947556,-0.17927914491672875
2008-11-05,SP500,Strong Sell,-1.0,952.77,True,False,-0.15343682105859752,-0.0708355636722399,-0.11992401104148954
2008-11-06,SP500,Strong Sell,-1.0,904.88,True,False,-0.16846432676155948,-0.018787021483511628,-0.0802868888692423
2008-11-07,SP500,Strong Sell,-1.0,930.99,True,False,-0.14066746151945783,-0.06376008335213054,-0.09145103599394191
2008-11-10,SP500,Strong Sell,-1.0,919.21,True,False,-0.0733238324213184,-0.06097627310407858,-0.05505814775731336
2008-11-11,SP500,Strong Sell,-1.0,898.95,True,False,-0.046231714778352584,-0.034262194782802236,-0.032326603259358204
2008-11-12,SP500,Strong Sell,-1.0,852.3,True,False,0.04151120497477414,0.02405256365129649,-0.02949665610700456
2008-11-13,SP500,Strong Sell,-1.0,911.29,True,False,-0.016515050093822994,-0.04594585697198478,-0.08509914516783895
2008-11-14,SP500,Strong Sell,-1.0,873.29,True,False,-0.06536202177970654,0.019867398000664182,-0.043628118952467
2008-11-17,SP500,Strong Sell,-1.0,850.75,True,False,-0.0022803408756979777,0.06171025565677343,-0.028104613576256206
2008-11-18,SP500,Strong Sell,-1.0,859.12,True,False,0.013525467920663009,0.08459819350032585,-0.0814205233261943
2008-11-19,SP500,Strong Sell,-1.0,806.58,True,False,0.04790597336903963,0.14985494309305958,-0.022514815641349998
2008-11-20,SP500,Strong Sell,-1.0,752.44,True,False,0.16430545957152728,0.24222529371112644,0.03521875498378608
2008-11-21,SP500,Strong Sell,-1.0,800.03,True,False,0.13708235941152216,0.13327000237491096,-0.037473594740197264
2008-11-24,SP500,Strong Sell,-1.0,851.81,True,False,0.04327256078233411,0.06799638417017889,-0.1273523438325447
2008-11-25,SP500,Strong Sell,-1.0,857.39,True,False,0.04881092618295061,0.038442249151494697,-0.09826333407200924
2008-11-26,SP500,Strong Sell,-1.0,887.68,False,False,-0.01587283705839933,-0.01962418889689974,-0.1383156092285508
2008-11-28,SP500,Strong Sell,-1.0,896.24,False,False,-0.0184214049808087,-0.027280639114522946,-0.16001294296170665
2008-12-01,SP500,Strong Sell,-1.0,816.21,True,False,0.06415015743497386,0.03235686894304158,-0.09938618737824825
2008-12-02,SP500,Strong Sell,-1.0,848.81,True,False,0.07583558157891637,-0.0059730681778017896,-0.17434997231418092
2008-12-03,SP500,Strong Sell,-1.0,870.74,True,False,0.03867974366630676,-0.02368100695959759,-0.20030089349289107
2008-12-04,SP500,Strong Sell,-1.0,845.22,True,False,0.047395944251200806,-0.047324956815976905,-0.1565864508648636
2008-12-05,SP500,Strong Sell,-1.0,876.07,True,False,0.01348065793829254,-0.04089855833437972,-0.22089559053500302
2008-12-08,SP500,Strong Sell,-1.0,909.7,False,False,-0.041848961195998735,-0.09035945916236127,-0.24878531383972743
2008-12-09,SP500,Strong Sell,-1.0,888.67,False,False,-0.028705818807881433,-0.06382571708283155,-0.23871628388490665
2008-12-10,SP500,Strong Sell,-1.0,899.24,False,False,-0.03457363996263515,-0.06969218451136511,-0.19976869356345356
2008-12-11,SP500,Strong Sell,-1.0,873.59,False,False,-0.0009043143808881481,-0.03191428473311278,-0.17425794709188522
2008-12-12,SP500,Strong Sell,-1.0,879.73,False,False,-0.011719504848078455,-0.006411057938231032,-0.14662453252702534
2008-12-15,SP500,Strong Sell,-1.0,868.57,False,False,0.025409581265758586,-0.026975373314758813,-0.12897060685955086
2008-12-16,SP500,Strong Sell,-1.0,913.18,False,False,-0.010874088350598951,-0.09559999123940512,-0.17443439409535905
2008-12-17,SP500,Strong Sell,-1.0,904.42,False,False,0.030273545476659072,-0.08732668450498653,-0.1396475089007319
2008-12-18,SP500,Strong Sell,-1.0,885.28,False,False,0.047634646665461855,-0.05283074281583226,-0.10271326585938907
2008-12-19,SP500,Strong Sell,-1.0,887.88,False,False,0.052732351218633206,-0.06267738883632921,-0.11695274136144528
2008-12-22,SP500,Strong Sell,-1.0,871.63,False,False,0.0401775982928536,-0.02957676995973059,-0.11827266156511368
2008-12-23,SP500,Strong Sell,-1.0,863.16,False,False,0.05395291718800692,0.006302423652625301,-0.04661939848927199
2008-12-24,SP500,Strong Sell,-1.0,868.15,False,False,0.025571617807982543,0.002004261936301341,-0.07145078615446636
2008-12-26,SP500,Strong Sell,-1.0,872.8,False,False,-0.0029101741521539454,-0.05229147571035746,-0.06750687442713103
2008-12-29,SP500,Strong Sell,-1.0,869.42,False,False,0.002725955234524171,-0.04103885348853253,-0.04205102252076091
2008-12-30,SP500,Strong Sell,-1.0,890.64,False,False,-0.053916284918710124,-0.06225860055690283,-0.08387227162489887
2008-12-31,SP500,Strong Sell,-1.0,903.25,False,False,-0.06588430667035704,-0.08459451978964845,-0.12811513977304181
2009-01-02,SP500,Strong Sell,-1.0,931.8,False,False,-0.08765829577162476,-0.1530693281820133,-0.1437325606353294
2009-01-05,SP500,Strong Sell,-1.0,927.45,False,False,-0.1317914712383417,-0.14990565529139047,-0.1254730713245997
2009-01-06,SP500,Strong Sell,-1.0,934.7,False,False,-0.10105916336792557,-0.16664170322028457,-0.10732855461645452
2009-01-07,SP500,Strong Sell,-1.0,906.65,False,False,-0.0872993988860089,-0.15066453427452714,-0.07075497711354986
2009-01-08,SP500,Strong Sell,-1.0,909.73,False,False,-0.08549789497982915,-0.18291141327646662,-0.08161762281116375
2009-01-09,SP500,Strong Sell,-1.0,890.35,False,False,-0.06040321221991349,-0.13164485876340767,-0.08401190543044877
2009-01-12,SP500,Strong Sell,-1.0,870.26,False,False,-0.028209960241766776,-0.1210672672534645,-0.05182359294923359
2009-01-13,SP500,Strong Sell,-1.0,871.79,False,False,0.0026382500372796984,-0.13645488018903626,-0.017469803507725506
2009-01-14,SP500,Strong Sell,-1.0,842.62,False,False,0.002990671951769459,-0.12761387102133817,0.019118938548812053
2009-01-15,SP500,Strong Sell,-1.0,843.74,False,False,-0.021167658283357448,-0.16938867423613904,-0.0026548462796596216
2009-01-16,SP500,Strong Sell,-1.0,850.12,False,False,-0.029031195595915812,-0.18090387239448544,0.0022820307721262184
2009-01-20,SP500,Strong Sell,-1.0,805.22,False,False,0.04134273863043635,-0.11468915327488143,0.07461314920146038
2009-01-21,SP500,Strong Sell,-1.0,840.24,False,False,-0.009532990574121668,-0.18767256974197855,0.03494239741026375
2009-01-22,SP500,Strong Sell,-1.0,827.5,False,False,0.022175226586102745,-0.17416314199395772,0.00590936555891237
2009-01-23,SP500,Strong Sell,-1.0,831.95,False,False,0.044053128192800016,-0.1868141114249655,0.021792175010517452
2009-01-26,SP500,Strong Sell,-1.0,836.57,False,False,0.03982930298719765,-0.13982093548657018,0.008343593482912253
2009-01-27,SP500,Strong Sell,-1.0,845.71,False,False,-0.02193423277482833,-0.14703621808894304,0.007342942616263166
2009-01-28,SP500,Strong Sell,-1.0,874.09,False,False,-0.04616229450056633,-0.1411181914905788,-0.008992209040259028
2009-01-29,SP500,Strong Sell,-1.0,845.14,False,False,-0.011773197340085586,-0.10482286958373764,0.014636628250940678
2009-01-30,SP500,Strong Sell,-1.0,825.88,False,False,0.0011623964740640727,-0.08716762725819732,0.03545309245895284
2009-02-02,SP500,Strong Sell,-1.0,825.44,False,False,-0.043940201589455434,-0.05732700135685216,0.05839309943787547
2009-02-03,SP500,Strong Sell,-1.0,838.51,False,False,-0.059736914288440246,-0.05266484597679213,0.04090589259519857
2009-02-04,SP500,Strong Sell,-1.0,832.23,False,False,-0.06403277939992545,-0.05790466577748946,0.054420052149045293
2009-02-05,SP500,Strong Sell,-1.0,845.85,False,False,-0.08961399775373892,-0.0913991842525271,0.07257788023881301
2009-02-06,SP500,Strong Sell,-1.0,868.6,False,False,-0.14422058484918257,-0.0525903753166015,0.04052498273083114
2009-02-09,SP500,Strong Sell,-1.0,869.89,False,False,-0.11122095897182402,-0.07330811941739758,0.05706468633965212
2009-02-10,SP500,Strong Sell,-1.0,827.16,False,False,-0.0752695971758789,-0.016054934958170092,0.09699453551912571
2009-02-11,SP500,Strong Sell,-1.0,833.74,False,False,-0.09704464221459924,-0.0010554849233573962,0.11453210833113442
2009-02-12,SP500,Strong Sell,-1.0,835.19,False,False,-0.11985296758821348,-0.02304864761311797,0.08866246003903297
2009-02-13,SP500,Strong Sell,-1.0,826.84,False,False,-0.15241159111799135,-0.04754245077645017,0.09858013642300806
2009-02-17,SP500,Strong Sell,-1.0,789.17,False,False,-0.11764258651494598,0.011024240657906467,0.12006285084329106
2009-02-18,SP500,Strong Sell,-1.0,788.42,False,False,-0.09582456051343187,0.028741026356510595,0.13273382207452894
2009-02-19,SP500,Strong Sell,-1.0,778.94,False,False,-0.12374508948057629,0.07117364623719405,0.13343774873546094
2009-02-20,SP500,Strong Sell,-1.0,770.05,False,False,-0.11255113304330883,0.09408479968833199,0.18136484643854306
2009-02-23,SP500,Strong Sell,-1.0,743.33,False,False,-0.08986587383799936,0.12396916578101243,0.22170503006739933
2009-02-24,SP500,Strong Sell,-1.0,773.14,False,False,-0.06925007113847423,0.05485423079907904,0.16857231549266632
2009-02-25,SP500,Strong Sell,-1.0,764.9,False,False,-0.05692247352595106,0.07878154007059746,0.16136749901947975
2009-02-26,SP500,Strong Sell,-1.0,752.83,False,False,-0.0027761911719777796,0.1377867513250002,0.17822084667189134
2009-02-27,SP500,Strong Sell,-1.0,735.09,False,False,0.02919370417227812,0.16819709151260387,0.2383925777795916
2009-03-02,SP500,Strong Sell,-1.0,700.82,False,False,0.07572557860791634,0.20073628035729565,0.2743072400901799
2009-03-03,SP500,Strong Sell,-1.0,696.33,False,False,0.11745867620237525,0.2236439619146093,0.30229919721970905
2009-03-04,SP500,Strong Sell,-1.0,712.87,False,False,0.11429853970569671,0.21382580274103266,0.2893514946624209
2009-03-05,SP500,Strong Sell,-1.0,682.55,False,False,0.14869240348692406,0.274045857446341,0.3813933045198155
2009-03-06,SP500,Strong Sell,-1.0,683.38,False,False,0.12461587989112934,0.21804852351546722,0.38245193011208994
2009-03-09,SP500,Strong Sell,-1.0,676.53,False,False,0.2163836045703812,0.2565296439182299,0.3772633881719954
2009-03-10,SP500,Strong Sell,-1.0,719.6,False,False,0.12023346303501943,0.17224847137298488,0.3096998332406893
2009-03-11,SP500,Strong Sell,-1.0,721.36,False,False,0.1282577353887102,0.18099146057447035,0.3032189198181213
2009-03-12,SP500,Strong Sell,-1.0,750.74,False,False,0.10938540639901964,0.15383488291552336,0.25095239363827687
2009-03-13,SP500,Strong Sell,-1.0,756.55,False,False,0.07850109047650533,0.1334478884409491,0.24569427004163638
2009-03-16,SP500,Strong Sell,-1.0,753.89,False,False,0.044621894440833525,0.1343299420339837,0.24573876825531576
2009-03-17,SP500,Strong Sell,-1.0,778.12,False,False,0.025381689199609314,0.12275741530869272,0.21432426875032126
2009-03-18,SP500,Strong Sell,-1.0,794.35,False,False,0.021061245043117037,0.09877258135582542,0.19117517467111475
2009-03-19,SP500,Strong Sell,-1.0,784.04,False,False,0.06420590786184383,0.11922861078516406,0.17815417580735685
2009-03-20,SP500,Strong Sell,-1.0,768.54,False,False,0.09623441850782008,0.1804720639133943,0.18662659067842932
2009-03-23,SP500,Strong Sell,-1.0,822.92,False,False,0.015262722986438609,0.09828415884897682,0.1066810868614204
2009-03-24,SP500,Strong Sell,-1.0,806.12,False,False,0.011698010221803144,0.14068625018607647,0.13924725847268396
2009-03-25,SP500,Strong Sell,-1.0,813.88,False,False,0.013859537032486328,0.11489408758047868,0.1318990514572173
2009-03-26,SP500,Strong Sell,-1.0,832.86,False,False,0.028456163100641082,0.11570972312273371,0.07225704199985586
2009-03-27,SP500,Strong Sell,-1.0,815.94,False,False,0.052442581562369736,0.1143466431355246,0.09701693751991564
2009-03-30,SP500,Strong Sell,-1.0,787.53,False,False,0.06853072263913759,0.15341637778878273,0.1440072124236538
2009-03-31,SP500,Strong Sell,-1.0,797.87,False,False,0.06791833256044211,0.1078496496923057,0.1533959166280221
2009-04-01,SP500,Strong Sell,-1.0,811.08,False,False,0.0668491394190461,0.10108743897026187,0.13293386595650236
2009-04-02,SP500,Strong Sell,-1.0,834.38,False,False,0.04221098300534532,0.05812699249742324,0.11128023202857214
2009-04-03,SP500,Strong Sell,-1.0,842.5,False,False,-0.012000000000000016,0.07977448071216621,0.09118100890207721
2009-04-06,SP500,Strong Sell,-1.0,835.48,False,False,0.017474984440082376,0.08695600134054672,0.10514913582611196
2009-04-07,SP500,Strong Sell,-1.0,815.55,False,False,0.03433265894181841,0.10780454907730988,0.09916007602231625
2009-04-08,SP500,Strong Sell,-1.0,825.16,False,False,0.03243007416743419,0.07655484996849105,0.08914634737505461
2009-04-09,SP500,Strong Sell,-1.0,856.56,False,False,0.011289343420192484,0.035537498832539524,0.028567759409731986
2009-04-13,SP500,Strong Sell,-1.0,858.73,False,False,-0.0014207026655642953,0.06008873569107871,0.024256751248937298
2009-04-14,SP500,Strong Sell,-1.0,841.5,False,False,0.01623291740938796,0.06127153891859768,0.048936423054070054
2009-04-15,SP500,Strong Sell,-1.0,852.06,False,False,0.025326854916320498,0.0642795108325706,0.03177006314109341
2009-04-16,SP500,Strong Sell,-1.0,865.3,False,False,0.008679070842482366,0.06222119496128514,0.041315150814746335
2009-04-17,SP500,Strong Sell,-1.0,869.6,False,False,0.00910763569457217,0.08425712971481139,0.041674333026678945
2009-04-20,SP500,Strong Sell,-1.0,832.39,False,False,0.08992179146794174,0.13497278919737146,0.12048438832758679
2009-04-21,SP500,Strong Sell,-1.0,850.08,False,False,0.06319405232448701,0.09608507434594385,0.10664878599661204
2009-04-22,SP500,Strong Sell,-1.0,843.55,False,False,0.09007172070416694,0.11725446031651958,0.1147886906525992
2009-04-23,SP500,Strong Sell,-1.0,851.92,False,False,0.06511174758193261,0.10349563339280693,0.11645459667574425
2009-04-24,SP500,Strong Sell,-1.0,866.23,False,False,0.07272895189499325,0.08416933147085644,0.10199369682416913
2009-04-27,SP500,Strong Sell,-1.0,857.51,False,False,0.060325827104057116,0.09903091509136915,0.11260510081515092
2009-04-28,SP500,Strong Sell,-1.0,855.16,False,False,0.06219888675803365,0.09821553861265729,0.14164600776462885
2009-04-29,SP500,Strong Sell,-1.0,873.64,False,False,0.011766860491735696,0.08155533171558078,0.12089647909894237
2009-04-30,SP500,Strong Sell,-1.0,872.81,False,False,0.023212382992862258,0.08409619504817784,0.12530791352069753
2009-05-01,SP500,Strong Sell,-1.0,877.52,False,False,0.006108122891785958,0.05264837268666246,0.1163506244871912
2009-05-04,SP500,Strong Sell,-1.0,907.24,False,False,0.002722543097747043,0.005213614919977094,0.07485340152550589
2009-05-05,SP500,Strong Sell,-1.0,903.8,False,False,0.004790882938703298,0.007645496791325606,0.09177915468023905
2009-05-06,SP500,Strong Sell,-1.0,919.53,False,False,-0.017465444303067814,-0.0012615140343435974,0.07389644709797402
2009-05-07,SP500,Strong Sell,-1.0,907.39,False,False,-0.021005300918017552,0.015252537497658154,0.10496038087261267
2009-05-08,SP500,Strong Sell,-1.0,929.23,False,False,-0.045446229674031204,-0.038946224293232086,0.0822401343047469
2009-05-11,SP500,Strong Sell,-1.0,909.24,False,False,0.0011988033962430512,-0.015551449562271773,0.10281113897320841
2009-05-12,SP500,Strong Sell,-1.0,908.35,False,False,-0.01683271866571264,-0.00815764848351403,0.09768261132823253
2009-05-13,SP500,Strong Sell,-1.0,883.92,False,False,0.02591863517060377,0.04111231785681966,0.1431803783147797
2009-05-14,SP500,Strong Sell,-1.0,893.07,False,False,0.02919144076052262,0.02892270482716912,0.1276831603345762
2009-05-15,SP500,Strong Sell,-1.0,882.88,False,False,0.06794807901413556,0.050233327292497305,0.12625724900326207
2009-05-18,SP500,Strong Sell,-1.0,909.71,False,False,0.03850677688494132,0.010563806048081272,0.10563806048081247
2009-05-19,SP500,Strong Sell,-1.0,908.13,False,False,0.026020503672381703,0.01673769174016941,0.1151817471066918
2009-05-20,SP500,Strong Sell,-1.0,903.47,False,False,0.04315583251242433,-0.007803247479163744,0.11137060444729764
2009-05-21,SP500,Strong Sell,-1.0,888.33,False,False,0.058266635146848565,0.011696103925343043,0.10288969189377818
2009-05-22,SP500,Strong Sell,-1.0,887.0,False,False,0.058782412626832,-0.00673055242390082,0.11574971815107098
2009-05-26,SP500,Strong Sell,-1.0,910.33,False,False,0.035261937978535156,-0.03380092933331879,0.09461404106203244
2009-05-27,SP500,Strong Sell,-1.0,893.06,False,False,0.051609074418292204,-0.011622959263655292,0.1279981188274025
2009-05-28,SP500,Strong Sell,-1.0,906.83,False,False,0.04197038033589531,-0.030545967821973295,0.13155718271340833
2009-05-29,SP500,Strong Sell,-0.9080898264061388,919.14,False,False,0.029451443740888275,-0.01968144134734647,0.11579302391365837
2009-06-01,SP500,Strong Buy,0.7999999999999999,942.87,False,True,-0.020310329101572832,-0.039273706873694116,0.09028816273717478
2009-06-02,SP500,Strong Buy,0.7999999999999999,944.74,False,True,-0.03468679213328533,-0.01276541694011057,0.08825708660583852
2009-06-03,SP500,Mild Buy,0.44209594128018237,931.76,False,True,-0.022591654503305525,0.00963767493775223,0.10648664892246934
2009-06-04,SP500,Strong Buy,0.7999999999999999,942.46,False,True,-0.025560766504679276,-0.002206990217091485,0.09174925195764279
2009-06-05,SP500,Strong Buy,0.7999999999999999,940.09,False,True,-0.020061908966162827,0.011743556467997705,0.08566201108404511
2009-06-08,SP500,Strong Buy,0.7999999999999999,939.14,False,True,-0.04908746299806208,0.016440573290457287,0.06271695380880378
2009-06-09,SP500,Strong Buy,0.7999999999999999,942.43,False,True,-0.05022123659051593,0.012351049945354138,0.05551605954818931
2009-06-10,SP500,Strong Buy,0.7999999999999999,939.15,False,True,-0.04068572645477285,0.03954639833892348,0.06824255976148648
2009-06-11,SP500,Strong Buy,0.7999999999999999,944.89,False,True,-0.026066526262316245,0.0363746044513118,0.07568076707341595
2009-06-12,SP500,Strong Buy,0.7999999999999999,946.21,False,True,-0.028862514663763918,0.03801481700679544,0.08368121241584855
2009-06-15,SP500,Strong Buy,0.7999999999999999,923.72,False,True,0.0037998527692374214,0.060516173732299804,0.11870480232104952
2009-06-16,SP500,Hold,0.1454924008364666,911.97,False,True,0.008059475640646099,0.06927859469061477,0.1449280129828833
2009-06-17,SP500,Hold,0.20829824297566632,910.71,False,True,0.013857320112878968,0.083495294879819,0.14496381943758163
2009-06-18,SP500,Strong Buy,1.0,918.37,False,True,-0.02390104206365631,0.07525289371386262,0.14261136578938763
2009-06-19,SP500,Strong Buy,1.0,921.23,False,True,-0.02443472314188638,0.08836012722121508,0.142635389642109
2009-06-22,SP500,Mild Sell,-0.6353872113564238,893.04,False,False,-0.013448445758308688,0.12609737525754727,0.19676610230224853
2009-06-23,SP500,Hold,-0.21553254437869182,895.1,False,False,-0.017361188694000756,0.12023237627080774,0.19035861914869845
2009-06-24,SP500,Hold,0.39332777916268435,900.94,False,True,-0.02026772038093558,0.10671076875263612,0.18576153794925288
2009-06-25,SP500,Strong Buy,1.0,920.26,False,True,-0.044693890856931734,0.09803751113815663,0.15691217699345847
2009-06-26,SP500,Strong Buy,1.0,918.9,False,True,-0.019425399934704563,0.09598432908912835,0.16624224616389172
2009-06-29,SP500,Strong Buy,1.0,927.23,False,True,-0.02306871002879543,0.07238764923481769,0.1441282098292763
2009-06-30,SP500,Strong Buy,1.0,919.32,False,True,0.014532480529086607,0.09408040725753807,0.14299699778096844
2009-07-01,SP500,Strong Buy,1.0,923.33,False,True,0.018855663738858226,0.09682345423629685,0.13110155632330808
2009-07-02,SP500,Strong Buy,0.8159900076517989,896.42,False,True,0.049039512728408605,0.1201111086321145,0.1858057606925326
2009-07-06,SP500,Strong Buy,1.0,898.72,False,True,0.05831627203133342,0.09013930923980772,0.18013396831048586
2009-07-07,SP500,Hold,-0.22549080947629738,881.03,False,False,0.08348183376275503,0.12331021645119915,0.19982293451982333
2009-07-08,SP500,Hold,-0.28276721975207103,879.56,False,False,0.08471281095093014,0.13290736277229534,0.17086952567192684
2009-07-09,SP500,Hold,0.2630318305913022,882.68,False,True,0.1060520233833326,0.1412629718584312,0.16147414691620984
2009-07-10,SP500,Hold,-0.028454295748665315,879.13,False,False,0.11389669332180678,0.1672107651883113,0.18351097107367514
2009-07-13,SP500,Strong Buy,1.0,901.05,False,True,0.09003939847955163,0.1381943288385772,0.17054547472393328
2009-07-14,SP500,Strong Buy,1.0,905.84,False,True,0.08144926256292499,0.13485825311313251,0.16751302658306091
2009-07-15,SP500,Strong Buy,1.0,932.68,False,True,0.045535446240940115,0.10232877299824157,0.14238538405455256
2009-07-16,SP500,Strong Buy,1.0,940.74,False,True,0.04890830622701277,0.09592448497990944,0.138986329910496
2009-07-17,SP500,Strong Buy,1.0,940.38,False,True,0.05008613539207557,0.09416406133690643,0.1444203407133287
2009-07-20,SP500,Strong Buy,1.0,951.13,False,True,0.05414612092984135,0.07306046492067332,0.1283315635086687
2009-07-21,SP500,Strong Buy,1.0,954.58,False,True,0.05349996857256588,0.045527876134006495,0.14397955121624162
2009-07-22,SP500,Strong Buy,1.0,954.07,False,True,0.05099206557170855,0.04263838083159511,0.14934962843397223
2009-07-23,SP500,Strong Buy,1.0,976.29,False,True,0.021294902129490294,0.027604502760450324,0.11409519712380553
2009-07-24,SP500,Strong Buy,1.0,979.26,False,True,0.03188121642873193,0.03792659763494882,0.12116291893879061
2009-07-27,SP500,Strong Buy,1.0,982.18,False,True,0.025372131381213296,0.043993972591582144,0.11085544401229917
2009-07-28,SP500,Strong Buy,1.0,979.62,False,True,0.015036442702272328,0.054868214205508144,0.1038974296155653
2009-07-29,SP500,Strong Buy,1.0,975.15,False,True,0.03144131672050451,0.07074809003743027,0.12076090857816757
2009-07-30,SP500,Strong Buy,1.0,986.75,False,True,0.02632885736002029,0.05673169495819612,0.0940967823663541
2009-07-31,SP500,Strong Buy,1.0,987.48,False,True,0.016820593834811857,0.062644306720136,0.0804775792927452
2009-08-03,SP500,Strong Buy,1.0,1002.63,False,True,-0.022839930981518583,0.04986884493781366,0.060620567906406235
2009-08-04,SP500,Strong Buy,1.0,1005.65,False,True,-0.015890220255556125,0.06275543181027197,0.03677223686173135
2009-08-05,SP500,Strong Buy,1.0,1002.72,False,True,-0.006243018988351674,0.06259972873783308,0.06321804691239814
2009-08-06,SP500,Strong Buy,1.0,997.08,False,True,0.010320134793597268,0.07142857142857134,0.03922453564408073
2009-08-07,SP500,Strong Buy,1.0,1010.48,False,True,0.01548768901908013,0.05361808249544777,0.03206396959860669
2009-08-10,SP500,Strong Buy,1.0,1007.1,False,True,0.018339787508688227,0.06410485552576711,0.03803991659219547
2009-08-11,SP500,Strong Buy,1.0,994.35,False,True,0.03384120279579623,0.06689797355056053,0.05244632171770501
2009-08-12,SP500,Strong Buy,1.0,1005.81,False,True,0.02218112764836296,0.044710233543114535,0.060468676986707395
2009-08-13,SP500,Strong Buy,1.0,1012.73,False,True,0.018020597790131623,0.03125216000315986,0.05585891599932848
2009-08-14,SP500,Strong Buy,1.0,1004.09,False,True,0.02473881823342532,0.05865012100508917,0.08862751346990796
2009-08-17,SP500,Strong Buy,1.0,979.73,False,True,0.041735988486623854,0.08255335653700498,0.11562369224174004
2009-08-18,SP500,Strong Buy,1.0,989.67,False,True,0.008457364576070816,0.06811361362878532,0.10997605262360184
2009-08-19,SP500,Strong Buy,1.0,996.46,False,True,-0.001716074905164318,0.033508620516628736,0.0911025028601248
2009-08-20,SP500,Strong Buy,1.0,1007.37,False,True,-0.004099784587589461,0.0177094811241153,0.08548001230928061
2009-08-21,SP500,Strong Buy,1.0,1026.13,False,True,-0.00948222934715887,0.013965092142321075,0.08105210840731665
2009-08-24,SP500,Strong Buy,1.0,1025.57,False,True,-0.00017551215421651988,0.028423218307867912,0.08263697261035327
2009-08-25,SP500,Strong Buy,1.0,1028.0,False,True,0.005223735408560205,0.028774319066147788,0.07957198443579762
2009-08-26,SP500,Strong Buy,1.0,1028.12,False,True,0.015581838695872282,0.03633817064155948,0.06495350737268044
2009-08-27,SP500,Strong Buy,1.0,1030.98,False,True,0.011396923315680227,0.03929271178878348,0.05858503559719887
2009-08-28,SP500,Strong Buy,1.0,1028.93,False,True,0.019836140456590684,0.04593121009203735,0.07513630664865437
2009-08-31,SP500,Strong Buy,1.0,1020.62,False,True,0.031363288981207604,0.05150790695851546,0.08331210440712516
2009-09-01,SP500,Strong Buy,1.0,998.04,False,True,0.07085888341148654,0.09416456254258349,0.11281110977515946
2009-09-02,SP500,Strong Buy,1.0,994.75,False,True,0.07111334506157327,0.10234732344810249,0.09725056546871073
2009-09-03,SP500,Strong Buy,1.0,1003.24,False,True,0.06484988636816709,0.08416729795462706,0.09209162314102319
2009-09-04,SP500,Strong Buy,1.0,1016.4,False,True,0.04748130657221577,0.0801948051948053,0.09096812278630453
2009-09-08,SP500,Strong Buy,1.0,1025.39,False,True,0.04512429417099833,0.06404392475058254,0.08177376412877042
2009-09-09,SP500,Strong Buy,1.0,1033.37,False,True,0.026611958930489565,0.04647899590659706,0.06440094061178493
2009-09-10,SP500,Strong Buy,1.0,1044.14,False,True,0.006359300476947413,0.04670829582239927,0.05922577432145106
2009-09-11,SP500,Strong Buy,1.0,1042.73,False,True,0.0015823847016965954,0.03535910542518187,0.05803995281616524
2009-09-14,SP500,Strong Buy,1.0,1049.34,False,True,0.012998646768445024,0.01678197724283848,0.040596946652181505
2009-09-15,SP500,Strong Buy,1.0,1052.63,False,True,0.0075810113715168576,0.010241015361523016,0.04115406173109253
2009-09-16,SP500,Strong Buy,1.0,1068.76,False,True,-0.01092855271529629,-0.024448894045435723,0.031428945694075304
2009-09-17,SP500,Strong Buy,1.0,1065.49,False,True,-0.03344939886812649,0.0005818918995015353,0.03840486536710816
2009-09-18,SP500,Strong Buy,1.0,1068.3,False,True,-0.04033511185996436,-0.03005710006552457,0.04288121314237569
2009-09-21,SP500,Strong Buy,1.0,1064.66,False,True,-0.022730261304078337,-0.02045723517367044,0.04064208291849039
2009-09-22,SP500,Strong Buy,1.0,1071.66,False,True,-0.01580725230016988,-0.024494709142825147,0.03501110426814473
2009-09-23,SP500,Strong Buy,1.0,1060.87,False,True,-0.003101228237201508,-0.013545486251849795,0.03318974049600803
2009-09-24,SP500,Strong Buy,1.0,1050.78,False,True,0.013989607719979487,0.015084032813719462,0.04919202877862165
2009-09-25,SP500,Strong Buy,0.9999999999999999,1044.38,False,True,0.025957984641605446,0.023861046745437334,0.06670943526302671
2009-09-28,SP500,Strong Buy,1.0,1062.98,False,True,0.012427326948766708,0.028316619315509144,0.051778961034073985
2009-09-29,SP500,Strong Buy,1.0,1060.61,False,True,0.01186109880163317,0.030548457962870514,0.05655236137694348
2009-09-30,SP500,Strong Buy,1.0,1057.08,False,True,0.03305331668369476,0.03919287092746061,0.06565255231392146
2009-10-01,SP500,Strong Buy,1.0,1029.85,False,True,0.06477642375103175,0.05572656212069729,0.09509151818225962
2009-10-02,SP500,Strong Buy,0.9999999999999999,1025.21,False,True,0.0609338574535949,0.06659123496649465,0.09850664741857766
2009-10-05,SP500,Strong Buy,0.9999999999999999,1040.46,False,True,0.05521596217057844,0.0661630432693231,0.0826173038848202
2009-10-06,SP500,Strong Buy,0.9999999999999999,1054.72,False,True,0.034454641990291184,0.052715412621359134,0.05724742111650474
2009-10-07,SP500,Strong Buy,0.9999999999999999,1057.58,False,True,0.022523118818434697,0.049376879290455596,0.0713042984927855
2009-10-08,SP500,Strong Buy,0.9999999999999999,1065.48,False,True,0.02574426549536365,0.027611968314750227,0.06667417501970939
2009-10-09,SP500,Strong Buy,1.0,1071.49,False,True,0.007568899383101942,0.018562935725018527,0.06126982053028968
2009-10-12,SP500,Strong Buy,1.0,1076.19,False,True,-0.008585844507010852,0.027922578726804703,0.06086285878887557
2009-10-13,SP500,Strong Buy,0.9999999999999999,1073.19,False,True,-0.009113018198082327,0.030246275123696674,0.06689402622089281
2009-10-14,SP500,Strong Buy,0.9999999999999999,1092.02,False,True,-0.04522810937528605,0.017041812421018047,0.05032874855771876
2009-10-15,SP500,Strong Buy,1.0,1096.56,False,True,-0.027768658349748346,-0.0046235500109432556,0.036167651564893925
2009-10-16,SP500,Strong Buy,0.9999999999999999,1087.68,False,True,-0.04733929096793175,0.0073091350397176055,0.05332450720800235
2009-10-19,SP500,Strong Buy,1.0,1097.91,False,True,-0.05012250548769933,0.009973495095226218,0.04604202530262039
2009-10-20,SP500,Strong Buy,0.9999999999999999,1091.06,False,True,-0.04184004546037786,0.016662694993859244,0.041216798342895926
2009-10-21,SP500,Strong Buy,0.9999999999999999,1081.4,False,True,-0.03227297947105612,0.017125947845385594,0.06364897355280186
2009-10-22,SP500,Strong Buy,1.0,1092.91,False,True,-0.024045895819417858,0.011958898719931133,0.04129342763814026
2009-10-23,SP500,Strong Buy,1.0,1079.6,False,True,-0.009540570581696883,0.02190626157836244,0.03416080029640618
2009-10-26,SP500,Strong Buy,0.9999999999999999,1066.95,False,True,0.02449036974553623,0.023421903556867716,0.023253198369183135
2009-10-27,SP500,Strong Buy,0.9999999999999999,1063.41,False,True,0.027834983684561842,0.0305996746316096,0.03138018262006177
2009-10-28,SP500,Strong Buy,1.0,1042.63,False,True,0.05359523512655484,0.057278229093733916,0.047514458628660175
2009-10-29,SP500,Strong Buy,1.0,1066.11,False,True,0.019819718415548217,0.03780097738507301,0.029443490821772708
2009-10-30,SP500,Strong Buy,1.0,1036.19,False,True,0.05528908790858816,0.07519856396992815,0.046651675850953894
2009-11-02,SP500,Strong Buy,1.0,1042.88,False,True,0.06368901503528675,0.06237534519791342,0.0297157870512425
2009-11-03,SP500,Strong Buy,1.0,1045.41,False,True,0.06209047168096713,0.060999990434375005,0.041878306119130265
2009-11-04,SP500,Strong Buy,1.0,1046.5,False,True,0.06048733874820827,0.047376970855231654,0.0542952699474438
2009-11-05,SP500,Strong Buy,1.0,1066.63,False,True,0.026504036076240103,0.03360115503970441,0.028735362778095366
2009-11-06,SP500,Strong Buy,1.0,1069.3,False,True,0.020649022725147438,0.041849808285794446,-0.005788833816515529
2009-11-09,SP500,Strong Buy,1.0,1093.08,False,True,0.012039374977128923,0.022816262304680403,-0.024600212244300392
2009-11-10,SP500,Strong Buy,1.0,1093.01,False,True,0.011564395568201663,0.02523307197555368,-0.03318359392869231
2009-11-11,SP500,Strong Buy,1.0,1098.51,False,True,0.011033126689789004,0.02546176184103925,-0.025479968320725355
2009-11-12,SP500,Strong Buy,1.0,1087.24,False,True,0.003908980537875722,0.03728707553070156,-0.01757661601854227
2009-11-13,SP500,Strong Buy,1.0,1093.48,False,True,0.0019661996561437713,0.029922815232103037,-0.013726817134286855
2009-11-16,SP500,Strong Buy,1.0,1109.3,False,True,-0.000396646533850225,0.015433156044352402,-0.03046065086090324
2009-11-17,SP500,Strong Buy,1.0,1110.32,False,True,-0.0009726925571005902,0.004305065206426951,-0.013914907414078866
2009-11-18,SP500,Strong Buy,1.0,1109.8,False,True,-0.008902504955847794,0.020895656875112682,-0.009271940890250463
2009-11-19,SP500,Strong Buy,1.0,1094.9,False,True,0.010119645629737809,0.038012603890766175,0.010822906201479503
2009-11-20,SP500,Strong Buy,1.0,1091.38,False,True,0.010876138466895023,0.04192856750169509,0.0163004636331983
2009-11-23,SP500,Strong Buy,1.0,1106.24,False,True,-0.012926670523575313,0.032045487416835446,0.0016000144634075624
2009-11-24,SP500,Strong Buy,1.0,1105.65,False,True,-0.008773119884231035,0.035571835571835506,-0.00999412110523238
2009-11-25,SP500,Strong Buy,1.0,1110.63,False,True,-0.007455228113773443,0.03272917173135959,-0.004853101392903216
2009-11-27,SP500,Strong Buy,1.0,1091.49,False,True,0.013669387717707055,0.04098067778907733,0.010490247276658555
2009-11-30,SP500,Strong Buy,1.0,1095.63,False,True,0.01686700802278122,0.045681480061699614,0.00808667159533775
2009-12-01,SP500,Strong Buy,1.0,1108.86,False,True,-0.0008386992045883487,0.035712353227639326,0.006177515646700338
2009-12-02,SP500,Strong Buy,1.0,1109.24,False,True,-5.409108939449121e-05,0.02415167141466226,0.008176769680141301
2009-12-03,SP500,Strong Buy,1.0,1099.92,False,True,-0.003491162993672399,0.04573969015928426,0.017155793148592526
2009-12-04,SP500,Strong Buy,1.0,1105.98,False,True,-0.0031736559431454372,0.028987865965026442,0.015361941445595769
2009-12-07,SP500,Strong Buy,1.0,1103.25,False,True,0.009789259007477865,0.011991842284160451,0.03213233627917521
2009-12-08,SP500,Strong Buy,1.0,1091.94,False,True,0.023884096195761605,-0.00016484422221006983,0.04263970547832293
2009-12-09,SP500,Strong Buy,1.0,1095.95,False,True,0.022482777498973375,0.0007573338199734725,0.04060404215520781
2009-12-10,SP500,Strong Buy,1.0,1102.35,False,True,0.021889599491994476,-0.0092348165283257,0.039243434480881745
2009-12-11,SP500,Strong Buy,1.0,1106.41,False,True,0.019314720582785667,-0.00805307254995895,0.039614609412423896
2009-12-14,SP500,Strong Buy,1.0,1114.11,False,True,0.01085171123138662,-0.026550340630637846,0.0322050784931471
2009-12-15,SP500,Strong Buy,1.0,1107.93,False,True,0.01668877997707437,-0.03074201438719068,0.038432030904479456
2009-12-16,SP500,Strong Buy,1.0,1109.18,False,True,0.005337276186011148,-0.01802232279702123,0.04533078490416341
2009-12-17,SP500,Strong Buy,1.0,1096.08,False,True,0.03367454930297066,0.006605357273191746,0.06398255601780903
2009-12-18,SP500,Strong Buy,1.0,1102.47,False,True,0.03088519415494295,-0.0047076110914583205,0.057470951590519376
2009-12-21,SP500,Strong Buy,1.0,1114.05,False,True,0.02072617925586836,-0.04572505722364351,0.04115614200439849
2009-12-22,SP500,Strong Buy,1.0,1118.02,False,True,0.02117135650525042,-0.04635874134630859,0.04274521028246361
2009-12-23,SP500,Strong Buy,1.0,1120.59,False,True,0.02176532005461418,-0.05697891289410035,0.047814097930554585
2009-12-24,SP500,Strong Buy,1.0,1126.48,False,True,0.018198281372061642,-0.04967686954051562,0.0366096157943328
2009-12-28,SP500,Strong Buy,1.0,1127.78,False,True,0.007483729096100352,-0.052891521396016834,0.03365017999964536
2009-12-29,SP500,Strong Buy,1.0,1126.2,False,True,0.017297105309891685,-0.042381459776238695,0.035863967323743445
2009-12-30,SP500,Strong Buy,1.0,1126.42,False,True,0.019566413948615937,-0.045196285577315816,0.041547557749329694
2009-12-31,SP500,Strong Buy,1.0,1115.1,False,True,0.01876961707470188,-0.018141870684243583,0.05216572504708105
2010-01-04,SP500,Strong Buy,1.0,1132.99,False,True,0.015216374372236304,-0.029550128421257045,0.03216268457797514
2010-01-05,SP500,Strong Buy,1.0,1136.52,False,True,0.001337415971562297,-0.026193995706190812,0.03658536585365847
2010-01-06,SP500,Strong Buy,1.0,1137.14,False,True,-0.018168387357757252,-0.02459679546933537,0.04423377948185795
2010-01-07,SP500,Strong Buy,1.0,1141.69,False,True,-0.043733412747768714,-0.029500127004703607,0.04182396272192977
2010-01-08,SP500,Strong Buy,1.0,1144.98,False,True,-0.04209680518437007,-0.044000768572376905,0.032725462453492664
2010-01-11,SP500,Strong Buy,1.0,1146.98,False,True,-0.04778636070376113,-0.036391218678616895,0.03440338977139971
2010-01-12,SP500,Strong Buy,1.0,1136.22,False,True,-0.03407790744750139,-0.029290102268926768,0.05117846895847623
2010-01-13,SP500,Strong Buy,1.0,1145.68,False,True,-0.05337441519446973,-0.03595244745478672,0.044340479016828395
2010-01-14,SP500,Strong Buy,1.0,1148.46,False,True,-0.06494784319871841,-0.0285164481131254,0.042526513766260834
2010-01-15,SP500,Strong Buy,1.0,1136.03,False,True,-0.04123130551129805,-0.015598179625538082,0.06568488508226025
2010-01-19,SP500,Strong Buy,1.0,1150.23,False,True,-0.0407831477182825,-0.02733366370204225,0.053415403875746635
2010-01-20,SP500,Strong Buy,1.0,1138.04,False,True,-0.035815964289480154,-0.013242065305261622,0.047529085093669945
2010-01-21,SP500,Strong Buy,1.0,1116.48,False,True,-0.04780202063628557,0.019901834336486124,0.07258526798509599
2010-01-22,SP500,Strong Buy,1.0,1091.76,False,True,-0.023420898365941176,0.042811606946581676,0.10571004616399216
2010-01-25,SP500,Strong Buy,1.0,1096.78,False,True,-0.03650686555188822,0.039816553912361705,0.0995277083827204
2010-01-26,SP500,Strong Buy,1.0,1092.17,False,True,-0.019822921340084503,0.04893011161266087,0.10666837580230183
2010-01-27,SP500,Strong Buy,1.0,1097.5,False,True,-0.026760820045557986,0.04805466970387245,0.10913895216400908
2010-01-28,SP500,Strong Buy,1.0,1084.53,False,True,-0.0055876739232662495,0.06035794307211422,0.11758088757341889
2010-01-29,SP500,Strong Buy,1.0,1073.87,False,True,0.0015271867172004993,0.07136804268673128,0.10228426159591027
2010-02-01,SP500,Strong Buy,1.0,1089.19,False,True,0.005214884455420851,0.06451583286662564,0.09380365225534557
2010-02-02,SP500,Strong Buy,1.0,1103.32,False,True,-0.0034532139361200245,0.05700068883007659,0.09377152593989055
2010-02-03,SP500,Strong Buy,1.0,1097.28,False,True,0.008630431612715102,0.062472659667541515,0.08148330417031212
2010-02-04,SP500,Strong Buy,1.0,1063.11,False,True,0.04332571417821315,0.09104420050606259,0.13088955987621234
2010-02-05,SP500,Strong Buy,1.0,1066.19,False,True,0.03922377812584993,0.0934355039908458,0.10074189403389626
2010-02-08,SP500,Strong Buy,1.0,1056.74,False,True,0.03582716656888156,0.11112477998372358,0.10327043549028132
2010-02-09,SP500,Strong Buy,1.0,1070.52,False,True,0.032432836378582394,0.09079699585248295,0.05383365093599383
2010-02-10,SP500,Strong Buy,1.0,1068.13,False,True,0.03258966605188501,0.09137464540833035,0.040023218147603755
2010-02-11,SP500,Strong Buy,1.0,1078.47,False,True,0.024126772186523482,0.08170834608287657,0.07534748300833587
2010-02-12,SP500,Strong Buy,1.0,1075.51,False,True,0.03737761620068623,0.09084992236241414,0.07464365742763895
2010-02-16,SP500,Strong Buy,1.0,1094.87,False,True,0.0214089343940377,0.07160667476504069,0.07014531405555015
2010-02-17,SP500,Strong Buy,1.0,1099.51,False,True,0.01753508381006082,0.06359196369291782,0.05268710607452416
2010-02-18,SP500,Strong Buy,1.0,1106.75,False,True,0.014655522927490424,0.06446803704540313,0.026139597921843293
2010-02-19,SP500,Strong Buy,1.0,1109.17,False,True,0.026623511274195995,0.07056627928991947,0.0250367391833533
2010-02-22,SP500,Strong Buy,1.0,1108.01,False,True,0.027517802185900858,0.07349211649714359,0.011543217118979038
2010-02-23,SP500,Strong Buy,1.0,1094.6,False,True,0.04188744746939534,0.08025762835739096,0.018682623789512194
2010-02-24,SP500,Strong Buy,1.0,1105.24,False,True,0.03652600340197594,0.07346820600050671,-0.030445876008830742
2010-02-25,SP500,Strong Buy,0.9999999999999999,1102.94,False,True,0.04288537907773764,0.0828966217563964,-0.013826681415126841
2010-02-26,SP500,Strong Buy,1.0,1104.49,False,True,0.04119548388849152,0.0832873090747766,-0.027922389519144507
2010-03-01,SP500,Strong Buy,1.0,1115.71,False,True,0.031190900861334893,0.07312832187575617,-0.03735737781323109
2010-03-02,SP500,Strong Buy,1.0,1118.31,False,True,0.0367965948618899,0.08257102234621898,-0.045032236142035664
2010-03-03,SP500,Strong Buy,1.0,1118.79,False,True,0.042385076734686646,0.08301826079961397,-0.01405983249760904
2010-03-04,SP500,Strong Buy,1.0,1122.97,False,True,0.03816664737259223,0.06158668530771087,-0.029885037000097904
2010-03-05,SP500,Strong Buy,1.0,1138.7,False,True,0.01861772196364279,0.0516553965047861,-0.059708439448493904
2010-03-08,SP500,Strong Buy,1.0,1138.5,False,True,0.023987703118137853,0.0603162055335969,-0.035239350021958625
2010-03-09,SP500,Strong Buy,1.0,1140.45,False,True,0.029567276075233483,0.057424700776009474,-0.032986978824148465
2010-03-10,SP500,Strong Buy,1.0,1145.61,False,True,0.019299761699007628,0.055044910571660666,-0.07046900777751573
2010-03-11,SP500,Strong Buy,1.0,1150.24,False,True,0.013466754764223127,0.05828348866323547,-0.08673841980804005
2010-03-12,SP500,Strong Buy,1.0,1149.99,False,True,0.014434908129635831,0.05396568665814481,-0.07651370881485926
2010-03-15,SP500,Strong Buy,1.0,1150.51,False,True,0.019739072237529475,0.028856767868162856,-0.082415624375277
2010-03-16,SP500,Strong Buy,1.0,1159.46,False,True,0.011910717057940718,0.027512807686336623,-0.06263260483328456
2010-03-17,SP500,Strong Buy,1.0,1166.21,False,True,0.0027610807658998184,0.03478790269333991,-0.06397647078999505
2010-03-18,SP500,Strong Buy,1.0,1165.83,False,True,0.010524690563804314,0.01789283171645963,-0.06536115900259885
2010-03-19,SP500,Strong Buy,1.0,1159.9,False,True,0.02374342615742733,0.03652038968876618,-0.03851194068454183
2010-03-22,SP500,Strong Buy,1.0,1165.81,False,True,0.020269169075578446,0.006682049390552461,-0.04391796261826545
2010-03-23,SP500,Strong Buy,1.0,1174.17,False,True,0.007051789774904803,-0.007068823083540017,-0.04950731154773168
2010-03-24,SP500,Strong Buy,1.0,1167.72,False,True,0.016031240365841148,-0.033886548145103224,-0.042998321515431814
2010-03-25,SP500,Strong Buy,1.0,1165.73,False,True,0.024568296260712063,-0.04705206179818647,-0.045061892548017096
2010-03-26,SP500,Strong Buy,1.0,1166.59,False,True,0.02562168371064393,-0.005880386425393584,-0.06110115807610213
2010-03-29,SP500,Strong Buy,1.0,1173.22,False,True,0.02052470977310302,-0.014856548643903159,-0.06919418352909093
2010-03-30,SP500,Strong Buy,1.0,1173.27,False,True,0.0318596742437803,-0.0013637099729814186,-0.0848738994434358
2010-03-31,SP500,Strong Buy,1.0,1169.43,False,True,0.036120161104127656,-0.010252858230077908,-0.07924373412688239
2010-04-01,SP500,Strong Buy,1.0,1178.1,False,True,0.011909006026653256,-0.036007130124777055,-0.08787878787878786
2010-04-05,SP500,Strong Buy,1.0,1187.44,False,True,0.008488849962945435,-0.04252846459610591,-0.1231220103752611
2010-04-06,SP500,Strong Buy,1.0,1189.44,False,True,0.014906174334140451,-0.057707828894269654,-0.1334493543179984
2010-04-07,SP500,Strong Buy,1.0,1182.45,False,True,0.019865533426360528,-0.057000295995602426,-0.1311514228931457
2010-04-08,SP500,Strong Buy,1.0,1186.44,False,True,0.018736724992414296,-0.09680219817268478,-0.13811065034894307
2010-04-09,SP500,Strong Buy,1.0,1194.37,False,True,0.019181660624429685,-0.08931905523414005,-0.13924495759270575
2010-04-12,SP500,Strong Buy,1.0,1196.48,False,True,0.013013171971115218,-0.10265946777213153,-0.11384227066060447
2010-04-13,SP500,Strong Buy,1.0,1197.3,False,True,-0.011350538712102162,-0.1029566524680531,-0.10611375595088947
2010-04-14,SP500,Strong Buy,1.0,1210.65,False,True,-0.015933589394127277,-0.11787056539875276,-0.10960227976706731
2010-04-15,SP500,Strong Buy,1.0,1211.67,False,True,-0.004035752308797032,-0.08963661723076426,-0.10969983576386315
2010-04-16,SP500,Strong Buy,1.0,1192.13,False,True,-0.004563260718210308,-0.08616509944385262,-0.08119080972712722
2010-04-19,SP500,Strong Buy,1.0,1197.52,False,True,0.0039581802391609406,-0.1058938472843877,-0.08546830115572175
2010-04-20,SP500,Strong Buy,1.0,1207.17,False,True,-0.02780884216804606,-0.090119867127248,-0.09169379623416755
2010-04-21,SP500,Strong Buy,1.0,1205.94,False,True,-0.033227192065940395,-0.08550176625702781,-0.11697099358177018
2010-04-22,SP500,Strong Buy,1.0,1208.67,False,True,-0.06661868003673457,-0.11896547444711952,-0.11369521871147631
2010-04-23,SP500,Strong Buy,1.0,1217.28,False,True,-0.0874079915878022,-0.1370350289169295,-0.10991719242902205
2010-04-26,SP500,Strong Buy,1.0,1212.05,False,True,-0.04316653603399195,-0.12379852316323581,-0.11753640526380928
2010-04-27,SP500,Strong Buy,1.0,1183.71,False,True,-0.023586858267650078,-0.10815148980746972,-0.0760659283101435
2010-04-28,SP500,Strong Buy,1.0,1191.36,False,True,-0.0165273301101261,-0.08773166800966961,-0.07445272629599771
2010-04-29,SP500,Strong Buy,1.0,1206.78,False,True,-0.040885662672566596,-0.09544407431346233,-0.07604534380748768
2010-04-30,SP500,Strong Buy,1.0,1186.69,False,True,-0.04298510984334577,-0.08179052659076923,-0.06138924234635847
2010-05-03,SP500,Strong Buy,1.0,1202.26,False,True,-0.054331009931296005,-0.07238866800858382,-0.07995774624457262
2010-05-04,SP500,Strong Buy,1.0,1173.6,False,True,-0.04498977505112471,-0.050264144512610784,-0.06140933878663935
2010-05-05,SP500,Strong Buy,1.0,1165.87,False,True,-0.04358976558278362,-0.04274061430519692,-0.05512621475807765
2010-05-06,SP500,Strong Buy,1.0,1128.15,True,True,-0.050135177059788295,-0.009431369941940432,-0.0020298719141959762
2010-05-07,SP500,Strong Buy,0.8375804036819374,1110.88,True,True,-0.020875342071150847,0.002088434394353968,0.008623793749099747
2010-05-10,SP500,Strong Buy,1.0,1159.73,True,True,-0.07422417286782262,-0.05554741189759692,-0.02801514145533875
2010-05-11,SP500,Strong Buy,1.0,1155.79,True,True,-0.07073949419877312,-0.05515707870806981,-0.025938968151653863
2010-05-12,SP500,Strong Buy,1.0,1171.67,False,True,-0.08852321899510956,-0.08362422866506782,-0.04269973627386548
2010-05-13,SP500,Strong Buy,1.0,1157.44,False,True,-0.046982996958805735,-0.06970555709151235,-0.02561687862869789
2010-05-14,SP500,Strong Buy,1.0,1135.68,True,True,-0.040742110453648894,-0.053809171597633244,-0.012873344604113938
2010-05-17,SP500,Strong Buy,1.0,1136.94,True,True,-0.058252854152373926,-0.08417330729853821,-0.04175242317096771
2010-05-18,SP500,Strong Buy,0.8432689633863707,1120.8,True,True,-0.02000356887937174,-0.08038008565310485,-0.0331816559600286
2010-05-19,SP500,Mild Buy,0.6433700296477156,1115.05,True,True,-0.010959149813909715,-0.07863324514595764,-0.032106183579211654
2010-05-20,SP500,Strong Sell,-0.8002936402230938,1071.59,True,False,-0.006261723233699278,-0.04573577580977788,0.007269571384578235
2010-05-21,SP500,Hold,-0.17945762985050648,1087.69,True,False,-0.03421930881041475,-0.054822605705669915,0.004458991072823974
2010-05-24,SP500,Mild Sell,-0.6157355302951292,1073.65,True,False,-0.010850835933497964,-0.012462161784566765,0.01910305965631257
2010-05-25,SP500,Mild Sell,-0.5857318106613943,1074.03,True,False,-0.017075873113413888,-0.003519454763833387,0.001489716302151836
2010-05-26,SP500,Strong Sell,-0.75,1067.95,True,False,0.017688094011891822,0.009373097991478993,0.003502036612200954
2010-05-27,SP500,Hold,0.17688755221759597,1103.06,False,False,-0.010389280728156253,-0.022038692364875843,-0.0323645132631045
2010-05-28,SP500,Hold,-0.32168729710470123,1089.41,True,False,0.0002019441716158538,0.005443313353099233,-0.034459019102082954
2010-06-01,SP500,Strong Sell,-0.75,1070.71,True,False,0.041579886243707426,0.022844654481605695,-0.01436430032408412
2010-06-02,SP500,Hold,-0.1496812313666751,1098.38,False,False,0.01477630692474352,-0.0017298202807772272,-0.0465776871392415
2010-06-03,SP500,Hold,0.05958642739273723,1102.83,False,False,0.011978274076693631,-0.03441146867604238,-0.03467442851572773
2010-06-04,SP500,Strong Sell,-0.75,1064.88,True,False,0.04942340921042735,0.00598189467357814,-0.01498760423709717
2010-06-07,SP500,Strong Sell,-0.75,1050.47,True,False,0.05971612706693196,0.03142402924405265,-0.00108522851675926
2010-06-08,SP500,Strong Sell,-0.75,1062.0,True,False,0.03136534839924665,0.007146892655367155,0.017222222222222187
2010-06-09,SP500,Strong Sell,-0.75,1055.69,True,False,0.034432456497646,0.03597647036535348,0.03259479582074269
2010-06-10,SP500,Strong Sell,-1.0,1086.84,False,False,-0.012099297044643062,0.01455596039895492,0.016258142872916045
2010-06-11,SP500,Strong Sell,-0.7436431729439822,1091.6,False,False,-0.0135947233418834,0.0214455844631734,0.0002198607548552667
2010-06-14,SP500,Strong Sell,-0.75,1089.63,False,False,-0.013821205363288612,0.02221855125134202,0.00847994273285407
2010-06-15,SP500,Mild Buy,0.657766778780855,1115.23,False,True,-0.06634505886678085,-0.008159751800077032,-0.00990827004295074
2010-06-16,SP500,Mild Buy,0.6064684052713349,1114.61,False,True,-0.07527296543185498,-0.011735046339078178,-0.004539704470621963
2010-06-17,SP500,Mild Buy,0.4503258692337524,1116.04,False,True,-0.07945055732769442,-0.012938604351098577,0.00525070785993345
2010-06-18,SP500,Strong Buy,0.7804414365040908,1117.51,False,True,-0.08494778570214133,0.007471968930926711,0.0032124992170091704
2010-06-21,SP500,Mild Buy,0.4267214488085772,1113.2,False,True,-0.07648221343873526,0.0065217391304347744,0.010662953647143272
2010-06-22,SP500,Strong Sell,-0.75,1095.31,False,False,-0.031990943203294014,0.029151564397293977,0.026796066866914516
2010-06-23,SP500,Strong Sell,-1.0,1092.04,False,False,-0.019953481557452076,0.030923775685872297,0.03072231786381447
2010-06-24,SP500,Strong Sell,-1.0,1073.69,False,False,0.003976939340032954,0.04465907291676372,0.06428298670938537
2010-06-25,SP500,Strong Sell,-0.75,1076.76,False,False,0.0018481370036034113,0.04739217652958874,0.05852743415431478
2010-06-28,SP500,Strong Sell,-1.0,1074.57,False,False,0.01932866169723702,0.043263817154768895,0.05556641261155629
2010-06-29,SP500,Strong Sell,-0.75,1041.24,True,False,0.0517940148284738,0.04631977257884831,0.08027928239406854
2010-06-30,SP500,Strong Sell,-0.75,1030.71,True,False,0.06381038313395619,0.05132384472839097,0.11444538230928199
2010-07-01,SP500,Strong Sell,-0.75,1027.37,True,False,0.03651070208396218,0.05049787321023596,0.11173189795302589
2010-07-02,SP500,Strong Sell,-1.0,1022.58,False,False,0.047595298167380506,0.05554577636957506,0.12235717498875394
2010-07-06,SP500,Strong Sell,-1.0,1028.06,False,False,0.05390735949263669,0.06272007470381108,0.11348559422601802
2010-07-07,SP500,Strong Sell,-1.0,1060.27,False,False,0.008790213813462549,0.03196355645260179,0.07632961415488514
2010-07-08,SP500,Strong Sell,-1.0,1070.25,False,False,0.02188273767811266,0.0050268628825041895,0.07100210231254381
2010-07-09,SP500,Strong Sell,-1.0,1077.96,False,False,0.022913651712494012,-0.005816542357786914,0.05479795168651892
2010-07-12,SP500,Strong Sell,-1.0,1078.75,False,False,0.03361297798377751,-0.01055851680185409,0.07601390498261877
2010-07-13,SP500,Strong Sell,-1.0,1095.34,False,False,0.01688973286833312,-0.03968630744791574,0.059004510015155213
2010-07-14,SP500,Strong Sell,-1.0,1095.17,False,False,0.010007578732069027,-0.03637791393117063,0.057424874676990666
2010-07-15,SP500,Strong Sell,-1.0,1096.48,False,False,0.004605647161826896,-0.04492558003793958,0.06262768130745665
2010-07-16,SP500,Strong Sell,-1.0,1064.88,False,False,0.03448275862068946,-0.0002723311546842752,0.09432048681541565
2010-07-19,SP500,Strong Sell,-1.0,1071.25,False,False,0.05097782963827295,-0.02084480746791125,0.09196732788798131
2010-07-20,SP500,Strong Sell,-1.0,1083.48,False,False,0.03413076383505004,-0.03151880976114011,0.08732971536161248
2010-07-21,SP500,Strong Sell,-1.0,1069.59,False,False,0.05389915762114464,0.010003833244514296,0.09743920567694167
2010-07-22,SP500,Strong Sell,-1.0,1093.67,False,False,0.029387292327667278,-0.0032642387557491413,0.07545237594521197
2010-07-23,SP500,Mild Sell,-0.5720525554615616,1102.66,False,False,0.01721292148078285,0.0016777610505504044,0.07441096983657695
2010-07-26,SP500,Hold,0.3534355536160637,1115.01,False,True,0.011461780611833053,-0.02078008268984141,0.04564084627043713
2010-07-27,SP500,Hold,0.0906750015396913,1113.84,False,False,0.006482080011491801,-0.013439991381167877,0.05775515334338878
2010-07-28,SP500,Mild Sell,-0.4430876403937325,1106.13,False,False,-0.015061520797736323,-0.0017629030945730117,0.06701743917984312
2010-07-29,SP500,Strong Sell,-0.75,1101.53,False,False,-0.016268281390429743,0.007280782184779336,0.07403338992129126
2010-07-30,SP500,Strong Sell,-0.75,1101.6,False,False,-0.02028867102396506,0.01842774146695732,0.0762708787218591
2010-08-02,SP500,Strong Buy,1.0,1125.86,False,True,-0.04128399623398984,-0.00422787913239656,0.053097187927451196
2010-08-03,SP500,Strong Buy,0.7075350132138574,1120.46,False,True,-0.024918337111543537,0.004114381593274101,0.05532549131606662
2010-08-04,SP500,Strong Buy,1.0,1127.24,False,True,-0.029346013271352975,-0.002288776125758425,0.050157907810226714
2010-08-05,SP500,Strong Buy,1.0,1125.81,False,True,-0.04457235235075176,-0.00019541485685864159,0.05102992512057989
2010-08-06,SP500,Strong Buy,0.8220780881475372,1121.64,False,True,-0.04453300524232378,0.018784993402517682,0.05593595092899683
2010-08-09,SP500,Strong Buy,1.0,1127.79,False,True,-0.05358267053263468,0.010631411876324501,0.05832646148662426
2010-08-10,SP500,Mild Buy,0.5467143160427375,1121.06,False,True,-0.06171837368205097,0.011792410754107745,0.06859579326708659
2010-08-11,SP500,Strong Sell,-0.9,1089.47,False,False,-0.031336337852350314,0.03245614840243412,0.12078350023405869
2010-08-12,SP500,Strong Sell,-0.75,1083.61,False,False,-0.03358219285536298,0.06004005130997331,0.13126493849263113
2010-08-13,SP500,Strong Sell,-1.0,1079.25,False,False,-0.013583507065091574,0.05829047949965261,0.13342599027102153
2010-08-16,SP500,Strong Sell,-1.0,1079.38,False,False,-0.028219904018973885,0.06329559561970755,0.12416387185235966
2010-08-17,SP500,Strong Sell,-1.0,1092.54,False,False,-0.03955003935782675,0.047769418053343636,0.1154831859703078
2010-08-18,SP500,Strong Sell,-1.0,1094.16,False,False,-0.012676391021422933,0.04299188418512828,0.10910652920962188
2010-08-19,SP500,Strong Sell,-1.0,1075.63,False,False,0.01345258127794855,0.06564524976060532,0.11489080817753308
2010-08-20,SP500,Strong Sell,-1.0,1071.69,False,False,0.030624527615261816,0.06096912353385766,0.11762729893905881
2010-08-23,SP500,Strong Sell,-1.0,1067.36,False,False,0.02293509219007647,0.08749625243591676,0.10397616549242995
2010-08-24,SP500,Strong Sell,-1.0,1051.87,False,False,0.04468232766406496,0.10276935362734953,0.12047116088490026
2010-08-25,SP500,Strong Sell,-1.0,1055.33,False,False,0.04628883856234556,0.09734395876171437,0.13394862270569408
2010-08-26,SP500,Strong Sell,-1.0,1047.22,False,False,0.05951948969652979,0.1126124405569031,0.1456332002826531
2010-08-27,SP500,Strong Sell,-1.0,1064.59,False,False,0.053832930987516486,0.09461858555875974,0.12516555669318705
2010-08-30,SP500,Strong Sell,-1.0,1048.92,False,False,0.0688136368836516,0.11521374366014558,0.12566258627922047
2010-08-31,SP500,Strong Sell,-1.0,1049.33,False,False,0.07217939065880134,0.12271639998856412,0.14201442825421934
2010-09-01,SP500,Strong Sell,-1.0,1080.29,False,False,0.041072304658934286,0.08656934711975486,0.10100065723092885
2010-09-02,SP500,Strong Sell,-1.0,1090.1,False,False,0.032556646179249624,0.07897440601779668,0.0895881111824604
2010-09-03,SP500,Mild Sell,-0.5949625595643272,1104.51,False,False,0.03458547229088016,0.07261138423373265,0.06884500819367861
2010-09-07,SP500,Strong Sell,-0.75,1091.84,False,False,0.04390753223915597,0.06783045134818305,0.10462155627198126
2010-09-08,SP500,Mild Sell,-0.65,1098.87,False,False,0.032224011939537965,0.07216504227069644,0.11162375895237844
2010-09-09,SP500,Strong Sell,-0.75,1104.18,False,False,0.01870166096107506,0.06890180948758348,0.10915792714955892
2010-09-10,SP500,Mild Sell,-0.5283505750447967,1109.55,False,False,0.035257536839259265,0.0662701095038529,0.10235681131990441
2010-09-13,SP500,Strong Buy,0.789971318433446,1121.9,False,True,0.018058650503609937,0.056796505927444334,0.09078349228986532
2010-09-14,SP500,Mild Buy,0.5796206441010524,1121.1,False,True,0.02372669699402385,0.05756845954865775,0.09560253322629567
2010-09-15,SP500,Strong Buy,0.9900854170415326,1125.07,False,True,0.017474468255308632,0.05100127103202477,0.09593180868745951
2010-09-16,SP500,Strong Buy,0.9749055674798465,1124.66,False,True,0.014706666903775329,0.05256699802607,0.10291110202194441
2010-09-17,SP500,Strong Buy,1.0,1125.59,False,True,0.018345934132321797,0.051235352126440425,0.10205314546149141
2010-09-20,SP500,Strong Buy,1.0,1142.71,False,True,-0.00497063996989618,0.03646594499041758,0.08653114088438876
2010-09-21,SP500,Strong Buy,1.0,1139.78,False,True,0.018398287388794354,0.0471933180087385,0.08374423134289077
2010-09-22,SP500,Strong Buy,1.0,1134.28,False,True,0.0226487287089608,0.05614134076242203,0.09573473921782974
2010-09-23,SP500,Strong Buy,1.0,1124.83,False,True,0.02954224193878188,0.08555070543993316,0.10586488624947785
2010-09-24,SP500,Strong Buy,1.0,1148.67,False,True,0.014347027431725402,0.06719075104250989,0.08567299572549109
2010-09-27,SP500,Strong Buy,1.0,1142.16,False,True,0.02027736919520895,0.07099705820550528,0.09844505148140349
2010-09-28,SP500,Strong Buy,1.0,1147.7,False,True,0.019229763875577184,0.05724492463187248,0.09683715256600145
2010-09-29,SP500,Strong Buy,1.0,1144.73,False,True,0.02915097883343661,0.06462659317044195,0.09787460798616264
2010-09-30,SP500,Strong Buy,1.0,1141.2,False,True,0.028575184016824306,0.06338941465124423,0.10194532071503673
2010-10-01,SP500,Strong Buy,1.0,1146.24,False,True,0.026128908431044148,0.04621196259073146,0.09794632886655498
2010-10-04,SP500,Strong Buy,0.9999999999999999,1137.03,False,True,0.04193381001380796,0.053402284900134586,0.10795669419452433
2010-10-05,SP500,Strong Buy,1.0,1160.75,False,True,0.004436786560413604,0.015153995261684185,0.08367865604135266
2010-10-06,SP500,Strong Buy,0.9999999999999999,1159.97,False,True,0.01569006094985219,0.01605213927946403,0.08420045346000334
2010-10-07,SP500,Strong Buy,0.9999999999999999,1158.06,False,True,0.01916999119216625,0.033357511700602825,0.09827642781893853
2010-10-08,SP500,Strong Buy,0.9999999999999999,1165.15,False,True,0.015388576578122848,0.02967858215680378,0.09016006522765305
2010-10-11,SP500,Strong Buy,0.9999999999999999,1165.32,False,True,0.017420107781553527,0.027906497786015845,0.09545875810936053
2010-10-12,SP500,Strong Buy,0.9999999999999999,1169.77,False,True,0.013566769535891773,0.009369363208152062,0.0889747557212101
2010-10-13,SP500,Strong Buy,1.0,1178.1,False,True,0.003692386045327338,0.017188693659281894,0.07928019692725584
2010-10-14,SP500,Strong Buy,0.9999999999999999,1173.81,False,True,0.008493708521822125,0.013281536194103088,0.0817338410816061
2010-10-15,SP500,Strong Buy,1.0,1176.19,False,True,0.006010933607665374,0.009836846087791885,0.08356643059369656
2010-10-18,SP500,Strong Buy,1.0,1184.71,False,True,-0.00027854918081212044,-0.003511407855086968,0.08546395320373762
2010-10-19,SP500,Strong Buy,1.0,1165.9,False,True,0.0237327386568315,0.034454069817308385,0.10108928724590435
2010-10-20,SP500,Strong Buy,1.0,1178.17,False,True,0.016797236392031678,0.036802838300075455,0.09766841797024192
2010-10-21,SP500,Strong Buy,1.0,1180.26,False,True,0.03456865436429257,0.03766119329639236,0.09723281310897598
2010-10-22,SP500,Strong Buy,1.0,1183.08,False,True,0.036151401426784316,0.03384386516550019,0.0835446461777734
2010-10-25,SP500,Strong Buy,1.0,1185.62,False,True,0.031738668376039635,0.03216038865741141,0.07982321485804905
2010-10-26,SP500,Strong Buy,1.0,1185.64,False,True,0.023413515063594337,0.0359636989305353,0.08241118720690918
2010-10-27,SP500,Strong Buy,1.0,1182.45,False,True,0.030665144403568854,0.042750221996701726,0.0916656095395153
2010-10-28,SP500,Strong Buy,1.0,1183.78,False,True,0.02513980638294277,0.04782983324604244,0.09072631739005567
2010-10-29,SP500,Strong Buy,1.0,1183.26,False,True,0.013479708601659859,0.04834102395078009,0.09581157142132762
2010-11-01,SP500,Strong Buy,1.0,1184.38,False,True,0.0112886066971748,0.04830375386278036,0.09723230719870299
2010-11-02,SP500,Strong Buy,1.0,1193.57,False,True,-0.012760039210100806,0.03490369228449113,0.06934658210243219
2010-11-03,SP500,Strong Buy,1.0,1197.96,False,True,-0.01616915422885582,0.03748873084243201,0.07359177268022292
2010-11-04,SP500,Strong Buy,1.0,1221.06,False,True,-0.01995806921854773,0.01871324914418631,0.07086465857533616
2010-11-05,SP500,Strong Buy,1.0,1225.85,False,True,-0.02130766406982901,0.017318595260431554,0.06377615532079788
2010-11-08,SP500,Strong Buy,1.0,1223.25,False,True,-0.02077253218884127,0.025628448804414394,0.06854690374003672
2010-11-09,SP500,Strong Buy,1.0,1213.4,False,True,-0.026924344816218946,0.03744849184110749,0.08032800395582643
2010-11-10,SP500,Strong Buy,1.0,1218.71,False,True,-0.016706189331342262,0.03122974292489595,0.08233295862018028
2010-11-11,SP500,Strong Buy,1.0,1213.54,False,True,-0.019892216160983463,0.03625756052540501,0.09149265784399359
2010-11-12,SP500,Strong Buy,1.0,1199.21,False,True,-0.00954795240199802,0.04944922073698514,0.10145846015293407
2010-11-15,SP500,Strong Buy,1.0,1197.75,False,True,-0.01436025881861828,0.051788770611563326,0.10362763514923806
2010-11-16,SP500,Strong Buy,1.0,1178.34,False,True,0.023533105894733286,0.06750173973556037,0.12798513162584668
2010-11-17,SP500,Strong Buy,1.0,1178.59,False,True,0.036433365292425746,0.06707167038580014,0.13043552040998144
2010-11-18,SP500,Strong Buy,1.0,1196.69,False,True,0.02341458523092863,0.06282328756820883,0.10973602186029793
2010-11-19,SP500,Strong Buy,1.0,1199.73,False,True,0.01949605327865426,0.05873821609862221,0.11385061638868739
2010-11-22,SP500,Strong Buy,1.0,1197.84,False,True,0.021630601749816406,0.0657182929272691,0.11903927068723716
2010-11-23,SP500,Strong Buy,1.0,1180.73,False,True,0.04027169632346087,0.07886646396720663,0.13744039704250757
2010-11-24,SP500,Strong Buy,1.0,1198.35,False,True,0.02891475779196403,0.06104226644970175,0.09770935035674065
2010-11-26,SP500,Strong Buy,1.0,1189.4,False,True,0.04287876240121069,0.06755506978308383,0.09920968555574239
2010-11-29,SP500,Strong Buy,1.0,1187.76,False,True,0.04436923284165155,0.07301138277093018,0.099632922475921
2010-11-30,SP500,Strong Buy,1.0,1180.55,False,True,0.051704713904535994,0.08928889077125077,0.11802126127652379
2010-12-01,SP500,Strong Buy,0.9999999999999999,1206.07,False,True,0.024177701128458615,0.06441582992695288,0.10045022262389422
2010-12-02,SP500,Strong Buy,0.9999999999999999,1221.53,False,True,0.017469894312869858,0.05870506659680895,0.06942113578872394
2010-12-03,SP500,Strong Buy,0.9999999999999999,1224.71,False,True,0.01567718072033383,0.05740950918993063,0.06836720529758067
2010-12-06,SP500,Strong Buy,1.0,1223.12,False,True,0.019589247171168847,0.048073778533586395,0.08817613970828712
2010-12-07,SP500,Strong Buy,0.9999999999999999,1223.75,False,True,0.02520939734422873,0.04617773237997956,0.07959141981613899
2010-12-08,SP500,Strong Buy,1.0,1228.28,False,True,0.02488032044810625,0.04483505389650563,0.06663790015305968
2010-12-09,SP500,Strong Buy,1.0,1233.0,False,True,0.019278183292781817,0.04690997566909969,0.0720356853203568
2010-12-10,SP500,Strong Buy,1.0,1240.4,False,True,0.013818123186068907,0.04093840696549498,0.06418897129958069
2010-12-13,SP500,Strong Buy,1.0,1240.46,False,True,0.01455105364139106,0.04528158908791906,0.044056237202328055
2010-12-14,SP500,Strong Buy,1.0,1241.59,False,True,0.014650569028423276,0.046674022825570476,0.050491708212856146
2010-12-15,SP500,Strong Buy,1.0,1235.23,False,True,0.018336666045999605,0.03328125126494653,0.04951304615334803
2010-12-16,SP500,Strong Buy,1.0,1242.87,False,True,0.011883785110269144,0.03479849059032723,0.031378985734630334
2010-12-17,SP500,Strong Buy,1.0,1243.91,False,True,0.022477510430818796,0.0511934143145403,0.010426799366513676
2010-12-20,SP500,Strong Buy,1.0,1247.08,False,True,0.018539307823074797,0.04566667735830905,0.021361901401674394
2010-12-21,SP500,Strong Buy,1.0,1254.6,False,True,0.017503586800573918,0.04184600669536107,0.019615813805196978
2010-12-22,SP500,Strong Buy,1.0,1258.84,False,True,0.011923675764989984,0.04133170220202725,0.03140986940357805
2010-12-23,SP500,Strong Buy,1.0,1256.77,False,True,0.011720521654718062,0.04955560683339034,0.029440549981301273
2010-12-27,SP500,Strong Buy,1.0,1257.54,False,True,0.009709432701941917,0.05330247944399381,0.03180813333969496
2010-12-28,SP500,Strong Buy,1.0,1258.51,False,True,0.01268960914096831,0.04955860501704406,0.04064330041080332
2010-12-29,SP500,Strong Buy,1.0,1259.78,False,True,0.02078140627728656,0.04928638333677302,0.04288050294495863
2010-12-30,SP500,Strong Buy,1.0,1257.88,False,True,0.02057429961522552,0.056658822781187376,0.04158584284669439
2010-12-31,SP500,Strong Buy,1.0,1257.64,False,True,0.02830698769123112,0.05938106294329047,0.04913965840781142
2011-01-03,SP500,Strong Buy,1.0,1271.87,False,True,0.0182015457554625,0.04413973126184288,0.044336292231124334
2011-01-04,SP500,Strong Buy,1.0,1270.2,False,True,0.009226893402613782,0.052054794520547856,0.043796252558652084
2011-01-05,SP500,Strong Buy,1.0,1276.56,False,True,0.0028984144889390596,0.05003290092122589,0.04375039167763375
2011-01-06,SP500,Strong Buy,1.0,1273.85,False,True,0.007457706951367901,0.05429210660595838,0.04633198571260352
2011-01-07,SP500,Strong Buy,1.0,1271.5,False,True,0.015210381439244922,0.03455760912308302,0.048077074321667405
2011-01-10,SP500,Strong Buy,1.0,1269.75,False,True,0.016877338058673017,0.02965150620200834,0.051813349084465415
2011-01-11,SP500,Strong Buy,1.0,1274.48,False,True,0.017379637185361944,0.02481011863662034,0.04631692925742261
2011-01-12,SP500,Strong Buy,1.0,1285.96,False,True,0.01056020404989263,0.026377181249805648,0.03282372702105823
2011-01-13,SP500,Strong Buy,1.0,1283.76,False,True,-0.005779896553873055,0.033853679815541875,0.031703745248333054
2011-01-14,SP500,Strong Buy,1.0,1293.24,False,True,-0.005505551947047816,0.010121864464445825,0.01617642510284253
2011-01-18,SP500,Strong Buy,1.0,1295.02,False,True,0.009706413800559015,0.010362774320087777,0.014972741733718476
2011-01-19,SP500,Strong Buy,1.0,1281.92,False,True,0.01724756615077376,0.03826291812281574,0.025430604093859138
2011-01-20,SP500,Strong Buy,0.9999999999999999,1280.26,False,True,0.020964491587646194,0.031938824926186944,0.030790620655179474
2011-01-21,SP500,Strong Buy,0.9999999999999999,1283.35,False,True,0.021443877352242166,0.020867261464136987,0.01697900027272388
2011-01-24,SP500,Strong Buy,1.0,1290.84,False,True,0.02185398655139292,0.023999876049704084,0.016872734033652484
2011-01-25,SP500,Strong Buy,1.0,1291.18,False,True,0.025860065986152102,0.02233615762325928,0.030344336188602546
2011-01-26,SP500,Strong Buy,1.0,1296.63,False,True,0.018702328343475006,-0.0011722696528695226,0.031427623917385836
2011-01-27,SP500,Strong Buy,1.0,1299.54,False,True,0.017183003216522715,0.003647444480354594,0.027478954091447773
2011-01-28,SP500,Strong Buy,1.0,1276.34,False,True,0.041376122349844224,0.015708980365733413,0.05554946174216909
2011-01-31,SP500,Strong Buy,1.0,1286.12,False,True,0.03592199794731444,-0.0033045127981836844,0.05406960470251625
2011-02-01,SP500,Strong Buy,1.0,1307.59,False,True,0.015616515880360109,-0.03878126935813199,0.04044845861470346
2011-02-02,SP500,Strong Buy,1.0,1304.03,False,True,0.024761700267631852,-0.02324333029148098,0.04568913291872114
2011-02-03,SP500,Strong Buy,1.0,1307.1,False,True,0.025499196694973726,-0.021337311605844903,0.041404636217580996
2011-02-04,SP500,Strong Buy,1.0,1310.87,False,True,0.024518068153211305,-0.00952802337378976,0.03490048593682059
2011-02-07,SP500,Strong Buy,1.0,1319.05,False,True,-0.0027368181645880747,-0.019165308365869355,0.021432091277813564
2011-02-08,SP500,Strong Buy,1.0,1324.57,False,True,-0.01296269732818941,-0.020406622526555767,0.007949749730101069
2011-02-09,SP500,Strong Buy,1.0,1320.88,False,True,-0.011189510023620767,-0.008494337108594291,0.014626612561322706
2011-02-10,SP500,Strong Buy,1.0,1321.87,False,True,-0.001505443046592919,-0.0061049876311588406,0.018473828742614686
2011-02-11,SP500,Strong Buy,1.0,1329.15,False,True,-0.0014520558251514605,-0.01426475567091753,0.021073618477974638
2011-02-14,SP500,Strong Buy,1.0,1332.32,False,True,-0.019507325567431257,-0.009667347183859644,0.007325567431247742
2011-02-15,SP500,Strong Buy,1.0,1328.01,False,True,-0.01473633481675585,0.00018825159449100534,0.015542051641177477
2011-02-16,SP500,Strong Buy,1.0,1336.32,False,True,-0.004003532088122538,-0.00784991618773947,0.0010850694444444785
2011-02-17,SP500,Strong Buy,1.0,1340.43,False,True,-0.014383444118678314,-0.005983154659325725,-0.008176480681572357
2011-02-18,SP500,Strong Buy,1.0,1343.01,False,True,-0.02448231956575147,-0.007550204391627836,-0.01044668319669993
2011-02-22,SP500,Strong Buy,1.0,1315.44,False,True,0.004850088183421426,0.013067870826491556,0.019187496198990458
2011-02-23,SP500,Strong Buy,1.0,1307.4,False,True,0.009652745907908742,0.021523634694814036,0.02768854214471456
2011-02-24,SP500,Strong Buy,1.0,1306.1,False,True,-0.00841436337187046,0.020986141949314818,0.020802388791057405
2011-02-25,SP500,Strong Buy,1.0,1319.88,False,True,-0.011819256296027014,0.00628087401885017,-0.0019016880322455208
2011-02-28,SP500,Strong Buy,1.0,1327.22,False,True,-0.023229004987869326,-0.0020795346664456466,-0.008242793206853463
2011-03-01,SP500,Strong Buy,1.0,1306.33,False,True,-0.018724212105670112,0.005993891283213396,0.010824217464193658
2011-03-02,SP500,Strong Buy,1.0,1308.44,False,True,-0.03940570450307232,0.0045626853352083606,0.013183638531380881
2011-03-03,SP500,Strong Buy,1.0,1330.97,False,True,-0.04301374185744231,-0.012359407048994376,9.767312561506402e-05
2011-03-04,SP500,Strong Buy,1.0,1321.15,False,True,-0.031745070582447146,-0.0011126669946637604,0.01820383756575707
2011-03-07,SP500,Strong Buy,1.0,1310.13,False,True,-0.008968575637532153,-0.0038087823345774913,0.0033737110057779343
2011-03-08,SP500,Strong Buy,1.0,1321.82,False,True,-0.021220741099393228,-0.0069601004675372185,-0.006718010016492323
2011-03-09,SP500,Strong Buy,1.0,1320.02,False,True,-0.017030044999318206,0.007833214648262843,-0.015045226587475872
2011-03-10,SP500,Strong Buy,1.0,1295.11,False,True,0.011234566947981394,0.03263815428805292,-0.0069028885577285546
2011-03-11,SP500,Strong Buy,1.0,1304.28,False,True,0.00729904621706994,0.023744901401539568,-0.014828104394761798
2011-03-14,SP500,Strong Buy,1.0,1296.39,False,True,0.010644944808275252,0.03922430750005778,-0.012982204429222806
2011-03-15,SP500,Strong Buy,1.0,1281.87,False,True,0.02930874425643799,0.05756433959761926,0.00556218649317022
2011-03-16,SP500,Strong Buy,1.0,1256.88,True,True,0.05679142002418678,0.08242632550442357,0.011218254725988088
2011-03-17,SP500,Strong Buy,1.0,1273.72,False,True,0.04091166033351121,0.07057281035078343,-0.001483842602769918
2011-03-18,SP500,Strong Buy,1.0,1279.21,False,True,0.04158816769725068,0.06410988031675799,0.0067698032379358
2011-03-21,SP500,Strong Buy,1.0,1298.38,False,True,0.026563871901908363,0.04485589734900397,-0.02538548036784303
2011-03-22,SP500,Strong Buy,1.0,1293.77,False,True,0.030036250647333087,0.041390664492143084,-0.020196789228378986
2011-03-23,SP500,Strong Buy,1.0,1297.54,False,True,0.029286187709049432,0.02894708448294461,-0.020068745472201215
2011-03-24,SP500,Strong Buy,1.0,1309.66,False,True,0.01821083334605921,0.02331902936640041,-0.023899332651222592
2011-03-25,SP500,Strong Buy,1.0,1313.8,False,True,0.010937737859643871,0.02472979144466434,-0.013913837722636607
2011-03-28,SP500,Strong Buy,1.0,1310.19,False,True,0.010891550080522658,0.03584976224822356,-0.017592868209954246
2011-03-29,SP500,Strong Buy,1.0,1319.44,False,True,-0.00400169768992904,0.01715879464015027,-0.027238828593948987
2011-03-30,SP500,Strong Buy,1.0,1328.26,False,True,-0.010427175402406086,0.015350910213361917,-0.0450288347160947
2011-03-31,SP500,Strong Buy,1.0,1325.83,False,True,-0.00853050541924677,0.009005679461167763,-0.03449160148737019
2011-04-01,SP500,Strong Buy,1.0,1332.41,False,True,-0.009554116225486162,-0.002206528020654344,-0.0268235753259132
2011-04-04,SP500,Strong Buy,1.0,1332.87,False,True,-0.020804729643550977,-0.002918514183678733,-0.01910163781914201
2011-04-05,SP500,Strong Buy,1.0,1332.63,False,True,-0.0150154206343848,0.006040686462108728,-0.008997246047289952
2011-04-06,SP500,Strong Buy,1.0,1335.54,False,True,-0.0038785809485302305,0.006035012055048854,0.0030923821076119843
2011-04-07,SP500,Strong Buy,1.0,1333.51,False,True,0.0029021154697003535,-0.00017997615315971317,0.003277065788783075
2011-04-08,SP500,Strong Buy,1.0,1328.17,False,True,0.005330642914687071,-0.008131489191895751,0.008319718108374646
2011-04-11,SP500,Strong Buy,1.0,1324.46,False,True,0.01719946242242119,-0.006176101958534092,0.021714510064479102
2011-04-12,SP500,Strong Buy,1.0,1314.16,False,True,0.03157910756681074,0.004801546234857205,0.022554331283861837
2011-04-13,SP500,Strong Buy,1.0,1314.41,False,True,0.03504994636376772,0.008581797156138474,0.0038648519107431674
2011-04-14,SP500,Strong Buy,1.0,1314.52,False,True,0.03734442990597322,0.012612968992483894,-0.0006694458813862717
2011-04-15,SP500,Strong Buy,1.0,1319.68,False,True,0.03147732783705138,0.01933802133850629,-0.0014852085354025493
2011-04-18,SP500,Strong Buy,1.0,1305.14,False,True,0.03944404431708459,0.0072099544876410605,0.002857930949936245
2011-04-19,SP500,Strong Buy,1.0,1312.62,False,True,0.026435678261797053,0.00024378723469104823,0.002681659581600318
2011-04-20,SP500,Strong Buy,1.0,1330.36,False,True,0.0035629453681710285,-0.02270062238792494,-0.018731771851228124
2011-04-21,SP500,Strong Buy,1.0,1337.38,False,True,0.0021086003977926512,-0.03829128594715042,-0.007963331289536324
2011-04-25,SP500,Strong Buy,1.0,1335.25,False,True,0.008268114585283627,-0.03767833739000183,-0.007047369406478249
2011-04-26,SP500,Strong Buy,1.0,1347.24,False,True,0.007363201805172109,-0.050236038122383586,-0.002553368367922608
2011-04-27,SP500,Strong Buy,1.0,1355.66,False,True,-0.010017260965138865,-0.04917162120295655,-0.007848575601552084
2011-04-28,SP500,Strong Buy,1.0,1360.48,False,True,-0.00869546042573204,-0.0657856050805598,-0.016942549688345257
2011-04-29,SP500,Strong Buy,1.0,1363.61,False,True,-0.01894969969419403,-0.0673066345949355,-0.02322511568556981
2011-05-02,SP500,Strong Buy,1.0,1361.22,False,True,-0.02332466463907377,-0.053885485079561084,-0.0413819955628039
2011-05-03,SP500,Strong Buy,1.0,1356.62,False,True,-0.020374165204699823,-0.06722589966239612,-0.04124220489156862
2011-05-04,SP500,Strong Buy,1.0,1347.32,False,True,-0.004928302110857014,-0.05913962533028519,-0.0408514680996348
2011-05-05,SP500,Strong Buy,1.0,1335.1,False,True,0.006366564302299454,-0.04763688113249937,-0.03607220432926362
2011-05-06,SP500,Strong Buy,1.0,1340.2,False,True,-0.005170870019400137,-0.04614236681092385,-0.06428145052977174
2011-05-09,SP500,Strong Buy,1.0,1346.29,False,True,-0.021481255895832305,-0.03771104294022832,-0.0638421142547297
2011-05-10,SP500,Strong Buy,1.0,1357.16,False,True,-0.030121724778213406,-0.051593032509063025,-0.11574906422234676
2011-05-11,SP500,Strong Buy,1.0,1342.08,False,True,-0.01610187172150684,-0.04364866475917973,-0.10632749165474474
2011-05-12,SP500,Strong Buy,1.0,1348.65,False,True,-0.01702443183924668,-0.059466874281689126,-0.16994031068105145
2011-05-13,SP500,Strong Buy,1.0,1337.77,False,True,-0.0049859093865164215,-0.04310905462074951,-0.12351899055891521
2011-05-16,SP500,Strong Buy,1.0,1329.47,False,True,0.011831782590054697,-0.024671485629611765,-0.15698737090720366
2011-05-17,SP500,Strong Buy,1.0,1328.98,False,True,-0.010857951210702993,-0.016230492558202483,-0.11763909163418555
2011-05-18,SP500,Strong Buy,1.0,1340.68,False,True,-0.020690992630605372,-0.014947638511799954,-0.12073723781961401
2011-05-19,SP500,Strong Buy,1.0,1343.6,False,True,-0.03233105090800821,-0.002924977671926047,-0.1035352783566537
2011-05-20,SP500,Strong Buy,1.0,1333.27,False,True,-0.03532667801720575,0.0034576642390514506,-0.10538750590653055
2011-05-23,SP500,Strong Buy,1.0,1317.37,False,True,-0.024617229783583838,0.01658607680454249,-0.09373220887070435
2011-05-24,SP500,Strong Buy,1.0,1316.28,False,True,-0.027896800072932833,0.028063937764001623,-0.133429057647309
2011-05-25,SP500,Strong Buy,1.0,1320.47,False,True,-0.02383242330382366,0.017667951562701106,-0.1491438654418503
2011-05-26,SP500,Strong Buy,1.0,1325.69,False,True,-0.041269074972278615,-0.00467680981224875,-0.15227541883849174
2011-05-27,SP500,Strong Buy,1.0,1331.1,False,True,-0.04452708286379685,-0.013116970926301413,-0.12677484787018256
2011-05-31,SP500,Strong Buy,1.0,1345.2,False,True,-0.042618198037466665,-0.02042818911685996,-0.12459113886410952
2011-06-01,SP500,Strong Buy,1.0,1314.55,False,True,-0.03737400631394765,-0.004320870259784766,-0.11812407287664979
2011-06-02,SP500,Strong Buy,1.0,1312.94,False,True,-0.03450271908845793,0.002437278169604129,-0.10369095312809427
2011-06-03,SP500,Strong Buy,1.0,1300.16,False,True,-0.02204344080728532,0.00406103864139796,-0.06928378045778992
2011-06-06,SP500,Strong Buy,1.0,1286.17,False,True,-0.00607229215422547,0.03153548908775663,-0.05695203588950139
2011-06-07,SP500,Strong Buy,1.0,1284.94,False,True,0.008233847494824604,0.03183028001307443,-0.05140317835852254
2011-06-08,SP500,Strong Buy,1.0,1279.56,False,True,0.0059239113445248015,0.05020475788552316,-0.05872331113820366
2011-06-09,SP500,Strong Buy,1.0,1289.0,False,True,-0.004266873545384018,0.04346004654771139,-0.08923972071373155
2011-06-10,SP500,Strong Buy,1.0,1270.98,False,True,-0.001990589938472653,0.052282490676485896,-0.08319564430596862
2011-06-13,SP500,Strong Buy,1.0,1271.83,False,True,0.0065024413640187625,0.04726260585141106,-0.057562724577970355
2011-06-14,SP500,Strong Buy,1.0,1287.87,False,True,0.006832987801563964,0.013215619588933828,-0.07917724615062065
2011-06-15,SP500,Strong Buy,1.0,1265.42,False,True,0.03318265872200535,0.027856363894991385,-0.08786805961657003
2011-06-16,SP500,Strong Buy,0.8471208406304777,1267.64,True,True,0.041809977596162944,0.019437695244706597,-0.08312296866618292
2011-06-17,SP500,Strong Buy,1.0,1271.5,False,True,0.05361384191899337,0.012143138025953642,-0.07756979944946922
2011-06-20,SP500,Strong Buy,1.0,1278.36,False,True,0.04655965455740184,-0.019016552457836563,-0.070152382740386
2011-06-21,SP500,Strong Buy,1.0,1295.52,False,True,0.033731628998394506,-0.02715511917994324,-0.06669908608126474
2011-06-22,SP500,Strong Buy,1.0,1287.14,False,True,0.05133862672281175,-0.06764609910343876,-0.0552620538558355
2011-06-23,SP500,Strong Buy,1.0,1283.5,False,True,0.04698091156992595,-0.06553954031943895,-0.06186988702765881
2011-06-24,SP500,Strong Buy,0.7198631429919792,1268.45,False,True,0.04023808585281246,-0.11745831526666405,-0.05231581851866461
2011-06-27,SP500,Strong Buy,1.0,1280.1,False,True,0.026201078040778217,-0.08403249746113581,-0.08853995781579559
2011-06-28,SP500,Strong Buy,1.0,1296.67,False,True,0.01623389142958498,-0.13566289032676013,-0.12887627538232557
2011-06-29,SP500,Strong Buy,1.0,1307.41,False,True,0.0011167116665772856,-0.10308166527715099,-0.13077764435028033
2011-06-30,SP500,Strong Buy,1.0,1320.64,False,True,-0.003407438817543009,-0.10739489944269456,-0.11940422825296829
2011-07-01,SP500,Strong Buy,1.0,1339.67,False,True,-0.02555106854673167,-0.10090544686377993,-0.12263467868952799
2011-07-05,SP500,Strong Buy,1.0,1337.88,False,True,-0.008334080784524838,-0.10847011690136642,-0.13963883158429766
2011-07-06,SP500,Strong Buy,1.0,1339.22,False,True,-0.009990890219680193,-0.10851839130239985,-0.1335254849837965
2011-07-07,SP500,Strong Buy,1.0,1353.22,False,True,-0.006961174088470517,-0.15708458343802184,-0.16390535167969728
2011-07-08,SP500,Strong Buy,1.0,1343.8,False,True,0.0009078731954160049,-0.1639157612739991,-0.18199880934662893
2011-07-11,SP500,Strong Buy,1.0,1319.49,False,True,0.01359616215355937,-0.1482921431765304,-0.14819362026237407
2011-07-12,SP500,Strong Buy,1.0,1313.64,False,True,0.013930757285100905,-0.11516853932584284,-0.12911452148229355
2011-07-13,SP500,Strong Buy,1.0,1317.72,False,True,-0.009736514585799659,-0.10633518501654382,-0.11591992229001609
2011-07-14,SP500,Strong Buy,1.0,1308.87,False,True,-0.00626494609854288,-0.11429706540756525,-0.11720797328993703
2011-07-15,SP500,Strong Buy,1.0,1316.14,False,True,-0.018128770495540084,-0.10587019617973782,-0.09212545777804793
2011-07-18,SP500,Strong Buy,1.0,1305.44,False,True,-0.014171467091555336,-0.07304816766760643,-0.08418617477632069
2011-07-19,SP500,Strong Buy,1.0,1326.73,False,True,-0.05478130441009102,-0.08578233702411187,-0.09005600235164654
2011-07-20,SP500,Strong Buy,0.9999999999999999,1325.84,False,True,-0.049402642852832926,-0.08066584203222095,-0.09215289929403235
2011-07-21,SP500,Strong Buy,1.0,1343.8,False,True,-0.10695788063699957,-0.10372079178449166,-0.08871855930942107
2011-07-22,SP500,Strong Buy,1.0,1345.02,False,True,-0.1082809177558697,-0.12717283014378966,-0.10718056237081983
2011-07-25,SP500,Strong Buy,1.0,1337.43,False,True,-0.16297675392356983,-0.12874692507271412,-0.0837800856867275
2011-07-26,SP500,Strong Buy,1.0,1331.94,False,True,-0.11968256828385669,-0.10009459885580443,-0.09164076459900591
2011-07-27,SP500,Strong Buy,1.0,1304.89,True,True,-0.1411076795745236,-0.09118776295319912,-0.06858815685613347
2011-07-28,SP500,Strong Buy,1.0,1300.67,True,True,-0.09843388407513048,-0.11258812765728436,-0.04799065097219131
2011-07-29,SP500,Mild Buy,0.6984323183599602,1292.28,True,True,-0.08780604822484293,-0.10060513201473364,-0.02947503636982691
2011-08-01,SP500,Hold,0.3354278884462165,1286.94,True,True,-0.0640667008562948,-0.08863661087541001,-0.04498267207484428
2011-08-02,SP500,Strong Sell,-0.9,1254.05,True,False,-0.04887364937602166,-0.05212710816953064,-0.009608867270045018
2011-08-03,SP500,Strong Sell,-0.75,1260.34,True,False,-0.05272386816255917,-0.04064776171509277,0.019240839773394483
2011-08-04,SP500,Strong Sell,-0.75,1200.07,True,False,-0.0495137783629287,0.013282558517419864,0.07084586732440606
2011-08-05,SP500,Strong Sell,-0.75,1199.38,True,False,-0.06324100785405803,0.003927028964965072,0.044956560889792926
2011-08-08,SP500,Strong Sell,-0.75,1119.46,True,False,0.003894734961499205,0.07381237382309316,0.08827470387508257
2011-08-09,SP500,Strong Sell,-0.75,1172.53,True,False,-0.008682080629067114,-0.004920982831995754,0.055751238774274535
2011-08-10,SP500,Strong Sell,-1.0,1120.76,True,False,0.05071558585245719,0.007851814839930006,0.12526321424747502
2011-08-11,SP500,Strong Sell,-1.0,1172.64,True,False,-0.011401623686724073,-0.030879042161277147,0.0687252694774184
2011-08-12,SP500,Strong Sell,-1.0,1178.81,True,False,-0.001705109389978021,-0.013454246231368839,0.0698246536761649
2011-08-15,SP500,Strong Sell,-1.0,1204.49,True,False,0.004640968376657273,-0.024167905088460593,0.059303107539290544
2011-08-16,SP500,Strong Sell,-1.0,1192.76,True,False,0.016901975250679165,-0.03496093095006543,0.0304671518159562
2011-08-17,SP500,Strong Sell,-1.0,1193.89,True,False,0.02093995259194733,-0.028051160492172652,0.038370369129484244
2011-08-18,SP500,Strong Sell,-1.0,1140.65,True,False,0.05590671985271554,-0.008091877438302737,0.10800859159251287
2011-08-19,SP500,Strong Sell,-1.0,1123.53,True,False,0.04489421733287056,-0.02162826092761204,0.11414915489573042
2011-08-22,SP500,Strong Sell,-1.0,1123.82,True,False,0.03685643608407047,0.0001156768877579231,0.11922727838977774
2011-08-23,SP500,Strong Sell,-1.0,1162.35,True,False,0.031204026325977532,-0.015761173484750667,0.064145911300383
2011-08-24,SP500,Strong Sell,-1.0,1177.6,True,False,0.007048233695652329,-0.010725203804347726,0.03271908967391322
2011-08-25,SP500,Strong Sell,-1.0,1159.27,True,False,-0.004347563552925517,-0.0032865510191758137,0.04863405418927438
2011-08-26,SP500,Strong Sell,-1.0,1176.8,True,False,-0.012347042828008135,0.015372195785180273,0.013749150237933433
2011-08-29,SP500,Strong Sell,-1.0,1210.08,True,False,-0.030750033055665774,-0.012015734496892739,-0.018213671823350493
2011-08-30,SP500,Strong Sell,-1.0,1212.92,True,False,-0.019984829997031963,-0.0046746693928701585,-0.04215447020413556
2011-08-31,SP500,Strong Sell,-1.0,1218.89,True,False,-0.008023693688520047,-0.01249497493621247,-0.04940560674055905
2011-09-01,SP500,Strong Sell,-1.0,1204.42,True,False,0.009622889025422956,0.016738347088224918,-0.009855366068315137
2011-09-02,SP500,Strong Sell,-1.0,1173.97,True,False,0.025656532960808106,0.02290518497065502,0.018075419303730102
2011-09-06,SP500,Strong Sell,-1.0,1165.24,True,False,0.03162438639250276,0.051611685146407696,0.07013147506093168
2011-09-07,SP500,Strong Sell,-1.0,1198.62,True,False,-0.02658056765280064,0.00939413659041249,0.03834409571006661
2011-09-08,SP500,Strong Sell,-1.0,1185.9,True,False,-0.0475082216038453,0.024867189476347085,0.04922843410068292
2011-09-09,SP500,Strong Sell,-1.0,1154.23,True,False,-0.015421536435545736,0.07279311748958178,0.0891070237301057
2011-09-12,SP500,Strong Sell,-1.0,1162.27,True,False,0.0005850619907595169,0.07908661498619088,0.08276906398685335
2011-09-13,SP500,Strong Sell,-1.0,1172.87,True,False,0.0021400496218679124,0.04789959671574861,0.07514899349459028
2011-09-14,SP500,Strong Sell,-1.0,1188.68,True,False,-0.03164855133425322,0.04485647945620346,0.03842076925665431
2011-09-15,SP500,Strong Sell,-1.0,1209.11,True,False,-0.04028583007335959,0.062426081994194096,0.03811067644796599
2011-09-16,SP500,Strong Sell,-1.0,1216.01,False,False,-0.06956357266798786,0.05680874334915003,0.016825519526977605
2011-09-19,SP500,Strong Sell,-1.0,1204.09,True,False,-0.08708651346660126,0.040869038028718815,0.0179720784991156
2011-09-20,SP500,Strong Sell,-1.0,1202.09,True,False,-0.06500345232054162,0.013468209535059818,0.008094235872522039
2011-09-21,SP500,Strong Sell,-1.0,1166.76,True,False,-0.01948129863896604,0.060972265075936866,0.04198806952586651
2011-09-22,SP500,Strong Sell,-1.0,1129.56,True,False,0.031348489677396583,0.11649668897623867,0.07976557243528466
2011-09-23,SP500,Strong Sell,-1.0,1136.43,True,False,0.016745422067351242,0.10277799776493048,0.06064605827019688
2011-09-26,SP500,Strong Sell,-1.0,1162.95,True,False,0.027464637344683823,0.08441463519497815,0.06737177006750067
2011-09-27,SP500,Strong Sell,-1.0,1175.38,True,False,0.017151899811124787,0.0855382939985366,0.05814289846687872
2011-09-28,SP500,Strong Sell,-1.0,1151.06,True,False,0.04881587406390636,0.06779837714802006,0.08943061178392096
2011-09-29,SP500,Strong Sell,-1.0,1160.4,True,False,0.037280248190279204,0.06833850396415025,0.0904257152705962
2011-09-30,SP500,Strong Sell,-1.0,1131.42,True,False,0.08233900761874445,0.11704760389598896,0.11844407912181151
2011-10-03,SP500,Strong Sell,-1.0,1099.23,True,False,0.09245562803053035,0.1387789634562375,0.13683214613866077
2011-10-04,SP500,Strong Sell,-1.0,1123.95,True,False,0.09024422794608307,0.11909782463632715,0.12373326215578978
2011-10-05,SP500,Strong Sell,-1.0,1144.03,True,False,0.05755967937903738,0.08118668216742578,0.0992718722411125
2011-10-06,SP500,Strong Sell,-1.0,1164.97,True,False,0.04328008446569446,0.04391529395606761,0.0962170699674669
2011-10-07,SP500,Strong Sell,-1.0,1155.46,True,False,0.07165111730393087,0.052091807591781676,0.1054471812092153
2011-10-10,SP500,Strong Sell,-1.0,1194.89,False,False,0.049627999230054606,-0.001598473499652756,0.07211542485082295
2011-10-11,SP500,Strong Sell,-1.0,1195.54,False,False,0.028029175100791268,-0.0062733158238118345,0.0688140923766666
2011-10-12,SP500,Strong Sell,-1.0,1207.25,False,False,0.028784427417684822,-0.03765582936425764,0.0608407537792504
2011-10-13,SP500,Strong Sell,-1.0,1203.66,False,False,0.06723659505175866,-0.03737766478906004,0.07345928252164219
2011-10-14,SP500,Strong Sell,-1.0,1224.58,False,False,0.04941285991931927,-0.026155906514886716,0.055447582028124005
2011-10-17,SP500,Strong Sell,-1.0,1200.86,False,False,0.043668704095398345,-0.004721616175074402,0.07881018603334286
2011-10-18,SP500,Strong Sell,-1.0,1225.38,False,False,-0.005794121007361093,0.01761086356885205,0.05199203512379817
2011-10-19,SP500,Strong Sell,-1.0,1209.88,False,False,0.023159321585611778,0.02868053030052552,0.06925480212913673
2011-10-20,SP500,Strong Sell,-1.0,1215.39,False,False,0.037650466105529905,0.023770147853775226,0.07623067492738944
2011-10-21,SP500,Strong Sell,-1.0,1238.25,False,False,0.012097718554411482,0.015206945285685385,0.06157884110640016
2011-10-24,SP500,Strong Sell,-1.0,1254.19,False,False,0.005525478595746925,0.003412561095208838,0.048788461078465024
2011-10-25,SP500,Strong Sell,-1.0,1229.05,False,False,0.03813514503071488,0.026003824091778233,0.07074569789674956
2011-10-26,SP500,Strong Sell,-1.0,1242.0,False,False,-0.010386473429951764,-0.006159420289855146,0.058494363929146614
2011-10-27,SP500,Strong Buy,0.7987607847674286,1284.59,False,True,-0.03494500190722322,-0.022886679796666535,0.03228267384924375
2011-10-28,SP500,Strong Buy,0.731042209671118,1285.09,False,True,-0.0165280252744944,-0.0378339260285271,0.025943708222770503
2011-10-31,SP500,Strong Sell,-0.95,1253.3,False,False,-0.0012127982127184088,-0.021997925476741353,0.0502912311497646
2011-11-01,SP500,Strong Sell,-0.95,1218.28,False,False,0.03244738483763993,-0.005302557704304459,0.07775716584036513
2011-11-02,SP500,Strong Sell,-0.95,1237.9,False,False,-0.0007997414976977211,-0.017893206236368114,0.06019064544793601
2011-11-03,SP500,Mild Sell,-0.472116048814168,1261.15,False,False,-0.03569757760773895,-0.032898544978789204,0.04990683106688326
2011-11-04,SP500,Strong Sell,-0.95,1253.23,False,False,-0.02998651484563881,-0.03820527756277787,0.05769890602682663
2011-11-07,SP500,Mild Sell,-0.6511786194155178,1261.12,False,False,-0.05403133722405471,-0.015716188784572396,0.0664330119259073
2011-11-08,SP500,Hold,0.22367494251230022,1275.92,False,True,-0.06887579158567944,-0.025236691955608535,0.05361621418270726
2011-11-09,SP500,Strong Sell,-1.0,1229.1,False,False,-0.05476364819786832,0.02025872589699788,0.09596452688959406
2011-11-10,SP500,Strong Sell,-0.95,1239.7,False,False,-0.06536258772283615,0.020674356699201323,0.08894087279180446
2011-11-11,SP500,Mild Sell,-0.40742754396241854,1263.85,False,False,-0.05641492265696084,0.0012501483562132806,0.06970763935593634
2011-11-14,SP500,Strong Sell,-0.95,1251.78,False,False,-0.0452076243429356,-0.0017095655786159491,0.07258463947339
2011-11-15,SP500,Strong Sell,-0.7437220400846309,1257.81,False,False,-0.008626104101573297,0.004142120034027426,0.07470126648698933
2011-11-16,SP500,Strong Sell,-0.95,1236.91,False,False,0.006200936203927403,0.016727166891689633,0.09183368232126825
2011-11-17,SP500,Strong Sell,-0.95,1216.13,False,False,0.023147196434591583,0.05010155164332747,0.10451185317359156
2011-11-18,SP500,Strong Sell,-0.85,1215.65,False,False,0.0340805330481634,0.050713610002879,0.11713075309505191
2011-11-21,SP500,Strong Sell,-0.85,1192.98,False,False,0.05489614243323443,0.07383191671276965,0.14103337859813242
2011-11-22,SP500,Strong Sell,-1.0,1188.04,False,False,0.06142049089256257,0.07556142890811755,0.14660280798626316
2011-11-23,SP500,Strong Sell,-1.0,1161.79,False,False,0.06245534907341253,0.10235068299778798,0.1685932913865674
2011-11-25,SP500,Strong Sell,-1.0,1158.67,False,False,0.08330240707017526,0.11514063538367253,0.17674575159450054
2011-11-28,SP500,Strong Sell,-1.0,1192.55,False,False,0.03682864450127883,0.08379522871158447,0.1452266152362585
2011-11-29,SP500,Strong Sell,-1.0,1195.19,False,False,0.025552422627364655,0.08392807838084317,0.14424484809946522
2011-11-30,SP500,Strong Sell,-1.0,1246.96,False,False,-0.028180535061269087,0.03378616796047979,0.10042022197985502
2011-12-01,SP500,Strong Sell,-1.0,1244.58,False,False,-0.023164441016246387,0.03944302495621024,0.09730190104292223
2011-12-02,SP500,Strong Sell,-1.0,1244.28,False,False,-0.01978654322178279,0.05124248561417044,0.10432539299836045
2011-12-05,SP500,Mild Sell,-0.6926043053837425,1257.08,False,False,-0.04115092118242277,0.04567728386419327,0.089532885735196
2011-12-06,SP500,Hold,-0.3399659247444308,1258.47,False,False,-0.013643551296415547,0.04522157858351815,0.08411801632140607
2011-12-07,SP500,Hold,-0.15346982308323043,1261.01,False,False,-0.013711231473184165,0.04360790160268357,0.06530479536244749
2011-12-08,SP500,Strong Sell,-1.0,1234.35,False,False,0.015919309758172392,0.06505448211609365,0.09582371288532443
2011-12-09,SP500,Strong Sell,-0.7311820729860273,1255.19,False,False,0.00807845824138168,0.05646157155490395,0.0882097531051076
2011-12-12,SP500,Strong Sell,-0.95,1236.47,False,False,0.023421514472652016,0.06628547397025406,0.10869653125429639
2011-12-13,SP500,Strong Sell,-0.95,1225.73,False,False,0.019506742920545373,0.07391513628613146,0.118590554200354
2011-12-14,SP500,Strong Sell,-0.95,1211.82,False,False,0.04225049924906343,0.08350250037134233,0.15194500833457125
2011-12-15,SP500,Strong Sell,-0.95,1215.75,False,False,0.03442319555829727,0.07950647748303523,0.14684762492288708
2011-12-16,SP500,Strong Sell,-1.0,1219.66,False,False,0.047062296049718656,0.08562222258662236,0.14999262089434745
2011-12-19,SP500,Strong Sell,-1.0,1205.35,False,False,0.05969220558344054,0.09971377608163609,0.16494794043223976
2011-12-20,SP500,Strong Sell,-1.0,1241.3,False,False,0.0320309353097559,0.08346088777894155,0.1357045033432692
2011-12-21,SP500,Strong Sell,-1.0,1243.72,False,False,0.027409706364776572,0.08089441353359268,0.13009359019715044
2011-12-22,SP500,Hold,-0.33364337631589636,1254.0,False,False,0.02129186602870817,0.07420255183413074,0.11873205741626802
2011-12-23,SP500,Mild Buy,0.5044776671528494,1265.33,False,True,0.021140730086222567,0.06688373783914087,0.10072471213043242
2011-12-27,SP500,Mild Buy,0.5331710034066446,1265.43,False,True,0.02137613301407423,0.06837201583651405,0.10405948965964125
2011-12-28,SP500,Mild Sell,-0.6597374389728179,1249.64,False,False,0.03669856918792604,0.07442143337281136,0.13353445792388197
2011-12-29,SP500,Hold,0.38534041006252073,1263.02,False,True,0.02064100330952791,0.07026808759956295,0.11836708840715111
2011-12-30,SP500,Hold,-0.05638567935339968,1257.6,False,False,0.028681615776081557,0.07387086513994919,0.1176367684478372
2012-01-03,SP500,Strong Buy,1.0,1277.06,False,True,0.024258844533537986,0.05181432352434504,0.09883638983289746
2012-01-04,SP500,Strong Buy,1.0,1277.3,False,True,0.02912393329679797,0.06321146167697488,0.10269318092852116
2012-01-05,SP500,Strong Buy,1.0,1281.06,False,True,0.026790314270994462,0.06258098761962756,0.10770767957784962
2012-01-06,SP500,Strong Buy,1.0,1277.81,False,True,0.029887072412956586,0.06605050829153011,0.10609558541567225
2012-01-09,SP500,Strong Buy,1.0,1280.7,False,True,0.026508940423206093,0.06009213711251662,0.09234012649332396
2012-01-10,SP500,Strong Buy,1.0,1292.08,False,True,0.026298681196210778,0.05524425732152816,0.0820382638845892
2012-01-11,SP500,Strong Buy,1.0,1292.48,False,True,0.020077680118841333,0.0566817281505323,0.06941693488487251
2012-01-12,SP500,Strong Buy,1.0,1295.5,False,True,0.016078734079505927,0.05564646854496327,0.04869934388267072
2012-01-13,SP500,Strong Buy,1.0,1289.09,False,True,0.018555725356646995,0.06445632190149653,0.06176450053914011
2012-01-17,SP500,Strong Buy,1.0,1293.67,False,True,0.014485919902293481,0.055663345366283506,0.07258419844318864
2012-01-18,SP500,Strong Buy,1.0,1308.04,False,True,0.012270266964312984,0.050495397694260084,0.04756735268034619
2012-01-19,SP500,Strong Buy,1.0,1314.5,False,True,0.008398630658044857,0.0419399011030811,0.04189425637124377
2012-01-20,SP500,Strong Buy,1.0,1315.38,False,True,0.02244218400766317,0.03721358086636547,0.05732183855615857
2012-01-23,SP500,Strong Buy,1.0,1316.0,False,True,0.02152735562310025,0.020790273556230927,0.05253799392097272
2012-01-24,SP500,Strong Buy,1.0,1314.65,False,True,0.02464534286692265,0.028889818582892798,0.04736621914578023
2012-01-25,SP500,Strong Buy,1.0,1326.06,False,True,0.018023317195300433,0.030051430553670374,0.03956834532374103
2012-01-26,SP500,Strong Buy,1.0,1318.43,False,True,0.025424178758068294,0.03977458037210912,0.036793762277860784
2012-01-27,SP500,Strong Buy,1.0,1316.33,False,True,0.019987389180524773,0.04160051051028237,0.04226903588006055
2012-01-30,SP500,Strong Buy,1.0,1313.01,False,True,0.029519957959192992,0.06316783573620921,0.059161773329982306
2012-01-31,SP500,Strong Buy,1.0,1312.41,False,True,0.029022942525582643,0.06238142044025868,0.06672457539945591
2012-02-01,SP500,Strong Buy,1.0,1324.09,False,True,0.01445521074851415,0.05929355255307418,0.05986753166325551
2012-02-02,SP500,Strong Buy,1.0,1325.54,False,True,0.02451830951913937,0.05931922084584404,0.05459661722769597
2012-02-03,SP500,Strong Buy,1.0,1344.9,False,True,0.012142166703844097,0.04821919845341654,0.04529704810766588
2012-02-06,SP500,Strong Buy,1.0,1344.33,False,True,0.013300305728504243,0.045517097736418925,0.04312929117106665
2012-02-07,SP500,Strong Buy,1.0,1347.05,False,True,0.00787647080657743,0.04145354663895189,0.03304999814409264
2012-02-08,SP500,Strong Buy,1.0,1349.96,False,True,0.010000296305075705,0.031719458354321564,0.014178197872529462
2012-02-09,SP500,Strong Buy,1.0,1351.95,False,True,0.01020008136395574,0.03340360220422342,0.013040423092569904
2012-02-10,SP500,Strong Buy,1.0,1342.64,False,True,0.01858279211106463,0.05501847107191793,0.015700411130310378
2012-02-13,SP500,Strong Buy,1.0,1351.77,False,True,0.015098722415795648,0.04494107725426663,0.002078756001390729
2012-02-14,SP500,Strong Buy,1.0,1350.5,False,True,0.011240281377267725,0.04075527582376895,0.005546094039244731
2012-02-15,SP500,Strong Buy,1.0,1343.23,False,True,0.02297447198171564,0.04470567214847789,0.007563857269417808
2012-02-16,SP500,Strong Buy,1.0,1358.04,False,True,0.008534358339960638,0.03713439957585937,-0.014498836558569744
2012-02-17,SP500,Strong Buy,1.0,1361.23,False,True,0.0022773521006735887,0.04246894352901416,-0.022457630231481774
2012-02-21,SP500,Strong Buy,1.0,1362.21,False,True,-0.013837807680166887,0.037563958567328144,-0.027462726011407992
2012-02-22,SP500,Strong Buy,1.0,1357.66,False,True,-0.003704904026044792,0.030419987331143254,-0.03889044385192182
2012-02-23,SP500,Strong Buy,1.0,1363.46,False,True,0.0017968990656125191,0.025391283939389414,-0.050049139688733084
2012-02-24,SP500,Strong Buy,1.0,1365.74,False,True,0.0037562054270943823,0.012052074333328479,-0.03642713840115981
2012-02-27,SP500,Strong Buy,1.0,1367.59,False,True,0.00255924655781338,-0.006580919720091548,-0.03726262988176267
2012-02-28,SP500,Strong Buy,1.0,1372.18,False,True,0.017322800215715126,-0.0025288227492020194,-0.038857875788890786
2012-02-29,SP500,Strong Buy,1.0,1365.68,False,True,0.020941948333430896,0.016028645070587454,-0.032950618007146625
2012-03-01,SP500,Strong Buy,1.0,1374.09,False,True,0.020748277041532936,-0.0027872992307635797,-0.04095073830680668
2012-03-02,SP500,Strong Buy,1.0,1369.63,False,True,0.025218489665092002,-4.380745164765141e-05,-0.02716792126340693
2012-03-05,SP500,Strong Buy,1.0,1364.33,False,True,0.033291065944456306,0.019386805245065378,-0.0373883151436969
2012-03-06,SP500,Strong Buy,1.0,1343.36,False,True,0.04627203430204866,0.03110111958075289,-0.02458760123868507
2012-03-07,SP500,Strong Buy,1.0,1352.63,False,True,0.037157241817791994,0.017957608510827026,-0.05514442234757483
2012-03-08,SP500,Strong Buy,1.0,1365.91,False,True,0.01967186710691033,0.0092392617375961,-0.06422824344210087
2012-03-09,SP500,Strong Buy,1.0,1370.87,False,True,0.01914112935581055,-0.0028667926207443717,-0.06227432214579055
2012-03-12,SP500,Strong Buy,1.0,1371.09,False,True,0.033126928210402,0.0006418251172425655,-0.04081424268282886
2012-03-13,SP500,Strong Buy,1.0,1395.95,False,True,0.01187005265231558,-0.0037680432680253523,-0.05799634657401772
2012-03-14,SP500,Strong Buy,1.0,1394.28,False,True,0.008075852769888394,0.004088131508735725,-0.049215365636744335
2012-03-15,SP500,Strong Buy,1.0,1402.6,False,True,0.0004848139170113102,0.0005418508484243483,-0.06678311706830162
2012-03-16,SP500,Strong Buy,1.0,1404.17,False,True,0.0030623072704871594,-0.004458149654244138,-0.056966036875876855
2012-03-19,SP500,Strong Buy,1.0,1409.75,False,True,0.0065898208902287385,-0.0027877283206242695,-0.06729561979074296
2012-03-20,SP500,Strong Buy,1.0,1405.52,False,True,0.0055922363253458705,-0.0022838522397404777,-0.05437133587569019
2012-03-21,SP500,Strong Buy,1.0,1402.89,False,True,-0.002801360049611918,-0.008069057445701489,-0.042804496432364746
2012-03-22,SP500,Strong Buy,1.0,1392.78,False,True,0.003805338962363011,-0.01700196728844474,-0.03446344720630681
2012-03-23,SP500,Strong Buy,1.0,1397.11,False,True,-0.010672030119317631,-0.019704962386640976,-0.028007816134735193
2012-03-26,SP500,Strong Buy,1.0,1416.51,False,True,-0.04088922774989239,-0.0372676507754975,-0.042936512979082346
2012-03-27,SP500,Strong Buy,1.0,1412.52,False,True,-0.0310154900461586,-0.04101888822813132,-0.06159912779996035
2012-03-28,SP500,Strong Buy,1.0,1405.54,False,True,-0.012785121732572555,-0.033830413933434805,-0.05017288728887117
2012-03-29,SP500,Strong Buy,1.0,1403.28,False,True,-0.023530585485434113,-0.03555242004446716,-0.0638219029701841
2012-03-30,SP500,Strong Buy,1.0,1408.47,False,True,-0.027618621624883804,-0.04978451795210414,-0.06281993936683068
2012-04-02,SP500,Strong Buy,1.0,1419.04,False,True,-0.019914872026158523,-0.06228154245123456,-0.06144294734468377
2012-04-03,SP500,Strong Buy,1.0,1413.38,False,True,-0.019980472342894344,-0.06267245892824304,-0.059672557981576176
2012-04-04,SP500,Strong Buy,1.0,1398.96,False,True,-0.015754560530679907,-0.06726425344541669,-0.026305255332532706
2012-04-05,SP500,Strong Buy,1.0,1398.08,False,True,-0.013983463035019423,-0.07357232776379027,-0.023296234836346946
2012-04-09,SP500,Strong Buy,0.9999999999999999,1382.2,False,True,-0.011040370423961793,-0.04790189552886705,-0.005918101577195821
2012-04-10,SP500,Strong Buy,1.0,1358.59,False,True,0.009848445815146666,-0.030884961614615014,0.006617154549937811
2012-04-11,SP500,Strong Buy,1.0,1368.71,False,True,0.016058916790262376,-0.03642115568674163,-0.010250527869307576
2012-04-12,SP500,Strong Buy,1.0,1387.57,False,True,0.008943692930807153,-0.04820657696548634,-0.025303227945256745
2012-04-13,SP500,Strong Buy,1.0,1370.26,False,True,0.02415599959131837,-0.03827010932231843,-0.021010611124895977
2012-04-16,SP500,Strong Buy,1.0,1369.57,False,True,0.020692626152734178,-0.027125302102119546,-0.020531991793044452
2012-04-17,SP500,Strong Buy,1.0,1390.78,False,True,0.010814075554724661,-0.055695365190756296,-0.04027955535742532
2012-04-18,SP500,Strong Buy,1.0,1385.14,False,True,0.012395858902349108,-0.054008981041627685,-0.02047446467505099
2012-04-19,SP500,Strong Buy,1.0,1376.92,False,True,0.010639688580309578,-0.07181245097754416,-0.016907300351509145
2012-04-20,SP500,Strong Buy,1.0,1378.53,False,True,-0.006840620080810765,-0.07279493373375981,-0.010779598557884051
2012-04-23,SP500,Strong Buy,1.0,1366.94,False,True,0.001931321052862505,-0.059578328236791704,0.004272316268453567
2012-04-24,SP500,Strong Buy,1.0,1371.97,False,True,-0.006013251018608279,-0.04142947732093261,0.0033091102575128926
2012-04-25,SP500,Strong Buy,1.0,1390.69,False,True,-0.025965527903414942,-0.054433410752935625,-0.020155462396364374
2012-04-26,SP500,Strong Buy,1.0,1399.98,False,True,-0.02999328561836598,-0.05308647266389515,-0.03532907612965902
2012-04-27,SP500,Strong Buy,0.9999999999999999,1403.36,False,True,-0.0356073993843346,-0.06728850758180356,-0.04635303842207271
2012-04-30,SP500,Strong Buy,1.0,1397.91,False,True,-0.04260646250473934,-0.05274302351367399,-0.04293552517687117
2012-05-01,SP500,Strong Buy,1.0,1405.82,False,True,-0.053463459048811265,-0.0646882246660311,-0.03257885077748215
2012-05-02,SP500,Strong Buy,1.0,1402.31,False,True,-0.05527308512383139,-0.052206716061355934,-0.011652202437406792
2012-05-03,SP500,Strong Buy,1.0,1391.57,False,True,-0.062310915009665374,-0.03501800125038627,-0.004505702192487609
2012-05-04,SP500,Strong Buy,1.0,1369.1,False,True,-0.053962457088598266,-0.017763494266306287,0.0074647578701336845
2012-05-07,SP500,Strong Buy,1.0,1369.58,False,True,-0.03912878400677574,-0.00846974985031901,0.004191065874209619
2012-05-08,SP500,Strong Buy,0.9999999999999999,1363.72,False,True,-0.0345305487930073,-0.005888305517261588,0.0009386090986419299
2012-05-09,SP500,Strong Buy,1.0,1354.58,False,True,-0.02636979728033784,-0.021460526510062115,0.026879180262516858
2012-05-10,SP500,Strong Buy,1.0,1357.99,False,True,-0.027474429119507468,-0.016914704821095906,0.026686499900588377
2012-05-11,SP500,Strong Buy,1.0,1353.39,False,True,-0.026282150747382618,-0.029311580549582952,0.035436939832568445
2012-05-14,SP500,Strong Buy,1.0,1338.35,False,True,-0.004430829005865309,-0.013718384578025107,0.047722942429110564
2012-05-15,SP500,Strong Buy,1.0,1330.66,False,True,-0.013031127410458077,0.0008942930575803189,0.05421369846542307
2012-05-16,SP500,Strong Buy,1.0,1324.8,False,True,-0.010922403381642532,0.0032004830917874466,0.06119414251207725
2012-05-17,SP500,Strong Buy,1.0,1304.86,False,True,-0.020553929157150912,0.04391275692411461,0.07606179973330472
2012-05-18,SP500,Strong Buy,1.0,1295.22,False,True,-0.013156066150924139,0.05426877287256216,0.08393168728092527
2012-05-21,SP500,Strong Buy,1.0,1315.99,False,True,-0.0231688690643546,0.04409607975744494,0.0680400306993214
2012-05-22,SP500,Strong Buy,1.0,1316.63,False,True,-0.001139272232897625,0.03869728017742252,0.07510082559261134
2012-05-23,SP500,Strong Buy,1.0,1318.86,False,True,-0.002934352395250361,0.02715981984441121,0.07529229789363556
2012-05-24,SP500,Strong Buy,1.0,1320.68,False,True,0.0037707847472514297,0.024063361298724877,0.07378774570675715
2012-05-25,SP500,Strong Buy,1.0,1317.82,False,True,-0.006745989588866365,0.017946305261720183,0.07235434277822475
2012-05-29,SP500,Strong Buy,1.0,1332.42,False,True,-0.006184236201798238,0.006777142342504595,0.06084417826210949
2012-05-30,SP500,Strong Buy,1.0,1313.32,False,True,0.0011878293180642744,0.016325038832881594,0.06758444248164956
2012-05-31,SP500,Strong Buy,1.0,1310.33,False,True,0.014324635778773274,0.03544908534491315,0.07692718628131859
2012-06-01,SP500,Mild Sell,-0.41380974992086517,1278.04,False,False,0.05070263841507305,0.059153078150918706,0.10359613157647656
2012-06-04,SP500,Hold,-0.28800089066138745,1278.18,False,False,0.052105337276439866,0.06688416341986263,0.102583360716018
2012-06-05,SP500,Hold,0.23568494015308386,1285.5,False,False,0.05638273045507586,0.06789576040451184,0.09723064955270323
2012-06-06,SP500,Strong Buy,1.0,1315.13,False,True,0.030841057538038022,0.04667219210268177,0.06413814603879457
2012-06-07,SP500,Strong Buy,1.0,1314.99,False,True,0.008000060836964525,0.036251226245066555,0.06965071977733665
2012-06-08,SP500,Strong Buy,1.0,1325.66,False,True,0.00706063394837281,0.0187529230722809,0.05980417301570536
2012-06-11,SP500,Strong Buy,1.0,1308.93,False,True,0.0036594775885646774,0.022445814520256912,0.07220401396560548
2012-06-12,SP500,Strong Buy,1.0,1324.18,False,True,-0.003164222386684631,0.010353577308220964,0.08151459771330168
2012-06-13,SP500,Strong Buy,1.0,1314.88,False,True,0.012906120710635037,0.03433012898515444,0.0935750790946702
2012-06-14,SP500,Strong Buy,1.0,1329.1,False,True,-4.5143330072940664e-05,0.04278835302084126,0.07522383567827855
2012-06-15,SP500,Strong Buy,1.0,1342.84,False,True,0.014387417711715592,0.031619552590033094,0.06755830925501179
2012-06-18,SP500,Strong Buy,1.0,1344.78,False,True,0.01541516084415296,0.025684498579693307,0.06824908163417062
2012-06-19,SP500,Strong Buy,1.0,1357.98,False,True,0.01181166143831276,0.01276896566959743,0.07511892664104036
2012-06-20,SP500,Strong Buy,1.0,1355.69,False,True,0.008770441620134302,0.006867351680693924,0.08119850408279174
2012-06-21,SP500,Strong Buy,1.0,1325.51,False,True,0.02200662386553106,0.04939985364123999,0.10236060082534275
2012-06-22,SP500,Strong Buy,1.0,1335.02,False,True,0.01306347470449885,0.04435139548471187,0.09310721936750008
2012-06-25,SP500,Strong Buy,1.0,1313.72,False,True,0.021123222604512378,0.06670371159760062,0.11214718509271376
2012-06-26,SP500,Strong Buy,1.0,1319.99,False,True,0.016257698921961557,0.06229592648429156,0.10626595656027696
2012-06-27,SP500,Strong Buy,1.0,1331.85,False,True,0.002184930735443242,0.05327176483838274,0.09633216953861184
2012-06-28,SP500,Strong Buy,1.0,1329.04,False,True,0.020872208511406736,0.057808643833142666,0.09619725516162052
2012-06-29,SP500,Strong Buy,1.0,1362.16,False,True,-0.00625477183297115,0.030796675867739338,0.05831179890761719
2012-07-02,SP500,Strong Buy,1.0,1365.51,False,True,-0.001347481893212,0.028136007791960568,0.04965910172755963
2012-07-03,SP500,Strong Buy,1.0,1374.02,False,True,-0.000902461390663898,0.022932708403080006,0.05322338830584716
2012-07-05,SP500,Strong Buy,1.0,1367.58,False,True,0.006529782535573834,0.03504730984659037,0.053444771055441105
2012-07-06,SP500,Strong Buy,1.0,1354.68,False,True,0.005890690052263278,0.046859775002214554,0.06629609944784004
2012-07-09,SP500,Strong Buy,1.0,1352.46,False,True,-0.0014344231992074105,0.04855596468657119,0.0689780104402348
2012-07-10,SP500,Strong Buy,1.0,1341.47,False,True,-0.002355624799660135,0.053448828523932734,0.08164178103125674
2012-07-11,SP500,Strong Buy,1.0,1341.45,False,True,-0.0026538447202653437,0.05370308248537028,0.08941816690894185
2012-07-12,SP500,Strong Buy,1.0,1334.76,False,True,0.01892475051694686,0.05043603344421464,0.09452635679822595
2012-07-13,SP500,Strong Buy,1.0,1356.78,False,True,0.021514173263167246,0.04005807868630149,0.07304058137649445
2012-07-16,SP500,Strong Buy,0.9999999999999999,1353.64,False,True,0.02338878874737733,0.041960934960550776,0.06489169941786584
2012-07-17,SP500,Strong Buy,0.9999999999999999,1363.67,False,True,0.011476383582538196,0.03346117462435918,0.05051808722051513
2012-07-18,SP500,Strong Buy,0.9999999999999999,1372.78,False,True,0.001850260056236224,0.027469805795539006,0.04375063739273587
2012-07-19,SP500,Strong Buy,1.0,1376.51,False,True,-0.00836172639501347,0.016687129043741075,0.037834814131390206
2012-07-20,SP500,Strong Buy,1.0,1362.66,False,True,0.020790219130230523,0.03223107745145513,0.056852039393539125
2012-07-23,SP500,Strong Buy,0.9999999999999999,1350.52,False,True,0.032365311139412996,0.04029558984687385,0.07730355714835774
2012-07-24,SP500,Strong Buy,0.9999999999999999,1338.31,False,True,0.04710418363458389,0.048665854697342255,0.09160807286802022
2012-07-25,SP500,Strong Buy,0.9999999999999999,1337.89,False,True,0.04808317574688496,0.0704317993258039,0.08928237747497912
2012-07-26,SP500,Strong Buy,0.9999999999999999,1360.02,False,True,0.03145541977323861,0.057278569432802524,0.053800679401773556
2012-07-27,SP500,Strong Buy,0.9999999999999999,1385.97,False,True,0.014358175140875966,0.03110456936297315,0.03452455680858887
2012-07-30,SP500,Strong Buy,0.9999999999999999,1385.3,False,True,0.013578286291777915,0.03483721937486464,0.020075073991193206
2012-07-31,SP500,Strong Buy,0.9999999999999999,1379.32,False,True,0.017842125105124357,0.04149870950903344,0.021336600643795542
2012-08-01,SP500,Strong Buy,0.9999999999999999,1375.32,False,True,0.02196579705086819,0.06156385423028828,0.027375447168658997
2012-08-02,SP500,Strong Buy,1.0,1365.0,False,True,0.037003663003663,0.07382417582417582,0.03438827838827843
2012-08-03,SP500,Strong Buy,0.9999999999999999,1390.99,False,True,0.019532850703455864,0.05046765253524471,0.015219376127793926
2012-08-06,SP500,Strong Buy,0.9999999999999999,1394.23,False,True,0.017142078423215745,0.04668526713669905,0.02392718561499889
2012-08-07,SP500,Strong Buy,0.9999999999999999,1401.35,False,True,0.008434723659328623,0.042601776858029794,0.00916972918971002
2012-08-08,SP500,Strong Buy,0.9999999999999999,1402.22,False,True,0.008037255209596198,0.04139150775199324,0.01072584901085419
2012-08-09,SP500,Strong Buy,1.0,1402.8,False,True,-0.0005132591958939459,0.04088252067293993,0.018242087254063406
2012-08-10,SP500,Strong Buy,1.0,1405.87,False,True,0.0037414554688557397,0.03629069544125717,-0.00806617966099278
2012-08-13,SP500,Strong Buy,1.0,1404.11,False,True,0.004508193802479973,0.026693065358127228,-0.018944384699204415
2012-08-14,SP500,Strong Buy,0.9999999999999999,1403.93,False,True,0.0038249770287691626,0.02093409215559171,-0.017151852300328473
2012-08-15,SP500,Strong Buy,0.9999999999999999,1405.53,False,True,0.0035289179170846846,0.02961160558650482,-0.018142622355979594
2012-08-16,SP500,Strong Buy,0.9999999999999999,1415.51,False,True,-0.011324540271704172,0.017774512366567585,-0.028950696215498315
2012-08-17,SP500,Strong Buy,1.0,1418.16,False,True,-0.008165510238619163,0.01856631127658369,-0.04419106447791509
2012-08-20,SP500,Strong Buy,1.0,1418.13,False,True,-0.009300980869172821,0.019476352661603583,-0.0456939772799392
2012-08-21,SP500,Strong Buy,1.0,1413.17,False,True,-0.006885229660974984,0.02676252680144635,-0.03770954662213319
2012-08-22,SP500,Strong Buy,1.0,1413.49,False,True,0.013180142767193176,0.03389482769598659,-0.018818668685310763
2012-08-23,SP500,Strong Buy,1.0,1402.08,False,True,0.025562022138537137,0.04197335387424408,-0.010177735935182003
2012-08-24,SP500,Strong Buy,1.0,1411.13,False,True,0.012720302169183432,0.03171217393153005,-0.014243903821759963
2012-08-27,SP500,Strong Buy,1.0,1410.44,False,True,0.016392047871586095,0.022007316865658915,-0.0009146082073678877
2012-08-28,SP500,Strong Buy,1.0,1409.3,False,True,0.019342936209465686,0.016504647697438438,-0.0021358121053004974
2012-08-29,SP500,Strong Buy,1.0,1410.49,False,True,0.0350941871264596,0.01584555721770442,-0.00818864366284054
2012-08-30,SP500,Strong Buy,1.0,1399.48,False,True,0.04736759367765167,0.020800583073713023,0.007467059193414729
2012-08-31,SP500,Strong Buy,1.0,1406.58,False,True,0.0388246669226067,0.023852180466095198,0.0066615478678782
2012-09-04,SP500,Strong Buy,1.0,1404.94,False,True,0.038706279271712586,0.03557447293122839,0.008000341651600787
2012-09-05,SP500,Strong Buy,1.0,1403.44,False,True,0.0410491364076839,0.04094938151969448,0.004289460183548981
2012-09-06,SP500,Strong Buy,1.0,1432.12,False,True,0.019649191408541256,0.01761025612378853,-0.017505516297516923
2012-09-07,SP500,Strong Buy,1.0,1437.92,False,True,0.015459830866807623,-0.0032894736842105387,-0.019917658840547525
2012-09-10,SP500,Strong Buy,0.9999999999999999,1429.08,False,True,0.019460072214291833,0.003316819212360406,-0.010594228454670049
2012-09-11,SP500,Strong Buy,1.0,1433.56,False,True,0.005601439772315057,-0.014265185970590729,-0.010805268004129587
2012-09-12,SP500,Strong Buy,1.0,1436.56,False,True,-0.0022553878710252335,-0.019358745892966493,-0.012536893690482814
2012-09-13,SP500,Strong Buy,1.0,1459.99,False,True,-0.00879458078479984,-0.03220570003904135,-0.022020698771909458
2012-09-14,SP500,Strong Buy,1.0,1465.77,False,True,-0.017124105418994732,-0.03672472488862504,-0.025440553429255587
2012-09-17,SP500,Strong Buy,1.0,1461.19,False,True,-0.01142904071339117,-0.033554842286081875,-0.02856575804652373
2012-09-18,SP500,Strong Buy,1.0,1459.32,False,True,-0.009298851519885932,-0.021743003590713496,-0.03134336540306445
2012-09-19,SP500,Strong Buy,1.0,1461.05,False,True,-0.006885459087642412,-0.03206597994592924,-0.021005441292221386
2012-09-20,SP500,Strong Buy,1.0,1460.26,False,True,0.000780682892087779,-0.029446810841904866,-0.009224384698615334
2012-09-21,SP500,Strong Buy,1.0,1460.15,False,True,0.0005341916926342997,-0.021751189946238394,-0.016669520254768443
2012-09-24,SP500,Strong Buy,0.9999999999999999,1456.89,False,True,-0.0006932575554777579,-0.04280350609860739,-0.00906039577456091
2012-09-25,SP500,Strong Buy,0.9999999999999999,1441.59,False,True,-7.630463585339796e-05,-0.044450918777183476,-0.007935682128760484
2012-09-26,SP500,Strong Buy,0.9999999999999999,1433.32,False,True,-0.0005302374905813014,-0.037304998186029656,-0.004646554851672938
2012-09-27,SP500,Strong Buy,0.9999999999999999,1447.15,False,True,-0.00988840134056606,-0.0463808174688181,-0.018878485298690642
2012-09-28,SP500,Strong Buy,0.9999999999999999,1440.67,False,True,-0.008384987540519449,-0.04590919502731375,-0.015666321919662492
2012-10-01,SP500,Strong Buy,0.9999999999999999,1444.49,False,True,-0.003018366343830625,-0.06161344142223207,-0.02911754321594469
2012-10-02,SP500,Strong Buy,1.0,1445.75,False,True,0.0063427286875324725,-0.06392529828808582,-0.013529310046688533
2012-10-03,SP500,Strong Buy,1.0,1450.99,False,True,0.006836711486640206,-0.06279161124473628,0.00787738027140095
2012-10-04,SP500,Strong Buy,1.0,1461.4,False,True,-0.0027781579307514523,-0.05098535650745859,-0.001389078965375804
2012-10-05,SP500,Strong Buy,1.0,1460.93,False,True,-0.018987904964645815,-0.05005031041870597,0.003792105028988359
2012-10-08,SP500,Strong Buy,1.0,1455.88,False,True,-0.01515234772096613,-0.04454350633293962,0.004128087479737335
2012-10-09,SP500,Strong Buy,0.9999999999999999,1441.48,False,True,-0.01968116102894256,-0.0224283375419707,0.010870771706856892
2012-10-10,SP500,Strong Buy,1.0,1432.56,False,True,-0.016620595297928146,-0.018337800859998872,0.019866532640866727
2012-10-11,SP500,Strong Buy,1.0,1432.84,False,True,-0.013867563719605742,-0.023659305993690757,0.027414086708913748
2012-10-12,SP500,Strong Buy,1.0,1428.59,False,True,-0.011654848486969575,-0.013061830196207349,0.03042160451914128
2012-10-15,SP500,Strong Buy,1.0,1440.13,False,True,-0.019421857748953237,-0.016790150889155885,0.021213362682535573
2012-10-16,SP500,Strong Buy,1.0,1454.92,False,True,-0.018784537981469878,-0.026626893574904466,0.011973166909520692
2012-10-17,SP500,Strong Buy,1.0,1460.91,False,True,-0.03197322216974354,-0.03521777522229298,0.008022396999130698
2012-10-18,SP500,Strong Buy,1.0,1457.34,False,True,-0.02750216147227135,-0.0345080763582966,0.016193887493652914
2012-10-19,SP500,Strong Buy,1.0,1433.19,False,True,-0.0033491721265149453,-0.016683063655202786,0.03683391594973448
2012-10-22,SP500,Strong Buy,1.0,1433.82,False,True,-0.02740232386213051,-0.013865059770403455,0.040967485458425754
2012-10-23,SP500,Strong Buy,1.0,1413.11,False,True,-0.025192660160921594,0.003509988606690234,0.057815739751328664
2012-10-24,SP500,Strong Buy,1.0,1408.75,False,True,-0.020514640638864306,0.006956521739130402,0.06109671694764858
2012-10-25,SP500,Strong Buy,1.0,1412.97,False,True,-0.023312596870421917,0.01052393185984125,0.0636885425734446
2012-10-26,SP500,Strong Buy,1.0,1411.94,False,True,-0.026495460147031802,0.011714378797965892,0.062495573466294606
2012-10-31,SP500,Strong Buy,1.0,1412.16,False,True,-0.040130013596193115,0.005162304554724651,0.06775436211194187
2012-11-01,SP500,Strong Buy,1.0,1427.59,False,True,-0.052017736184758925,-0.009813742040782012,0.05209478912012561
2012-11-02,SP500,Strong Buy,1.0,1414.2,False,True,-0.038410408711639046,0.011426955169000039,0.05933389902418318
2012-11-05,SP500,Strong Buy,1.0,1417.26,False,True,-0.021428672226690863,0.02083597928397046,0.06767283349561837
2012-11-06,SP500,Strong Buy,1.0,1428.39,False,True,-0.028409608020218673,0.005194659721784558,0.047129985508159486
2012-11-07,SP500,Strong Buy,1.0,1394.53,False,True,-0.0025098061712548313,0.03525202039396792,0.08372713387306117
2012-11-08,SP500,Hold,-0.16167158584327104,1377.51,False,False,0.022968980261486378,0.03821387866512773,0.097719798767341
2012-11-09,SP500,Hold,0.2600029010403859,1379.85,False,False,0.01916150306192706,0.03392397724390345,0.09387976954016755
2012-11-12,SP500,Hold,0.2418909297365299,1380.03,False,False,0.013702600668101477,0.02883995275465023,0.09992536394136366
2012-11-13,SP500,Hold,-0.24617060992958958,1374.53,False,False,0.025754257819036393,0.031698107716819524,0.10365725011458464
2012-11-14,SP500,Strong Sell,-0.75,1355.49,False,False,0.04460379641310525,0.03462954355989351,0.12094519325114907
2012-11-15,SP500,Strong Sell,-0.75,1353.33,False,False,0.046441001086209674,0.05383757102850017,0.12339931871753379
2012-11-16,SP500,Strong Sell,-0.75,1359.88,False,False,0.03645909933229397,0.0754037120922434,0.11876047886578227
2012-11-19,SP500,Mild Buy,0.599618316286217,1386.89,False,True,0.014536120384457205,0.052260813763167796,0.0958259126534908
2012-11-20,SP500,Strong Buy,0.7556877006378098,1387.81,False,True,0.015470417420252073,0.05667922842464032,0.10313371426924443
2012-11-21,SP500,Strong Buy,1.0,1391.03,False,True,0.016469810140687175,0.05094066986333877,0.08692839119213826
2012-11-23,SP500,Strong Buy,1.0,1409.15,False,True,0.006330057126636515,0.03406308767696838,0.06618883724230917
2012-11-26,SP500,Strong Buy,1.0,1406.29,False,True,0.008717974244288156,0.03891800411010533,0.0777293445875317
2012-11-27,SP500,Strong Buy,1.0,1398.94,False,True,0.02065849857749429,0.05231103549830574,0.06355526327076204
2012-11-28,SP500,Strong Buy,1.0,1409.93,False,True,0.013156681537381256,0.044058924911165726,0.06171228358854694
2012-11-29,SP500,Strong Buy,1.0,1415.95,False,True,0.0024718386948691692,0.038652494791482764,0.07065221229563189
2012-11-30,SP500,Strong Buy,1.0,1416.18,False,True,-0.001835924811817803,0.039655975935262364,0.0695533053707862
2012-12-03,SP500,Strong Buy,1.0,1409.46,False,True,0.014828373987200674,0.0448185830034198,0.07715011422814412
2012-12-04,SP500,Strong Buy,1.0,1407.05,False,True,0.02824348814896415,0.052514125297608544,0.08397000817312825
2012-12-05,SP500,Strong Buy,1.0,1409.28,False,True,0.018825215712988175,0.05442495458673936,0.09260757266121707
2012-12-06,SP500,Strong Buy,1.0,1413.94,False,True,0.021040496767896797,0.05560349095435442,0.09018770244847729
2012-12-07,SP500,Strong Buy,1.0,1418.07,False,True,0.00851862037840174,0.054115805284647454,0.08898714449921376
2012-12-10,SP500,Strong Buy,1.0,1418.55,False,True,0.00571710549504785,0.05376616968030735,0.09349688061753207
2012-12-11,SP500,Strong Buy,1.0,1427.84,False,True,-0.005609872254594347,0.0526109367996415,0.08991203496190057
2012-12-12,SP500,Strong Buy,1.0,1428.48,False,True,-0.007266465053763517,0.050193212365591426,0.08680555555555555
2012-12-13,SP500,Strong Buy,1.0,1419.45,False,True,-0.011990559723836685,0.06227059776674055,0.09515657472964877
2012-12-14,SP500,Strong Buy,1.0,1413.58,False,True,0.008920612911897543,0.06252210699076113,0.10586595735649917
2012-12-17,SP500,Strong Buy,1.0,1430.36,False,True,0.0224139377499372,0.04736569814592131,0.09112391286109801
2012-12-18,SP500,Strong Buy,1.0,1446.79,False,True,0.008695111246276189,0.045880881123037974,0.07278872538516298
2012-12-19,SP500,Strong Buy,1.0,1435.81,False,True,0.02135380029391081,0.04171861179403966,0.07837387955230844
2012-12-20,SP500,Strong Buy,1.0,1443.69,False,True,0.012606584516066499,0.046824456773961104,0.07967084346362445
2012-12-21,SP500,Strong Buy,1.0,1430.15,False,True,0.01887913855190015,0.057315666188861164,0.08086564346397221
2012-12-24,SP500,Strong Buy,1.0,1426.66,False,True,0.02408422469263868,0.05798858873172306,0.09128313683708802
2012-12-26,SP500,Strong Buy,1.0,1419.83,False,True,0.03682835269011076,0.06909277871294461,0.09287027320172142
2012-12-27,SP500,Strong Buy,1.0,1418.1,False,True,0.03804386150483044,0.06974825470700238,0.1027219519074819
2012-12-28,SP500,Strong Buy,1.0,1402.43,True,True,0.04866553054341393,0.08342662378870959,0.11438717083918615
2012-12-31,SP500,Strong Buy,1.0,1426.19,False,True,0.03235894235690887,0.06600803539500338,0.10026714533126722
2013-01-02,SP500,Strong Buy,1.0,1462.42,False,True,0.0069815784795065955,0.0403167352744082,0.06820885928802943
2013-01-03,SP500,Strong Buy,1.0,1459.37,False,True,0.014780350425183582,0.04140142664300354,0.07597799050275127
2013-01-04,SP500,Strong Buy,1.0,1466.47,False,True,0.013304056680327582,0.04396271318199488,0.05947615703014724
2013-01-07,SP500,Strong Buy,1.0,1461.89,False,True,0.02097969067440084,0.034243342522351165,0.06709807167433932
2013-01-08,SP500,Strong Buy,0.9999999999999999,1457.15,False,True,0.025844971348179563,0.0310674947671825,0.06597124523899384
2013-01-09,SP500,Strong Buy,0.9999999999999999,1461.02,False,True,0.023134522456913633,0.03735746259462562,0.06984846203337391
2013-01-10,SP500,Strong Buy,0.9999999999999999,1472.12,False,True,0.02094937912670173,0.010685270222536219,0.06554492840257589
2013-01-11,SP500,Strong Buy,0.9999999999999999,1472.05,False,True,0.019109405251180402,0.016908393057301112,0.07858428721850486
2013-01-14,SP500,Strong Buy,0.9999999999999999,1470.68,False,True,0.025267223325264404,0.030808877526042337,0.0834239943427529
2013-01-15,SP500,Strong Buy,0.9999999999999999,1472.34,False,True,0.020117635872149178,0.028756944727440774,0.07913253732154257
2013-01-16,SP500,Strong Buy,0.9999999999999999,1472.63,False,True,0.01730237737924651,0.03094463646672955,0.054141230315829354
2013-01-17,SP500,Strong Buy,0.9999999999999999,1480.94,False,True,0.021763204451226936,0.029886423487784777,0.06322335813739914
2013-01-18,SP500,Strong Buy,1.0,1485.98,False,True,0.006547867400637975,0.03621179289088679,0.044435322144308786
2013-01-22,SP500,Strong Buy,1.0,1492.56,False,True,0.012548909256579312,0.03276250200996951,0.032863000482392636
2013-01-23,SP500,Strong Buy,1.0,1494.81,False,True,0.011580067031930444,0.03308112736735776,0.040433232317150715
2013-01-24,SP500,Strong Buy,1.0,1494.82,False,True,0.009746992948983934,0.03770353621171789,0.04527635434366684
2013-01-25,SP500,Strong Buy,1.0,1502.96,False,True,0.009960344919359149,0.035436738170011174,0.05044711768776277
2013-01-28,SP500,Strong Buy,1.0,1500.18,False,True,0.011218653761548566,0.03486248316868639,0.05240037862123205
2013-01-29,SP500,Strong Buy,1.0,1507.84,False,True,0.007686491935483968,0.03095819185059427,0.051278650254669045
2013-01-30,SP500,Strong Buy,1.0,1501.96,False,True,0.012230685237955665,0.04079336333857092,0.053450158459612755
2013-01-31,SP500,Strong Buy,1.0,1498.11,False,True,0.015532904793373124,0.04177930859549709,0.06374698787138462
2013-02-01,SP500,Strong Buy,1.0,1513.17,False,True,0.004374921522366879,0.0257274463543421,0.05577694508878702
2013-02-04,SP500,Strong Buy,1.0,1495.71,False,True,0.023554031195886914,0.035187302351391565,0.05815966998950332
2013-02-05,SP500,Strong Buy,1.0,1511.29,False,True,0.00043671300676910576,0.03137716784998251,0.05710353406692293
2013-02-06,SP500,Strong Buy,1.0,1512.12,False,True,-0.006414834801470663,0.022273364547787257,0.06765336084437755
2013-02-07,SP500,Strong Buy,1.0,1509.39,False,True,0.004114244827380471,0.031469666554038385,0.0716249610769913
2013-02-08,SP500,Strong Buy,1.0,1517.93,False,True,-0.0198164605745984,0.022240814793831064,0.07116928975644461
2013-02-11,SP500,Strong Buy,1.0,1517.01,False,True,-0.013229972116202224,0.030823791537300343,0.07625526529159338
2013-02-12,SP500,Strong Buy,1.0,1519.43,False,True,-0.0022640068973233743,0.028576505663307848,0.07057909874097523
2013-02-13,SP500,Strong Buy,1.0,1520.33,False,True,-0.003716298435208056,0.03213775956535761,0.07456933692027397
2013-02-14,SP500,Strong Buy,1.0,1521.38,False,True,-0.002090207574701957,0.026811184582418567,0.0738737199121849
2013-02-15,SP500,Strong Buy,1.0,1519.79,False,True,0.0035597023272952726,0.03320195553333029,0.08590002566144003
2013-02-19,SP500,Strong Buy,1.0,1530.94,False,True,0.005780762146132382,0.014860151279605993,0.08350425228944303
2013-02-20,SP500,Strong Buy,1.0,1511.95,False,True,0.01951784119845232,0.031766923509375294,0.0916167862693872
2013-02-21,SP500,Strong Buy,1.0,1502.42,False,True,0.027848404573953964,0.033852052022736584,0.10985609882722537
2013-02-22,SP500,Strong Buy,1.0,1515.6,False,True,0.02347585114806028,0.031320929005014535,0.09942596991290582
2013-02-25,SP500,Strong Buy,1.0,1487.85,False,True,0.045952212924690074,0.054279665288839596,0.12186040259434767
2013-02-26,SP500,Strong Buy,1.0,1496.94,False,True,0.03710235547182917,0.0606503934693441,0.10582254465776841
2013-02-27,SP500,Strong Buy,1.0,1515.99,False,True,0.025415734932288454,0.05104255305114142,0.08873409455207487
2013-02-28,SP500,Strong Buy,1.0,1514.68,False,True,0.03205297488578442,0.04896743866691304,0.08907492011513972
2013-03-01,SP500,Strong Buy,1.0,1518.2,False,True,0.02799367672243446,0.022500329337373108,0.09343959952575412
2013-03-04,SP500,Strong Buy,1.0,1525.2,False,True,0.01763703120902168,0.03236952530815623,0.08075006556517168
2013-03-05,SP500,Strong Buy,1.0,1539.79,False,True,0.005552705239026071,0.007936147136947264,0.07443872216341198
2013-03-06,SP500,Strong Buy,1.0,1541.46,False,True,0.011190689346463742,9.731034214307447e-05,0.05791911564361058
2013-03-07,SP500,Strong Buy,1.0,1544.26,False,True,0.0009972413971740274,0.00711667724346937,0.062269306981984955
2013-03-08,SP500,Strong Buy,1.0,1551.18,False,True,0.003681068605835581,0.007297670160780784,0.05170257481401259
2013-03-11,SP500,Strong Buy,1.0,1556.22,False,True,-0.002910899487219013,0.014496664995951694,0.03385125496395115
2013-03-12,SP500,Strong Buy,1.0,1552.48,False,True,0.007272235391116126,0.016947078223229894,0.045140678140781154
2013-03-13,SP500,Strong Buy,1.0,1554.52,False,True,0.005358567274785739,0.019710264261637096,0.05716233950029599
2013-03-14,SP500,Strong Buy,1.0,1563.23,False,True,0.0038126187445225823,0.012160718512311042,0.05090741605521895
2013-03-15,SP500,Strong Buy,1.0,1560.7,False,True,0.000941885051579437,0.02108669186903303,0.0419234958672391
2013-03-18,SP500,Strong Buy,1.0,1552.1,False,True,0.011693834160170152,0.02929579279685589,0.038927904129888585
2013-03-19,SP500,Strong Buy,1.0,1548.34,False,True,0.0034553134324503253,0.02219150832504497,0.05684797912603174
2013-03-20,SP500,Strong Buy,1.0,1558.71,False,True,0.000814776321445286,0.024943703447081165,0.04363864990921979
2013-03-21,SP500,Strong Buy,1.0,1545.8,False,True,0.004838918359425552,0.044391253719756836,0.06031828179583388
2013-03-22,SP500,Strong Buy,1.0,1556.89,False,True,0.003969451920174088,0.03893017489996075,0.06096769842442294
2013-03-25,SP500,Strong Buy,1.0,1551.69,False,True,0.010904239893277552,0.04786394189561058,0.04977798400453699
2013-03-26,SP500,Strong Buy,1.0,1563.77,False,True,0.015321946322029477,0.044072977483901134,0.015616107228045092
2013-03-27,SP500,Strong Buy,1.0,1562.85,False,True,0.019528425632658275,0.04083565281376982,0.018926960360879264
2013-03-28,SP500,Strong Buy,1.0,1569.19,False,True,0.012528756874565766,0.0411103817893308,0.0024853586882403428
2013-04-01,SP500,Strong Buy,1.0,1562.17,False,True,-0.006279726278190064,0.04583368007323141,0.01655389618287376
2013-04-02,SP500,Strong Buy,1.0,1570.25,False,True,0.0027511542747969664,0.05100461709918797,0.02102213023403916
2013-04-03,SP500,Strong Buy,1.0,1553.69,False,True,-0.0010812967837857382,0.06763897560002312,0.03830236404945645
2013-04-04,SP500,Strong Buy,1.0,1559.98,False,True,-0.011775791997333375,0.058007153937871,0.02967986769061139
2013-04-05,SP500,Strong Buy,0.9999999999999999,1553.28,False,True,0.0012682838895756254,0.07351539967037499,0.03970951792336222
2013-04-08,SP500,Strong Buy,0.9999999999999999,1563.07,False,True,-0.0003646669694894895,0.06603670980826197,0.03263449493624725
2013-04-09,SP500,Strong Buy,0.9999999999999999,1568.61,False,True,0.00648344712834935,0.06410133812738679,0.029835331918067705
2013-04-10,SP500,Strong Buy,1.0,1587.73,False,True,-0.005630680279392626,0.042589105200506315,0.027813293192167486
2013-04-11,SP500,Strong Buy,1.0,1593.37,False,True,-0.005152601090769758,0.035861099430766305,0.029553713199068733
2013-04-12,SP500,Strong Buy,0.9999999999999999,1588.85,False,True,-0.004160241684236964,0.03823520156087737,0.03994713157315041
2013-04-15,SP500,Strong Buy,1.0,1552.36,False,True,0.026572444536061224,0.06937823700687988,0.0645855342832848
2013-04-16,SP500,Strong Buy,1.0,1574.57,False,True,0.014607162590421512,0.04686358815422621,0.0637951948786018
2013-04-17,SP500,Strong Buy,1.0,1552.01,False,True,0.01977435712398764,0.06597895632115779,0.08258967403560548
2013-04-18,SP500,Strong Buy,1.0,1541.61,False,True,0.036312686087921084,0.0578161791892892,0.09139146736204365
2013-04-19,SP500,Strong Buy,1.0,1555.25,False,True,0.03804533033274398,0.05476289985532877,0.07780742645876867
2013-04-22,SP500,Strong Buy,1.0,1562.5,False,True,0.0352,0.04408320000000007,0.07578240000000006
2013-04-23,SP500,Strong Buy,1.0,1578.78,False,True,0.029883834353108138,0.019078022270360734,0.07004775839572323
2013-04-24,SP500,Strong Buy,1.0,1578.79,False,True,0.03414006929357299,0.027723763135059115,0.07176381912730632
2013-04-25,SP500,Strong Buy,1.0,1585.16,False,True,0.02618663100254863,0.03672815362487069,0.06962704080345195
2013-04-26,SP500,Strong Buy,1.0,1582.24,False,True,0.03252351097178686,0.03828117099807863,0.0696164930731116
2013-04-29,SP500,Strong Buy,1.0,1593.61,False,True,0.02520064507627342,0.02040649845319759,0.057937638443533966
2013-04-30,SP500,Strong Buy,1.0,1597.57,False,True,0.033031416463754314,0.009357962405403234,0.05801310740687423
2013-05-01,SP500,Strong Buy,1.0,1582.7,False,True,0.04806975421747642,0.03390408795096977,0.06883806154040566
2013-05-02,SP500,Strong Buy,1.0,1597.59,False,True,0.033099856659092826,0.018239973960778488,0.05492022358677759
2013-05-03,SP500,Strong Buy,1.0,1614.42,False,True,0.03286009836349894,0.015250058844662412,0.04431312793449038
2013-05-06,SP500,Strong Buy,1.0,1617.5,False,True,0.030163833075734135,0.021211746522411094,0.04218238021638332
2013-05-07,SP500,Strong Buy,1.0,1625.96,False,True,0.026568919284607275,0.001826613200816765,0.049761371743462235
2013-05-08,SP500,Strong Buy,1.0,1632.69,False,True,0.013878935989073157,-0.027255633341295653,0.047149183249728985
2013-05-09,SP500,Strong Buy,1.0,1626.67,False,True,0.014655707672730127,-0.021049137194391,0.04946916092385058
2013-05-10,SP500,Strong Buy,1.0,1633.7,False,True,0.009732509028585336,-0.03709983473097884,0.038972883638366804
2013-05-13,SP500,Strong Buy,1.0,1633.77,False,True,0.01609161632298302,-0.027996596828194917,0.03497432319114692
2013-05-14,SP500,Strong Buy,1.0,1650.34,False,True,-0.001199752778215409,-0.0285274549486772,0.02856381109347171
2013-05-15,SP500,Strong Buy,1.0,1658.78,False,True,-0.0026344662945055348,-0.027478026019122446,0.019677112094430908
2013-05-16,SP500,Strong Buy,1.0,1650.47,False,True,-0.011954170630184141,-0.026774191593909646,0.023629632771271215
2013-05-17,SP500,Strong Buy,1.0,1667.47,False,True,-0.01622218090880193,-0.03149082142407359,0.016006284970644182
2013-05-20,SP500,Strong Buy,1.0,1666.29,False,True,-0.020950734866079648,-0.03133308127636848,0.011462590545463357
2013-05-21,SP500,Strong Buy,1.0,1669.16,False,True,-0.03610199142083442,-0.03220182606820197,-0.004696973327901546
2013-05-22,SP500,Strong Buy,1.0,1655.35,False,True,-0.0198084997130516,-0.014172229437883113,0.00028996888875465503
2013-05-23,SP500,Strong Buy,1.0,1650.51,False,True,-0.004319876886538029,-0.006089027028009497,-0.002696136345735588
2013-05-24,SP500,Strong Buy,1.0,1649.6,False,True,-0.00411614936954411,0.001648884578079551,0.001667070805043647
2013-05-28,SP500,Strong Buy,1.0,1660.06,False,True,-0.020439020276375456,-0.004481765719311383,-0.010397214558509928
2013-05-29,SP500,Strong Buy,1.0,1648.36,False,True,-0.02174282316969589,0.016173651386833025,0.005217306898978462
2013-05-30,SP500,Strong Buy,1.0,1654.41,False,True,-0.010910233859805116,0.015582594399211787,0.005494405860699535
2013-05-31,SP500,Strong Buy,1.0,1630.74,False,True,-0.002459006340679686,0.03174019156947152,0.0159682107509474
2013-06-03,SP500,Strong Buy,1.0,1640.42,False,True,-0.0008412479730801314,0.021848063300861923,-0.006059423806098471
2013-06-04,SP500,Strong Buy,1.0,1631.38,False,True,0.012523139918351233,0.03036079883288993,0.0021944611310669047
2013-06-05,SP500,Strong Buy,1.0,1608.9,False,True,0.012449499658151515,0.05001553856672248,0.018192553918826515
2013-06-06,SP500,Strong Buy,1.0,1622.56,False,True,-0.021182575682871446,0.04285203628833447,0.0064157873976925855
2013-06-07,SP500,Strong Buy,1.0,1643.38,False,True,-0.03100317638038679,0.03173337876814849,-0.002196692183183516
2013-06-10,SP500,Strong Buy,0.9999999999999999,1642.81,False,True,-0.0424394786980844,0.030179996469464003,0.006251483738228999
2013-06-11,SP500,Strong Buy,1.0,1626.13,False,True,-0.023429861081217453,0.03678057719862492,0.017803004679822532
2013-06-12,SP500,Strong Buy,1.0,1612.52,True,True,-0.005742564433309349,0.048204053283060065,0.02644928434996161
2013-06-13,SP500,Strong Buy,1.0,1636.36,False,True,-0.014153364785254991,0.033788408418685495,0.021602825784057384
2013-06-14,SP500,Strong Buy,1.0,1626.73,False,True,-0.012571231857776057,0.03602318762179336,0.03519944920177288
2013-06-17,SP500,Strong Buy,1.0,1639.04,False,True,-0.014691526747364268,0.028626513080827847,0.030560572042171115
2013-06-18,SP500,Strong Buy,1.0,1651.81,False,True,-0.022841610112543223,0.020535049430624633,0.019136583505366917
2013-06-19,SP500,Strong Buy,1.0,1628.93,False,True,-0.008299926945909267,0.04784735992338518,0.03625692939536993
2013-06-20,SP500,Strong Buy,1.0,1588.19,True,True,0.02751559951894927,0.07648958877716143,0.06888974241117238
2013-06-21,SP500,Strong Buy,1.0,1592.43,True,True,0.030161451366779054,0.07203456352869515,0.07053999233875267
2013-06-24,SP500,Strong Buy,1.0,1573.09,True,True,0.05036584047956571,0.07900374422315315,0.09689846099078887
2013-06-25,SP500,Strong Buy,1.0,1588.03,True,True,0.04067303514417229,0.06478467031479261,0.08457648784972573
2013-06-26,SP500,Strong Buy,1.0,1603.26,False,True,0.044758803936978404,0.058767760687599035,0.0665207140451331
2013-06-27,SP500,Strong Buy,1.0,1613.2,False,True,0.04152615918670965,0.04848747830399208,0.05494668980907505
2013-06-28,SP500,Strong Buy,1.0,1606.28,False,True,0.047451253828722284,0.05179047239584634,0.05673979629952443
2013-07-01,SP500,Strong Buy,1.0,1614.96,False,True,0.03795759647297763,0.04904146232724033,0.048180759894981884
2013-07-02,SP500,Strong Buy,1.0,1614.08,False,True,0.04140439135606671,0.044179966296590115,0.05240756344171302
2013-07-03,SP500,Strong Buy,1.0,1615.41,False,True,0.04578404244123771,0.028420029590011112,0.047257352622553976
2013-07-05,SP500,Strong Buy,1.0,1631.89,False,True,0.03688974134286001,0.014670106440997754,0.030430972675854286
2013-07-08,SP500,Strong Buy,1.0,1640.46,False,True,0.033569852358484774,0.003413676651670817,0.033246772246808796
2013-07-09,SP500,Strong Buy,1.0,1652.32,False,True,0.02425075045995943,1.8156289338610387e-05,0.02514646073399823
2013-07-10,SP500,Strong Buy,1.0,1652.62,False,True,0.02016192470138336,-0.005942079848967057,0.015756798296039133
2013-07-11,SP500,Strong Buy,1.0,1675.02,False,True,0.009092428747119448,-0.010781960812408177,0.009241680696349905
2013-07-12,SP500,Strong Buy,1.0,1680.19,False,True,0.0068206571875799975,-0.009933400389241726,-0.002422345091924225
2013-07-15,SP500,Strong Buy,1.0,1682.5,False,True,0.0016820208023773714,-0.015286775631500759,-0.016077265973254058
2013-07-16,SP500,Strong Buy,1.0,1676.26,False,True,0.005786691801987785,-0.02731079904072159,-0.01184780403994601
2013-07-17,SP500,Strong Buy,1.0,1680.91,False,True,0.002867494392918084,-0.027336383268586683,0.0069307696426339676
2013-07-18,SP500,Strong Buy,1.0,1689.37,False,True,0.010358891184287634,-0.03030715592203,0.008186483718782833
2013-07-19,SP500,Strong Buy,1.0,1692.09,False,True,0.010389518288034416,-0.03493903988558522,0.010667281291184383
2013-07-22,SP500,Strong Buy,1.0,1695.53,False,True,0.006847416442056541,-0.03288647207657782,0.0014921587940053983
2013-07-23,SP500,Strong Buy,1.0,1692.39,False,True,0.0029425841561341007,-0.023227506662176076,0.01722416227937997
2013-07-24,SP500,Strong Buy,1.0,1685.94,False,True,0.0029479103645444244,-0.0183043287424227,0.028002182758579804
2013-07-25,SP500,Strong Buy,1.0,1690.25,False,True,0.004277473746487217,-0.020754326283094173,0.03209584381008727
2013-07-26,SP500,Strong Buy,1.0,1691.65,False,True,-0.0001359619306594261,-0.01178730824934239,0.03133626932285046
2013-07-29,SP500,Strong Buy,1.0,1685.33,False,True,0.0024564922003406458,-0.0007950965092889334,0.04114327757768517
2013-07-30,SP500,Strong Buy,1.0,1685.96,False,True,0.004863697833875089,0.0018802344065102807,0.035837149161308736
2013-07-31,SP500,Strong Buy,1.0,1685.73,False,True,-0.0002016930350648788,-0.0013703262088234447,0.039353870430021365
2013-08-01,SP500,Strong Buy,1.0,1706.87,False,True,-0.02668627370567176,-0.011061182163843693,0.030992401295939408
2013-08-02,SP500,Strong Buy,1.0,1709.67,False,True,-0.03149145741575868,-0.007059841957804818,0.030672585937636984
2013-08-05,SP500,Strong Buy,1.0,1707.14,False,True,-0.03577913937931286,-0.0013941445927106793,0.0379640802746113
2013-08-06,SP500,Strong Buy,1.0,1697.37,False,True,-0.026523386179795792,0.01658448069660716,0.03884833595503635
2013-08-07,SP500,Strong Buy,1.0,1690.91,False,True,-0.028452135240787577,0.018587624415255594,0.03881341999278488
2013-08-08,SP500,Strong Buy,1.0,1697.48,False,True,-0.023870678888705598,0.007322619412305337,0.037797205268987014
2013-08-09,SP500,Strong Buy,1.0,1691.42,False,True,-0.016506840406285885,0.006160504191744123,0.04523418192997599
2013-08-12,SP500,Strong Buy,1.0,1689.47,False,True,-0.019349263378455998,0.004705617738107244,0.04350476776740635
2013-08-13,SP500,Strong Buy,1.0,1694.16,False,True,-0.03758794919015917,-0.0008204655994711833,0.045054776408367525
2013-08-14,SP500,Strong Buy,1.0,1685.39,False,True,-0.02992185784892521,0.007879481900331657,0.03664433751238585
2013-08-15,SP500,Strong Buy,1.0,1661.32,False,True,-0.013934702525702372,0.01831676016661454,0.06578503840319744
2013-08-16,SP500,Strong Buy,1.0,1655.83,False,True,-0.013805765084579879,0.01553299553698147,0.0700917364705315
2013-08-19,SP500,Strong Buy,1.0,1646.06,False,True,-0.003821245884111128,0.029731601521208254,0.0738915956891001
2013-08-20,SP500,Strong Buy,1.0,1652.35,False,True,0.0004417950192150684,0.02512784821617695,0.07846400580990716
2013-08-21,SP500,Strong Buy,1.0,1642.8,False,True,0.007475042610177729,0.021828585342098934,0.0899805210616021
2013-08-22,SP500,Strong Buy,1.0,1656.96,False,True,-0.001080291618385455,0.020241888760139028,0.08522837002703748
2013-08-23,SP500,Strong Buy,1.0,1663.5,False,True,0.004935377216711774,0.007586414186955149,0.07696423204087766
2013-08-26,SP500,Strong Buy,1.0,1656.78,False,True,0.01642342374968314,-0.0008027619840895757,0.07912335977015653
2013-08-27,SP500,Strong Buy,1.0,1630.48,False,True,0.03597100240420004,0.01589715911878715,0.09254330013247625
2013-08-28,SP500,Strong Buy,1.0,1634.96,False,True,0.02963986886529336,0.03523021969956446,0.0984060772128981
2013-08-29,SP500,Strong Buy,1.0,1638.17,False,True,0.030411984104213807,0.03969673477111653,0.1016927425114609
2013-08-30,SP500,Strong Buy,1.0,1632.97,False,True,0.03957819188350054,0.04725745114729608,0.10380472390797135
2013-09-03,SP500,Strong Buy,1.0,1639.77,False,True,0.039633607152222576,0.035547668270550115,0.09939198790074219
2013-09-04,SP500,Strong Buy,1.0,1653.08,False,True,0.04382123067244178,0.04141360369734075,0.09325017543010629
2013-09-05,SP500,Strong Buy,1.0,1655.08,False,True,0.0406385189839766,0.047169925320830516,0.09107112647122799
2013-09-06,SP500,Strong Buy,1.0,1655.17,False,True,0.0330721315635252,0.05397028704000189,0.08804533673278274
2013-09-09,SP500,Strong Buy,1.0,1671.71,False,True,0.01802346100699277,0.04363795155858375,0.0738405584700696
2013-09-10,SP500,Strong Buy,1.0,1683.99,False,True,0.007975106740538878,0.041971745675449416,0.06462033622527445
2013-09-11,SP500,Strong Buy,1.0,1689.13,False,True,0.0021549555096409823,0.03389318761729411,0.056774789388620094
2013-09-12,SP500,Strong Buy,1.0,1683.42,False,True,0.009058939539746468,0.040780078649415984,0.07227548680661976
2013-09-13,SP500,Strong Buy,1.0,1687.99,False,True,0.002227501347756794,0.04252394860159123,0.07131558836249023
2013-09-16,SP500,Strong Buy,1.0,1697.6,False,True,-0.009454524033930229,0.0380007068803016,0.06186380772855796
2013-09-17,SP500,Strong Buy,1.0,1704.76,False,True,-0.005725146061615706,0.03941317252868442,0.04543748093573291
2013-09-18,SP500,Strong Buy,1.0,1725.52,False,True,-0.01834229681487325,0.02190064444341414,0.028965181510501193
2013-09-19,SP500,Strong Buy,1.0,1722.34,False,True,-0.025360846290511652,0.019856706573614994,0.030760477025442143
2013-09-20,SP500,Strong Buy,1.0,1709.91,False,True,-0.011351474639016135,0.03025305425431749,0.04481522419308612
2013-09-23,SP500,Strong Buy,1.0,1701.84,False,True,-0.015113054106143956,0.03883443802002547,0.04651436092699671
2013-09-24,SP500,Strong Buy,1.0,1697.42,False,True,-0.024725760271470835,0.038617431160231384,0.06670712021774222
2013-09-25,SP500,Strong Buy,1.0,1692.77,False,True,-0.021485494189996214,0.045912911972683844,0.06901705488636964
2013-09-26,SP500,Strong Buy,1.0,1698.67,False,True,-0.003596931717167035,0.028539975392512976,0.07043745989509431
2013-09-27,SP500,Strong Buy,1.0,1691.75,False,True,0.0067681395005172425,0.04661445249002506,0.08053199349785725
2013-09-30,SP500,Strong Buy,1.0,1681.55,False,True,0.017002170616395675,0.05372424251434697,0.09025601379679461
2013-10-01,SP500,Strong Buy,1.0,1695.0,False,True,0.001805309734513242,0.04288495575221242,0.08673746312684365
2013-10-02,SP500,Strong Buy,1.0,1693.87,False,True,0.016335374025161362,0.052028786152420264,0.087096412357501
2013-10-03,SP500,Strong Buy,0.9999999999999999,1678.66,True,True,0.03246041485470554,0.06669605518687513,0.09674978852179705
2013-10-04,SP500,Strong Buy,0.9999999999999999,1690.5,False,True,0.03194321206743567,0.06369713102632361,0.09338065661047022
2013-10-07,SP500,Strong Buy,0.9999999999999999,1676.12,True,True,0.04089206023435088,0.06885545187695397,0.09298856883755348
2013-10-08,SP500,Strong Buy,1.0,1655.45,True,True,0.05993536500649372,0.07999033495424196,0.10626717810867126
2013-10-09,SP500,Strong Buy,1.0,1656.4,True,True,0.054322627384689695,0.07544675199227227,0.10285559043709241
2013-10-10,SP500,Strong Buy,0.9999999999999999,1692.56,False,True,0.0351597579997164,0.06102590159285341,0.08585810842747091
2013-10-11,SP500,Strong Buy,0.9999999999999999,1703.2,False,True,0.0332139502113668,0.05962893377172378,0.07884570220760918
2013-10-14,SP500,Strong Buy,0.9999999999999999,1710.14,False,True,0.030389324850596908,0.053995579309296264,0.07484182581543032
2013-10-15,SP500,Strong Buy,1.0,1698.06,True,True,0.04351436345005483,0.06165270956267744,0.08498521842573287
2013-10-16,SP500,Strong Buy,1.0,1721.54,False,True,0.024263159729079768,0.049775201273278606,0.05672827816954592
2013-10-17,SP500,Strong Buy,0.9999999999999999,1733.15,False,True,0.013495658194616664,0.04192366500302908,0.0610045293252171
2013-10-18,SP500,Strong Buy,1.0,1744.5,False,True,0.00982516480366873,0.0323301805674979,0.05954714817999433
2013-10-21,SP500,Strong Buy,1.0,1744.66,False,True,0.013337842330310766,0.028939736109041308,0.05802276661355222
2013-10-22,SP500,Strong Buy,1.0,1754.67,False,True,0.004730234175087027,0.021736280896122843,0.04788934671476686
2013-10-23,SP500,Strong Buy,1.0,1746.38,False,True,0.013805700935649685,0.02213149486366075,0.05578396454379908
2013-10-24,SP500,Strong Buy,1.0,1752.07,False,True,-0.0028081069820268855,0.030261348005502054,0.05296021277688675
2013-10-25,SP500,Strong Buy,1.0,1759.77,False,True,0.006159895895486296,0.027617245435482995,0.03903351006097391
2013-10-28,SP500,Strong Buy,1.0,1762.11,False,True,0.005550164291673165,0.022989484197921805,0.015992191179892326
2013-10-29,SP500,Strong Buy,1.0,1771.95,False,True,-0.0024041310420722883,0.005795874601427795,0.0054234035949095065
2013-10-30,SP500,Strong Buy,1.0,1763.31,False,True,0.010599384112833283,0.006913134956417224,0.0165540942885823
2013-10-31,SP500,Strong Buy,1.0,1756.54,False,True,0.019401778496362126,0.010691473009438995,0.010053855875755795
2013-11-01,SP500,Strong Buy,1.0,1761.64,False,True,0.020742035830249063,0.01413455643604815,0.018477100883267837
2013-11-04,SP500,Strong Buy,1.0,1767.93,False,True,0.013348944811163286,0.007392826639063727,0.008292183514053076
2013-11-05,SP500,Strong Buy,1.0,1762.97,False,True,0.014123893202947222,0.027045270197450927,-0.01195709512924209
2013-11-06,SP500,Strong Buy,1.0,1770.49,False,True,0.006145191444176404,0.02208992990641003,-0.008636027314472244
2013-11-07,SP500,Strong Buy,1.0,1747.15,False,True,0.027873966173482423,0.040734911141000966,0.002569899550696854
2013-11-08,SP500,Strong Buy,1.0,1770.61,False,True,0.01928713833085778,0.03240691061272675,0.0015926714522114774
2013-11-11,SP500,Strong Buy,1.0,1771.89,False,True,0.017264051380164635,0.03466919504032408,0.014182595985078013
2013-11-12,SP500,Strong Buy,1.0,1767.69,False,True,0.01983379438702484,0.042049228088635406,0.018187578138700713
2013-11-13,SP500,Strong Buy,1.0,1782.0,False,True,0.014158249158249168,0.03333333333333338,0.021184062850729518
2013-11-14,SP500,Strong Buy,1.0,1790.62,False,True,0.00848309524075463,0.028174598742335084,0.015994460019434668
2013-11-15,SP500,Strong Buy,1.0,1798.18,False,True,0.0015126405587872333,0.027905993838214103,0.017601130031476193
2013-11-18,SP500,Strong Buy,1.0,1791.53,False,True,0.002020619247235669,0.022578466450464154,0.026290377498562757
2013-11-19,SP500,Strong Buy,1.0,1787.87,False,True,0.0027630644286217986,0.02433062806579897,0.02958268777931287
2013-11-20,SP500,Strong Buy,1.0,1781.37,False,True,0.0020545984270533813,0.02548600234650864,0.026597506413603075
2013-11-21,SP500,Strong Buy,1.0,1795.85,False,True,0.005145195868251808,0.023403959127989645,0.024461953949383337
2013-11-22,SP500,Strong Buy,1.0,1804.76,False,True,0.0020002659633413305,0.018135375340765543,0.01744830337551808
2013-11-25,SP500,Strong Buy,1.0,1802.48,False,True,7.767076472408719e-05,0.01977830544583024,0.02503772580000881
2013-11-26,SP500,Strong Buy,1.0,1802.75,False,True,-0.011388156982388003,0.021977534322562692,0.023502981555956117
2013-11-27,SP500,Strong Buy,1.0,1807.23,False,True,-0.017557256132312998,0.006623396025962399,0.020987920740580923
2013-11-29,SP500,Strong Buy,1.0,1805.81,False,True,-0.01688438983060234,0.018313111567662247,0.026846678221961347
2013-12-02,SP500,Strong Buy,1.0,1800.9,False,True,-0.007973790882336679,0.026364595480037768,0.032511522016769365
2013-12-03,SP500,Strong Buy,1.0,1795.15,False,True,-0.007882349664373501,0.02826504748906777,0.0281759184469264
2013-12-04,SP500,Strong Buy,1.0,1792.81,False,True,0.009950859265622206,0.025596688996603154,0.045236249240019934
2013-12-05,SP500,Strong Buy,0.9999999999999999,1785.03,False,True,0.01376447454664624,0.03292381640644694,0.0497358587810849
2013-12-06,SP500,Strong Buy,1.0,1805.09,False,True,0.00732927444060962,0.0220321424416511,0.03985396850018562
2013-12-09,SP500,Strong Buy,1.0,1808.37,False,True,0.01084954959438617,0.011109452158573825,0.038526407759474045
2013-12-10,SP500,Strong Buy,0.9999999999999999,1802.62,False,True,0.017030766329010023,-0.0068400439360486,0.04135647002696086
2013-12-11,SP500,Strong Buy,0.9999999999999999,1782.22,False,True,0.033553657797578275,-0.00037032465127766597,0.04792337646306297
2013-12-12,SP500,Strong Buy,1.0,1775.5,False,True,0.03711630526612227,0.009574767671078569,0.05221064488876376
2013-12-13,SP500,Strong Buy,1.0,1775.32,False,True,0.03703557668476669,-0.0006308721807898807,0.0400040556068765
2013-12-16,SP500,Strong Buy,1.0,1786.54,False,True,0.034603199480560155,0.004282019993954846,0.03055627078039123
2013-12-17,SP500,Strong Buy,1.0,1781.0,False,True,0.02862436833239754,0.000892756878158292,0.04370016844469395
2013-12-18,SP500,Strong Buy,0.9999999999999999,1810.65,False,True,0.01144340430232226,-0.03797531273299643,0.034020931709606995
2013-12-19,SP500,Strong Buy,0.9999999999999999,1809.6,False,True,0.009488284703801985,-0.030061892130857575,0.02827696728558802
2013-12-20,SP500,Strong Buy,0.9999999999999999,1818.32,False,True,0.010757182454133582,-0.03667121298781284,0.029527255928549462
2013-12-23,SP500,Strong Buy,0.9999999999999999,1827.99,False,True,0.005196964972456085,-0.029846990410231974,0.02107779583039293
2013-12-24,SP500,Strong Buy,0.9999999999999999,1833.32,False,True,0.0026236554447669654,-0.019800144001047255,0.013156459319704208
2013-12-26,SP500,Strong Buy,0.9999999999999999,1842.02,False,True,0.00019000879469273355,-0.02289877417183313,0.012812021584999028
2013-12-27,SP500,Strong Buy,0.9999999999999999,1841.4,False,True,-0.012056044314108854,-0.01175735853155213,0.006060606060605982
2013-12-30,SP500,Strong Buy,0.9999999999999999,1841.07,False,True,-0.0011895256562758762,-0.011846371946748329,0.004329004329004344
2013-12-31,SP500,Strong Buy,0.9999999999999999,1848.36,False,True,1.0820402951919099e-05,-0.010025103334848176,0.005009846566686139
2014-01-02,SP500,Strong Buy,0.9999999999999999,1831.98,False,True,0.0075928776515027906,0.0036299522920556397,0.022030808196595978
2014-01-03,SP500,Strong Buy,0.9999999999999999,1831.37,False,True,0.0040024680976537535,0.00512730906370646,0.029568028306677565
2014-01-06,SP500,Strong Buy,0.9999999999999999,1826.77,False,True,0.00932246533499016,0.0010838802914433772,0.03510567832841579
2014-01-07,SP500,Strong Buy,0.9999999999999999,1837.88,False,True,0.0037978540492305214,0.001033799812827749,0.027689511828846207
2014-01-08,SP500,Strong Buy,0.9999999999999999,1837.49,False,True,-0.004914312458843299,-0.0006748336045366282,0.015020489907428018
2014-01-09,SP500,Strong Buy,0.9999999999999999,1838.13,False,True,-0.02602645079510162,0.005157415416754957,0.0037592553301452314
2014-01-10,SP500,Strong Buy,1.0,1842.37,False,True,-0.03300639936603394,0.00149264262878792,0.005205251930936862
2014-01-13,SP500,Strong Buy,1.0,1819.2,False,True,-0.014676781002638547,0.014270008795074778,0.029122691292876
2014-01-14,SP500,Strong Buy,1.0,1838.88,False,True,-0.035173583920647386,0.008380100931001399,-0.003154093796223887
2014-01-15,SP500,Strong Buy,1.0,1848.38,False,True,-0.02931756457005597,0.005989028230125805,-0.017685757257706776
2014-01-16,SP500,Strong Buy,1.0,1845.89,False,True,-0.034292400955636675,-8.667905454825685e-05,-0.008277849709354404
2014-01-17,SP500,Strong Buy,0.9999999999999999,1838.7,False,True,-0.05265132974384073,0.01914939903192475,0.0023277315494642805
2014-01-21,SP500,Strong Buy,1.0,1843.8,False,True,-0.048052934157717705,0.01627616878186354,0.010039049788480308
2014-01-22,SP500,Strong Buy,1.0,1844.86,False,True,-0.050529579480285663,0.017437637544312348,0.010835510553646352
2014-01-23,SP500,Strong Buy,0.9999999999999999,1828.46,False,True,-0.03009636524725724,0.027115714863874478,0.02375222865143348
2014-01-24,SP500,Strong Buy,1.0,1790.29,True,True,0.0037591675091745015,0.048528450697931685,0.04985784425986851
2014-01-27,SP500,Strong Buy,1.0,1781.56,True,True,0.01026067042367362,0.04831159208783323,0.05266732526549774
2014-01-28,SP500,Strong Buy,1.0,1792.5,False,True,0.015202231520223153,0.04223152022315205,0.048039051603905106
2014-01-29,SP500,Strong Buy,1.0,1774.2,True,True,0.025397362191410183,0.04066057941607478,0.050276180813887975
2014-01-30,SP500,Strong Buy,1.0,1794.19,True,True,0.01986411695528337,0.02616222362180151,0.041935358016709494
2014-01-31,SP500,Strong Buy,1.0,1782.59,True,True,0.031437402880079096,0.04276922904313388,0.053708368160934376
2014-02-03,SP500,Strong Buy,1.0,1741.89,True,True,0.0567601857752211,0.07483825040616796,0.08155509245704375
2014-02-04,SP500,Strong Buy,1.0,1755.2,True,True,0.04190405651777573,0.06014699179580671,0.0731996353691887
2014-02-05,SP500,Strong Buy,1.0,1751.64,True,True,0.050318558607933064,0.06871845813066606,0.07393071635724235
2014-02-06,SP500,Strong Buy,1.0,1773.43,False,True,0.03542288108354992,0.05249149952352217,0.06272026524869885
2014-02-07,SP500,Strong Buy,1.0,1797.02,False,True,0.028152163025453206,0.03362233030238955,0.039342912154567034
2014-02-10,SP500,Strong Buy,1.0,1799.84,False,True,0.02515779180371587,0.036547693128278054,0.0435427593563873
2014-02-11,SP500,Strong Buy,1.0,1819.75,False,True,0.013963456518752622,0.018029949168841843,0.030707514768512217
2014-02-12,SP500,Strong Buy,1.0,1819.26,False,True,0.019255081736530223,0.016369293009245504,0.03255169684377166
2014-02-13,SP500,Strong Buy,1.0,1829.83,False,True,0.016187296087614763,0.015187203182809313,0.03651705349677301
2014-02-14,SP500,Strong Buy,1.0,1838.63,False,True,0.0038615708435084323,0.01833430325840425,0.03199121084720685
2014-02-18,SP500,Strong Buy,1.0,1840.76,False,True,0.01800886590321394,0.02431604337338925,0.025951237532323597
2014-02-19,SP500,Strong Buy,1.0,1828.75,False,True,0.024639781271360187,0.03398496240601509,0.023021189336978762
2014-02-20,SP500,Strong Buy,1.0,1839.78,False,True,0.020246986052680212,0.026628183804585336,0.02069812694996137
2014-02-21,SP500,Strong Buy,1.0,1836.25,False,True,0.022758339006126598,0.015705922396187837,0.026592239618788253
2014-02-24,SP500,Strong Buy,1.0,1847.61,False,True,0.0159990474180158,-0.001390986192973591,0.013650066843110846
2014-02-25,SP500,Strong Buy,1.0,1845.12,False,True,0.012199748525841258,0.003707075962539101,0.023255939993062826
2014-02-26,SP500,Strong Buy,1.0,1845.16,False,True,0.012486722018686705,0.014643716534067496,0.025650892063560842
2014-02-27,SP500,Strong Buy,1.0,1854.29,False,True,-0.004287355268054105,-0.01143834028118581,0.024936768250920845
2014-02-28,SP500,Strong Buy,1.0,1859.45,False,True,-0.009852375702492639,-0.023533840651805638,0.028212643523622596
2014-03-03,SP500,Strong Buy,1.0,1845.73,False,True,0.007097462792499396,-0.008191880719281865,0.0347017169358465
2014-03-04,SP500,Strong Buy,1.0,1873.91,False,True,-0.000885848306482212,-0.01650559525270694,0.024611640900576808
2014-03-05,SP500,Strong Buy,1.0,1873.81,False,True,-0.00695908336490891,-0.006137228427642077,0.02655552057038867
2014-03-06,SP500,Strong Buy,1.0,1877.03,False,True,-0.0026744378086658084,-0.006488974603495982,0.025540348316223
2014-03-07,SP500,Strong Buy,1.0,1878.04,False,True,-0.006134054652723042,-0.0032746906349171816,0.024600115013524763
2014-03-10,SP500,Strong Buy,1.0,1877.17,False,True,-0.010510502511759733,0.00126786598976112,0.02701406905075195
2014-03-11,SP500,Strong Buy,1.0,1867.63,False,True,-0.0010762303025761088,0.004154998581089397,0.038995946734631554
2014-03-12,SP500,Strong Buy,1.0,1868.2,False,True,-0.008371694679370571,0.005572208542982472,0.04348570816829034
2014-03-13,SP500,Strong Buy,1.0,1846.34,False,True,0.001462352546118291,0.009239901643251067,0.05683135283858881
2014-03-14,SP500,Strong Buy,1.0,1841.13,True,True,0.008956456089466675,0.0153709949867744,0.05956124771200287
2014-03-17,SP500,Strong Buy,1.0,1858.83,False,True,0.007268012674639419,0.010490469811655719,0.045759967291253194
2014-03-18,SP500,Strong Buy,1.0,1872.25,False,True,0.007087728668714105,0.006249165442649243,0.030903992522366083
2014-03-19,SP500,Strong Buy,1.0,1860.77,False,True,0.016192221499701794,0.012312107353407504,0.04051548552480968
2014-03-20,SP500,Strong Buy,1.0,1872.01,False,True,0.008952943627437883,0.004877110699195041,0.03513335933034545
2014-03-21,SP500,Strong Buy,1.0,1866.52,False,True,-0.0007661316246276834,0.009718620748773171,0.04043353406339071
2014-03-24,SP500,Strong Buy,0.9999999999999999,1857.44,False,True,-0.0066758549401327045,0.005534499095529316,0.053589887156516476
2014-03-25,SP500,Strong Buy,1.0,1865.62,False,True,-0.007321962671926681,0.006748426796453804,0.05031035259055978
2014-03-26,SP500,Strong Buy,0.9999999999999999,1852.56,False,True,0.010590750097162909,0.01245303795828484,0.05954463013343694
2014-03-27,SP500,Strong Buy,1.0,1849.04,False,True,-0.008631506078830115,0.015921775624107674,0.06142106174014621
2014-03-28,SP500,Strong Buy,1.0,1857.62,False,True,-0.022571893067473345,0.021010755698151508,0.04971953359675291
2014-03-31,SP500,Strong Buy,0.9999999999999999,1872.34,False,True,-0.022287618701731533,0.013411025775233199,0.0465673969471357
2014-04-01,SP500,Strong Buy,0.9999999999999999,1885.52,False,True,-0.022561415418558255,0.0015963765963765916,0.038026645169502334
2014-04-02,SP500,Strong Buy,1.0,1890.9,False,True,-0.01511978422973195,-0.010603416362578761,0.037051139668940684
2014-04-03,SP500,Strong Buy,0.9999999999999999,1888.77,False,True,-0.012664326519375081,-0.005776245916654797,0.037834146031544356
2014-04-04,SP500,Strong Buy,1.0,1865.09,False,True,0.0036459366572123503,0.010717981437893083,0.05802937123677679
2014-04-07,SP500,Strong Buy,1.0,1845.04,False,True,0.01870420153492607,0.015062004075792374,0.07023153969561632
2014-04-08,SP500,Strong Buy,1.0,1851.96,False,True,0.012651461154668602,0.01947666256290629,0.07207499082053609
2014-04-09,SP500,Strong Buy,0.9999999999999999,1872.18,False,True,0.003434498819557861,0.010848315867064034,0.05633539510089843
2014-04-10,SP500,Strong Buy,1.0,1833.08,False,True,0.016540467410042205,0.03679599362821047,0.07126257446483521
2014-04-11,SP500,Strong Buy,1.0,1815.69,False,True,0.029597563460722925,0.052993627766854484,0.08654561075954588
2014-04-14,SP500,Strong Buy,1.0,1830.61,False,True,0.026067813461086758,0.04324787912225984,0.07323788245448248
2014-04-15,SP500,Strong Buy,1.0,1842.98,False,True,0.022230300925674736,0.041807290366688704,0.06760246991285848
2014-04-16,SP500,Strong Buy,1.0,1862.31,False,True,0.011474996106985474,0.03289463086167179,0.06163850271974052
2014-04-17,SP500,Strong Buy,1.0,1864.85,False,True,0.008735287020403888,0.032238517843258235,0.05814408665576323
2014-04-21,SP500,Strong Buy,1.0,1871.89,False,True,0.006821982060911689,0.027966386913760907,0.058593186565449804
2014-04-22,SP500,Strong Buy,1.0,1879.55,False,True,-0.00629405974834398,0.025713601659971885,0.04180255912319435
2014-04-23,SP500,Strong Buy,1.0,1875.39,False,True,0.0015036872330554903,0.034696783069121585,0.054831261764219666
2014-04-24,SP500,Strong Buy,1.0,1878.61,False,True,-0.0015862792170806027,0.03770340837108296,0.05057995006946637
2014-04-25,SP500,Strong Buy,1.0,1863.4,False,True,0.008092733712568384,0.04715573682515825,0.06446817645164746
2014-04-28,SP500,Strong Buy,1.0,1869.43,False,True,0.014560587986712541,0.043521287237286176,0.06289617690953923
2014-04-29,SP500,Strong Buy,1.0,1878.33,False,True,0.010179254976495142,0.034903344992626525,0.05837632364919907
2014-04-30,SP500,Strong Buy,1.0,1883.95,False,True,0.0024310623954987803,0.024501711828870114,0.05010217893256184
2014-05-01,SP500,Strong Buy,1.0,1883.68,False,True,-0.006811135649367278,0.027860358447294665,0.05055529601630851
2014-05-02,SP500,Strong Buy,1.0,1881.14,False,True,-0.0017436235474234771,0.030109401745749848,0.047210733916667524
2014-05-05,SP500,Strong Buy,1.0,1884.66,False,True,0.00022285186718020512,0.03041927987010916,0.0453185189901626
2014-05-06,SP500,Strong Buy,1.0,1867.72,False,True,0.0027359561390357763,0.04779088942668065,0.033704195489687984
2014-05-07,SP500,Strong Buy,1.0,1878.21,False,True,0.00522838234276249,0.04326992189371794,0.02499188056713576
2014-05-08,SP500,Strong Buy,1.0,1875.63,False,True,0.008988979702819798,0.04651237184306061,0.03378064970170017
2014-05-09,SP500,Strong Buy,1.0,1878.48,False,True,0.011738213875047887,0.04478621012733693,0.02221476938801585
2014-05-12,SP500,Strong Buy,1.0,1896.65,False,True,0.008045764901273292,0.02811799752194655,0.012437719136371981
2014-05-13,SP500,Strong Buy,1.0,1897.45,False,True,0.006498194945848337,0.03271759466652609,0.006387520092756009
2014-05-14,SP500,Strong Buy,1.0,1888.53,False,True,0.016679639719782053,0.03637220483656604,0.02280080274075601
2014-05-15,SP500,Strong Buy,1.0,1870.85,False,True,0.02817970441243287,0.04816527246973308,0.03531549830291053
2014-05-16,SP500,Strong Buy,1.0,1877.86,False,True,0.025087067193507572,0.04386375981170062,0.02976260211091354
2014-05-19,SP500,Strong Buy,1.0,1885.08,False,True,0.020773654168523396,0.046809684469624635,0.032698877501220164
2014-05-20,SP500,Strong Buy,1.0,1872.83,False,True,0.029394018677616325,0.05435090211070944,0.04397088897550773
2014-05-21,SP500,Strong Buy,1.0,1888.03,False,True,0.027769685863042466,0.051593459849684636,0.03550261383558523
2014-05-22,SP500,Strong Buy,1.0,1892.49,False,True,0.03009262928734104,0.044998916771026576,0.04187604690117253
2014-05-23,SP500,Strong Buy,1.0,1900.53,False,True,0.026697815872414543,0.033243358431595434,0.04265652212803794
2014-05-27,SP500,Strong Buy,1.0,1911.91,False,True,0.020335685257151164,0.03186342453358152,0.03901857304998661
2014-05-28,SP500,Strong Buy,1.0,1909.78,False,True,0.017860695996397558,0.02874676664327833,0.0432458188901339
2014-05-29,SP500,Strong Buy,1.0,1920.03,False,True,0.005249917970031681,0.02476002979120116,0.03560881861220925
2014-05-30,SP500,Strong Buy,1.0,1923.57,False,True,0.006545121830762668,0.027828464781629977,0.03865208960422555
2014-06-02,SP500,Strong Buy,1.0,1924.97,False,True,0.0066546491633635565,0.02509649501031182,0.038987620586294826
2014-06-03,SP500,Strong Buy,1.0,1924.24,False,True,0.009224421070136782,0.029793580842306534,0.03943375046771706
2014-06-04,SP500,Strong Buy,1.0,1927.88,False,True,0.015094300475133259,0.015685623586530167,0.035717990746311955
2014-06-05,SP500,Strong Buy,1.0,1940.46,False,True,0.009801799573297043,0.019459303464127057,0.032420147800006106
2014-06-06,SP500,Strong Buy,1.0,1949.44,False,True,0.006889157912015674,0.01240869172685492,0.027105219960604027
2014-06-09,SP500,Strong Buy,1.0,1951.27,False,True,0.005811599624859665,0.016532822213225228,0.02534246926360783
2014-06-10,SP500,Strong Buy,1.0,1950.79,False,True,-0.0004152163995099142,0.018566837025000144,0.02402103763090857
2014-06-11,SP500,Strong Buy,1.0,1943.89,False,True,0.008045722751801734,0.022681324560546078,0.0328310758324802
2014-06-12,SP500,Strong Buy,1.0,1930.11,False,True,0.014045831584728398,0.024988213107025,0.03700825341560847
2014-06-13,SP500,Strong Buy,1.0,1936.16,False,True,0.01280885877200229,0.022079786794479795,0.02700190066936615
2014-06-16,SP500,Strong Buy,1.0,1937.78,False,True,0.011585422493781567,0.016601471787303035,0.0298847134349617
2014-06-17,SP500,Strong Buy,1.0,1941.99,False,True,0.016132935802964963,0.014459394744566104,0.0285583344919387
2014-06-18,SP500,Strong Buy,1.0,1956.98,False,True,0.00901388874694676,-0.01344418440658563,0.014593915114104357
2014-06-19,SP500,Strong Buy,1.0,1959.48,False,True,0.013248412844223996,-0.01751995427358275,0.012579868128278977
2014-06-20,SP500,Strong Buy,1.0,1962.87,False,True,0.007529790561779538,-0.012165859175594861,0.018396531609327225
2014-06-23,SP500,Strong Buy,1.0,1962.61,False,True,0.0005604781388050282,-0.021603884623027432,0.019851116625310194
2014-06-24,SP500,Strong Buy,1.0,1949.98,False,True,0.011718068903270757,-0.015251438476292069,0.031477245920470916
2014-06-25,SP500,Strong Buy,1.0,1959.53,False,True,0.0026281812475441005,-0.02549590973345651,0.025960306808265308
2014-06-26,SP500,Strong Buy,1.0,1957.22,False,True,0.005288112731322952,-0.01309510428056126,0.018940129367163598
2014-06-27,SP500,Strong Buy,1.0,1960.96,False,True,0.00823066253263701,-0.012259301566579615,0.011122103459529999
2014-06-30,SP500,Strong Buy,1.0,1960.23,False,True,0.006657382041903223,-0.01350861888655924,0.01942119037051771
2014-07-01,SP500,Strong Buy,1.0,1973.32,False,True,0.004180771491699269,-0.013479820809600019,-0.0037145521253521617
2014-07-02,SP500,Strong Buy,1.0,1974.62,False,True,-0.008356038123790908,-0.009844932189484472,0.004167890530836322
2014-07-03,SP500,Strong Buy,1.0,1985.44,False,True,-0.0036364735272786017,-0.015301394149407743,-0.0038480135385607723
2014-07-07,SP500,Strong Buy,1.0,1977.65,False,True,-0.0020327155967941658,-0.0029883953176750595,-0.0027102874623922977
2014-07-08,SP500,Strong Buy,1.0,1963.71,False,True,0.010093140025767519,0.009110306511653897,-0.008937164856317865
2014-07-09,SP500,Strong Buy,1.0,1972.83,False,True,0.007187644145719633,0.0069342011222457405,-0.013513582011627893
2014-07-10,SP500,Strong Buy,1.0,1964.68,False,True,0.011859437669238733,0.014093898242970778,0.0016389437465643398
2014-07-11,SP500,Strong Buy,1.0,1967.57,False,True,0.005473756969256485,0.010586662736268675,-0.0013976631072846202
2014-07-14,SP500,Strong Buy,1.0,1977.1,False,True,0.0009154822720146542,0.010530575084720127,-0.021243235041221994
2014-07-15,SP500,Strong Buy,1.0,1973.28,False,True,-0.0016875456093407562,0.013551041920051897,-0.0022247222897915516
2014-07-16,SP500,Strong Buy,1.0,1981.57,False,True,-0.005803479059533602,0.00936126404820418,-0.026928142836235864
2014-07-17,SP500,Strong Buy,1.0,1958.12,False,True,-0.014018548403570679,0.019722999611872676,-0.02655097746818366
2014-07-18,SP500,Strong Buy,1.0,1978.22,False,True,-0.026827147637775342,0.01271344946467019,-0.05230965211149418
2014-07-21,SP500,Strong Buy,1.0,1973.63,False,True,-0.017551415412210038,0.014516398717084694,-0.04860586837451805
2014-07-22,SP500,Strong Buy,1.0,1983.53,False,True,-0.03192288495762602,0.008666367536664459,-0.06102252045595477
2014-07-23,SP500,Strong Buy,1.0,1987.01,False,True,-0.03360325312907332,0.005354779291498332,-0.06253113975269374
2014-07-24,SP500,Strong Buy,1.0,1987.98,False,True,-0.03944204670067107,0.009924647129246782,-0.05091600519119912
2014-07-25,SP500,Strong Buy,1.0,1978.34,False,True,-0.023630922894952333,0.011727003447334657,-0.03757190371725787
2014-07-28,SP500,Strong Buy,1.0,1978.91,False,True,-0.02121875173706738,0.0048157824256787685,-0.01901551864410211
2014-07-29,SP500,Strong Buy,1.0,1969.95,False,True,-0.018376100916266933,0.01306632148024062,-0.021746744841239698
2014-07-30,SP500,Strong Buy,1.0,1970.07,False,True,-0.011852370727943632,0.013897983320389686,-0.009771226403122732
2014-07-31,SP500,Strong Buy,1.0,1930.67,True,True,0.012695074766790798,0.028420185738629537,0.01756385089114134
2014-08-01,SP500,Strong Buy,1.0,1925.15,True,True,0.015536451705061866,0.030636573773472207,0.01894917279173052
2014-08-04,SP500,Strong Buy,1.0,1938.99,False,True,0.016890236669606342,0.030938787719379683,0.023754635145101288
2014-08-05,SP500,Strong Buy,1.0,1920.21,True,True,0.031970461564099696,0.042370365741247,0.03233500502549196
2014-08-06,SP500,Strong Buy,1.0,1920.24,True,True,0.03451131108611422,0.04745240178311039,0.038750364537766153
2014-08-07,SP500,Strong Buy,1.0,1909.57,True,True,0.043360547138884646,0.05280246338180855,0.05680860088920543
2014-08-08,SP500,Strong Buy,1.0,1931.59,False,True,0.029411003370280533,0.032460304723052016,0.04463680180576625
2014-08-11,SP500,Strong Buy,1.0,1936.92,False,True,0.03149329863907647,0.023671602337732023,0.03881419986370105
2014-08-12,SP500,Strong Buy,1.0,1933.75,False,True,0.034270200387847435,0.03338073691014865,0.04644861021331606
2014-08-13,SP500,Strong Buy,1.0,1946.72,False,True,0.027430755321771937,0.009898701405440937,0.043401208186077095
2014-08-14,SP500,Strong Buy,1.0,1955.18,False,True,0.021256354913614064,0.014152149674198715,0.039249583158583866
2014-08-15,SP500,Strong Buy,1.0,1955.06,False,True,0.024710239071946614,0.011631356582406683,0.042556238683211796
2014-08-18,SP500,Strong Buy,1.0,1971.74,False,True,0.015488857557284411,0.0002789414425836847,0.03445687565297659
2014-08-19,SP500,Strong Buy,1.0,1981.6,False,True,0.009648768671780439,-0.01788453774727484,0.028588009689140135
2014-08-20,SP500,Strong Buy,1.0,1986.51,False,True,0.005607824778128527,-0.020306970516131263,0.026589345132921525
2014-08-21,SP500,Strong Buy,1.0,1992.37,False,True,0.0076993731084086525,-0.012281855277885032,0.023815857496348593
2014-08-22,SP500,Strong Buy,1.0,1988.4,False,True,0.006608328304164088,-0.011858780929390541,0.026614363307181574
2014-08-25,SP500,Strong Buy,1.0,1997.92,False,True,-0.004744934732121415,-0.03144270040842484,0.02696804676863944
2014-08-26,SP500,Strong Buy,1.0,2000.02,False,True,-0.0021649783502164614,-0.015564844351556426,0.024349756502434886
2014-08-27,SP500,Strong Buy,1.0,2000.12,False,True,-0.0013349199048056344,-0.03595284282943016,0.026313421194728372
2014-08-28,SP500,Strong Buy,1.0,1996.74,False,True,-0.0056091429029318015,-0.04537896771737928,0.033434498232118345
2014-08-29,SP500,Strong Buy,1.0,2003.37,False,True,-0.009603817567398825,-0.0642068115225844,0.03296445489350443
2014-09-02,SP500,Strong Buy,1.0,2002.28,False,True,-0.0016481211418982132,-0.062219070259903676,0.03233813452663974
2014-09-03,SP500,Strong Buy,1.0,2000.72,False,True,0.0004248470550601329,-0.06909012755408053,0.03604202487104637
2014-09-04,SP500,Strong Buy,1.0,1997.65,False,True,0.006863064100317778,-0.06752434110079347,0.03499612044151871
2014-09-05,SP500,Strong Buy,1.0,2007.71,False,True,0.0013398349363205116,-0.06024276414422404,0.022777193917448247
2014-09-08,SP500,Strong Buy,1.0,2001.54,False,True,-0.0036222108976088413,-0.04872747984052279,0.03247999040738642
2014-09-09,SP500,Strong Buy,1.0,1988.44,False,True,-0.0028514815634367004,-0.0237170847498542,0.04319466516465162
2014-09-10,SP500,Strong Buy,1.0,1995.69,False,True,0.001307818348541056,-0.03436405453752845,0.0381973152142868
2014-09-11,SP500,Strong Buy,1.0,1997.45,False,True,-0.01575008135372602,-0.023344764574832966,0.039009737415204304
2014-09-12,SP500,Strong Buy,1.0,1985.54,False,True,-0.001354795169072421,-0.010556322209575248,0.037657262004291016
2014-09-15,SP500,Strong Buy,1.0,1984.13,False,True,-0.0031903151507210485,-0.0113399827632262,0.03814770201549296
2014-09-16,SP500,Strong Buy,1.0,1998.98,False,True,-0.013351809422805658,-0.006968553962520918,0.01358692933396036
2014-09-17,SP500,Strong Buy,1.0,2001.57,False,True,-0.02768326863412214,-0.009627442457670719,0.016866759593718927
2014-09-18,SP500,Strong Buy,1.0,2011.36,False,True,-0.03241090605361538,-0.008307811629941835,-0.004489499642033237
2014-09-19,SP500,Strong Buy,0.9999999999999999,2010.4,False,True,-0.021140071627536807,0.0038052128929565573,-0.010331277357739744
2014-09-22,SP500,Strong Buy,0.9999999999999999,1994.29,False,True,-0.014777188874235958,0.011793670930506588,-0.01080585070375921
2014-09-23,SP500,Strong Buy,1.0,1982.77,False,True,-0.02404212288868607,0.014792436843405905,0.015190869339358634
2014-09-24,SP500,Strong Buy,1.0,1998.3,False,True,-0.014717509883400818,0.012645748886553562,0.031491768002802414
2014-09-25,SP500,Strong Buy,1.0,1965.99,False,True,-0.019216781367148345,0.033174126012848505,0.0532352656931114
2014-09-26,SP500,Strong Buy,1.0,1982.85,False,True,-0.038691782030915,0.02474720730262005,0.04825881937615052
2014-09-29,SP500,Strong Buy,1.0,1977.8,False,True,-0.052108403276367656,0.030569319445848942,0.052770755384771016
2014-09-30,SP500,Strong Buy,1.0,1972.29,False,True,-0.047959478575665807,0.034168403226706064,0.05556485101075407
2014-10-01,SP500,Strong Buy,1.0,1946.16,True,True,-0.042992354174374185,0.04731882270727993,0.07327763390471487
2014-10-02,SP500,Strong Buy,1.0,1946.17,False,True,-0.042858537537830754,0.0478683773771047,0.07419701259396666
2014-10-03,SP500,Strong Buy,1.0,1967.9,False,True,-0.04123176990700752,0.03654657248843937,0.05714213120585386
2014-10-06,SP500,Strong Buy,1.0,1964.82,False,True,-0.030949399945033106,0.038934864262375184,0.047882248755611284
2014-10-07,SP500,Strong Buy,1.0,1935.1,True,True,0.0031936334039584847,0.06030696088057479,0.0636142834995607
2014-10-08,SP500,Strong Buy,1.0,1968.89,False,True,-0.021220078318240326,0.040545688179634054,0.026253371188842356
2014-10-09,SP500,Strong Buy,1.0,1928.21,True,True,0.011725901224451642,0.064588400641009,0.03858500889425937
2014-10-10,SP500,Hold,0.2842378147627901,1906.13,True,True,0.030664225420091923,0.08255995131496796,0.06283411939374543
2014-10-13,SP500,Strong Sell,-0.9,1874.74,True,False,0.046347760222750944,0.1038383989246508,0.09996052785986316
2014-10-14,SP500,Strong Sell,-0.7225548991749561,1877.7,True,False,0.05717100708313357,0.10083080364275451,0.08899717739788034
2014-10-15,SP500,Strong Sell,-0.75,1862.49,True,False,0.06432786216301829,0.11293483454944721,0.089004504722173
2014-10-16,SP500,Strong Sell,-0.75,1862.76,True,False,0.07080353883484727,0.1099443836028259,0.08603899589855912
2014-10-17,SP500,Hold,-0.18231408706167015,1886.76,True,False,0.06958489686022598,0.08834191948101511,0.0659914350526829
2014-10-20,SP500,Hold,0.17916680861937323,1904.01,True,False,0.059768593652344236,0.08536719870168759,0.046564881486967025
2014-10-21,SP500,Strong Buy,1.0,1941.28,False,True,0.03648108464518253,0.06853725377070796,0.040251792631665756
2014-10-22,SP500,Strong Buy,1.0,1927.11,False,True,0.050054226276652625,0.07514360882357529,0.049524936303584156
2014-10-23,SP500,Strong Buy,1.0,1950.82,False,True,0.041208312401964355,0.06384494725295002,0.04167478291180117
2014-10-24,SP500,Strong Buy,1.0,1964.58,False,True,0.034277046493398154,0.04872797239104543,0.05017357399545967
2014-10-27,SP500,Strong Buy,1.0,1961.63,False,True,0.039064451502067096,0.050055311144303484,0.04597707008967035
2014-10-28,SP500,Strong Buy,1.0,1985.05,False,True,0.02752071736228312,0.020699730485378275,0.03629127729780116
2014-10-29,SP500,Strong Buy,1.0,1982.3,False,True,0.028224789386066713,0.026751753014175438,0.023835948141048276
2014-10-30,SP500,Strong Buy,1.0,1994.65,False,True,0.02239991978542593,0.0038502995512996446,0.003765071566440223
2014-10-31,SP500,Strong Buy,1.0,2018.05,False,True,0.010787641535145305,-0.014082901811154257,0.0015856891553727834
2014-11-03,SP500,Strong Buy,1.0,2017.81,False,True,0.011651245657420664,-0.022336097055718793,-0.011309290765731133
2014-11-04,SP500,Strong Buy,1.0,2012.1,False,True,0.01973062969037338,0.00039262462104278664,0.004348690422941206
2014-11-05,SP500,Strong Buy,1.0,2023.57,False,True,0.012428529776582903,0.01861067321614774,0.013075900512460782
2014-11-06,SP500,Strong Buy,1.0,2031.21,False,True,0.010604516519709908,0.019416997750109567,0.005070869087883554
2014-11-07,SP500,Strong Buy,1.0,2031.92,False,True,0.015541950470490928,0.02294381668569623,0.015059648017638445
2014-11-10,SP500,Strong Buy,1.0,2038.26,False,True,0.015282643038670172,0.021542884617271635,0.008443476298411296
2014-11-11,SP500,Strong Buy,1.0,2039.68,False,True,0.013408966112331413,0.020689519924694092,0.0034613272670222513
2014-11-12,SP500,Strong Buy,1.0,2038.25,False,True,0.016965534159205164,0.024785968355206665,0.014885318287746913
2014-11-13,SP500,Strong Buy,1.0,2039.33,False,True,0.013842781697910598,0.02512589919238193,0.014318428111193517
2014-11-14,SP500,Strong Buy,1.0,2039.82,False,True,0.006677059740565402,0.01986940024119774,0.023855046033473583
2014-11-17,SP500,Strong Buy,1.0,2041.32,False,True,0.012359649638469347,0.008612074540003603,0.02727156937667776
2014-11-18,SP500,Strong Buy,1.0,2051.8,False,True,0.010980602397894406,0.003119212398869108,0.02365727653767422
2014-11-19,SP500,Strong Buy,1.0,2048.72,False,True,0.011324143855675874,-0.013735405521496288,0.024874067710570522
2014-11-20,SP500,Strong Buy,1.0,2052.75,False,True,0.011019364267446055,-0.024425770308123297,0.021775666788454422
2014-11-21,SP500,Strong Buy,1.0,2063.5,False,True,-0.0015459171310879837,-0.01822146837896773,0.02267991276956636
2014-11-24,SP500,Strong Buy,1.0,2069.41,False,True,-0.004634171092243534,-0.0035130786069459325,0.01944998816087677
2014-11-25,SP500,Strong Buy,1.0,2067.03,False,True,-0.01978200606667542,-0.010749723032563751,0.023439427584505214
2014-11-26,SP500,Strong Buy,1.0,2072.83,False,True,-0.018091208637466653,-0.021502004505917,0.019794194410540276
2014-11-28,SP500,Strong Buy,1.0,2067.56,False,True,-0.031549265801234315,-0.021537464450850266,0.020884520884520807
2014-12-01,SP500,Strong Buy,1.0,2053.44,False,True,-0.031074684431977532,-0.02053627084307312,0.024865591397849437
2014-12-02,SP500,Strong Buy,1.0,2066.55,False,True,-0.0453944980765044,-0.035750405264813385,0.024601388788076595
2014-12-03,SP500,Strong Buy,1.0,2074.33,False,True,-0.029619202344853438,-0.026471197928969768,0.01612568877661716
2014-12-04,SP500,Strong Buy,1.0,2071.92,False,True,-0.005159465616433093,-0.023828140082628728,0.012843159967566376
2014-12-05,SP500,Strong Buy,1.0,2075.37,False,True,-0.002274293258551391,-0.020839657506854202,0.012368878802334077
2014-12-08,SP500,Strong Buy,1.0,2060.31,False,True,0.008848183040416258,0.001378433342555317,0.00531473419048603
2014-12-09,SP500,Strong Buy,1.0,2059.82,False,True,0.010850462661785937,-0.003883834509811537,0.00952024934217537
2014-12-10,SP500,Strong Buy,1.0,2026.14,True,True,0.027510438567917322,0.01527535116033445,0.00889375857541926
2014-12-11,SP500,Strong Buy,1.0,2035.33,True,True,0.02625618450079351,-0.00283983432662024,0.0024123852151739923
2014-12-12,SP500,Strong Buy,1.0,2002.33,True,True,0.0440686600110872,-8.490109022980497e-05,0.0317729844730888
2014-12-15,SP500,Strong Buy,1.0,1989.63,True,True,0.04559641742434513,0.015892402104913925,0.0320511853962797
2014-12-16,SP500,Strong Buy,1.0,1972.74,True,True,0.0436752942607744,0.011278729077323925,0.054974299704978885
2014-12-17,SP500,Strong Buy,1.0,2012.89,True,True,0.022509923542766725,0.003954513162666519,0.030498437569862286
2014-12-18,SP500,Strong Buy,0.9999999999999999,2061.23,False,True,-0.01972123440858133,-0.005433648840740634,0.018566584029923873
2014-12-19,SP500,Strong Buy,1.0,2070.65,False,True,-0.0328592470963225,-0.014072875667061115,0.008992345398787767
2014-12-22,SP500,Strong Buy,1.0,2078.54,False,True,-0.02532546883870403,-0.007707333031839648,0.014221520875229703
2014-12-23,SP500,Strong Buy,1.0,2082.17,False,True,-0.00961977168050649,-0.012823160452796972,0.010685967043997368
2014-12-24,SP500,Strong Buy,1.0,2081.88,False,True,-0.017806021480584935,-0.016878974772801553,0.004620823486464105
2014-12-26,SP500,Strong Buy,1.0,2088.77,False,True,-0.02896920197053768,-0.009661188163368794,-0.013270968081693915
2014-12-29,SP500,Strong Buy,1.0,2090.57,False,True,-0.032306978479553515,-0.010542579296555466,-0.016464409228105287
2014-12-30,SP500,Strong Buy,1.0,2080.35,False,True,-0.03320595092171987,0.0039079962506309565,-0.009291705722594721
2014-12-31,SP500,Strong Buy,1.0,2058.9,True,True,-0.03216766234397009,0.018500169993685797,0.013278935353829563
2015-01-02,SP500,Strong Buy,1.0,2058.2,False,True,-0.018841706345350186,0.020474200757943994,0.004707997279176006
2015-01-05,SP500,Strong Buy,1.0,2020.58,True,True,0.0009749675835651285,0.039147175563452034,0.019355828524483133
2015-01-06,SP500,Strong Buy,1.0,2002.61,True,True,0.014735769820384395,0.04735819755219435,0.03213306634841539
2015-01-07,SP500,Strong Buy,1.0,2025.9,True,True,0.01838688977738289,0.04166049656942598,0.027010217681030554
2015-01-08,SP500,Strong Buy,1.0,2062.14,False,True,-0.005004509878087671,0.023044022229334566,0.006881201082370768
2015-01-09,SP500,Strong Buy,1.0,2044.81,False,True,0.0060054479389284095,0.03456066822834399,0.018138604564727358
2015-01-12,SP500,Strong Buy,1.0,2028.26,True,True,0.0006360131344107579,0.04220366225237402,0.03102166388924489
2015-01-13,SP500,Strong Buy,0.9999999999999999,2023.03,True,True,-0.010316208855034226,0.04335575844154551,0.03906516462929367
2015-01-14,SP500,Strong Buy,0.9999999999999999,2011.27,True,True,0.004962038910738001,0.04635379635752535,0.04035261302560067
2015-01-15,SP500,Strong Buy,0.9554918157787801,1992.67,True,True,0.001164267038696792,0.06258939011477054,0.051774754475151466
2015-01-16,SP500,Strong Buy,0.9999999999999999,2019.42,True,True,0.0007081241148447754,0.043755137613770353,0.043185667171762206
2015-01-20,SP500,Strong Buy,1.0,2022.55,True,True,0.013586808731551875,0.03756643840696163,0.040760426194655176
2015-01-21,SP500,Strong Buy,1.0,2032.12,False,True,0.004620790110820277,0.03391531996141964,0.024142275062496284
2015-01-22,SP500,Strong Buy,1.0,2063.15,False,True,-0.0003053583113201217,0.0039308823885806305,0.018054916026464387
2015-01-23,SP500,Strong Buy,1.0,2051.82,False,True,0.0017789084812506145,0.013456346073242132,0.022160813326704974
2015-01-26,SP500,Strong Buy,1.0,2057.09,False,True,-0.005031379278495416,-0.006285578171105816,0.024729107622904145
2015-01-27,SP500,Strong Buy,1.0,2029.55,False,True,0.019235791185238202,0.005267177453130031,0.04108299869429178
2015-01-28,SP500,Strong Buy,1.0,2002.16,True,True,0.03314919886522561,0.031860590562192696,0.057702681104407225
2015-01-29,SP500,Strong Buy,1.0,2021.25,False,True,0.03326159554730984,0.015905998763141665,0.043374149659863984
2015-01-30,SP500,Strong Buy,0.9075328924629575,1994.99,True,True,0.05112807582995392,0.0432082366327651,0.06003538864856476
2015-02-02,SP500,Strong Buy,1.0,2020.85,True,True,0.03933493332013768,0.02643936957220986,0.04255635005072123
2015-02-03,SP500,Strong Buy,1.0,2050.03,False,True,0.024219157768422723,0.02413135417530465,0.017307063799066363
2015-02-04,SP500,Strong Buy,1.0,2041.51,False,True,0.0274012863027856,0.023394448227047622,0.03271108150339698
2015-02-05,SP500,Strong Buy,1.0,2062.52,False,True,0.02316583596765132,0.022099179644318564,0.02519733141981644
2015-02-06,SP500,Strong Buy,1.0,2055.47,False,True,0.026363800006811124,0.02381450471181787,0.01653636394595895
2015-02-09,SP500,Strong Buy,0.9999999999999999,2046.74,False,True,0.03358511584275482,0.021868923263335838,0.016323519352726815
2015-02-10,SP500,Strong Buy,0.9999999999999999,2068.59,False,True,0.02188447203167374,-0.0036449948999076488,0.009383203051353749
2015-02-11,SP500,Strong Buy,0.9999999999999999,2068.53,False,True,0.02040579541993569,-0.005984926493693641,0.02299700753675301
2015-02-12,SP500,Strong Buy,1.0,2088.48,False,True,0.0076706504251896025,-0.013148318394238889,0.008068068643223736
2015-02-13,SP500,Strong Buy,1.0,2096.99,False,True,0.00972822950991664,-0.005126395452529579,0.001015741610594285
2015-02-17,SP500,Strong Buy,1.0,2100.34,False,True,0.0035422836302694107,-0.015449879543312164,-0.0008855709075674068
2015-02-18,SP500,Strong Buy,1.0,2099.68,False,True,-0.0005477025070485199,-0.01904575935380619,0.010201554522593954
2015-02-19,SP500,Strong Buy,1.0,2097.45,False,True,0.0017116021836039695,-0.014536699325371182,0.01205273069679859
2015-02-20,SP500,Strong Buy,0.9999999999999999,2110.3,False,True,-0.018499739373548766,-0.01406435104013661,0.008956072596313147
2015-02-23,SP500,Strong Buy,1.0,2109.66,False,True,-0.014329323208479102,-0.015798754301640988,0.008612762246049161
2015-02-24,SP500,Strong Buy,1.0,2115.48,False,True,-0.03371338892355396,-0.0158734660691663,0.004901960784313674
2015-02-25,SP500,Strong Buy,1.0,2113.86,False,True,-0.03482728279072413,-0.010729187363401687,0.008023237111256203
2015-02-26,SP500,Strong Buy,1.0,2110.74,False,True,-0.02122004605020039,-0.004112301846745614,0.00725811800600745
2015-02-27,SP500,Strong Buy,0.9999999999999999,2104.5,False,True,-0.024281301971964795,-0.0057353290567831615,-0.00014255167498226746
2015-03-02,SP500,Strong Buy,1.0,2117.39,False,True,-0.017096519771983346,-0.010177624339398849,0.0028761824699276685
2015-03-03,SP500,Strong Buy,0.9999999999999999,2107.78,False,True,-0.01589349932156107,-0.0005455977379043784,0.006172370930552412
2015-03-04,SP500,Strong Buy,0.9999999999999999,2098.53,False,True,0.0004622283217298775,0.0030783453179128156,0.004222003021162276
2015-03-05,SP500,Strong Buy,0.9999999999999999,2101.04,False,True,-0.005601987587099714,-0.009452461638045981,0.00508795644061991
2015-03-06,SP500,Strong Buy,0.9999999999999999,2071.26,False,True,0.01778627502100156,0.01406873111053169,0.018510471886677524
2015-03-09,SP500,Strong Buy,0.9999999999999999,2079.43,False,True,0.012017716393434854,0.008588892148329171,0.01665841119922302
2015-03-10,SP500,Strong Buy,1.0,2044.16,False,True,0.023158656856606095,0.0312108641202254,0.025281778334376986
2015-03-11,SP500,Strong Buy,1.0,2040.24,False,True,0.010199780417990125,0.03562816139277723,0.02577637924950002
2015-03-12,SP500,Strong Buy,1.0,2065.95,False,True,-0.004743580435150768,0.02504416854231721,0.006452237469445235
2015-03-13,SP500,Strong Buy,1.0,2053.4,False,True,0.003710918476672782,0.02703808317911755,0.013027174442388234
2015-03-16,SP500,Strong Buy,1.0,2081.19,False,True,0.002426496379475073,0.01613019474435307,0.011536668924989916
2015-03-17,SP500,Strong Buy,1.0,2074.28,False,True,-0.0030805869988624135,0.015701833889349415,0.01667084482326394
2015-03-18,SP500,Strong Buy,1.0,2099.5,False,True,-0.018961657537508905,-0.0066634913074540515,-0.0025672779233150145
2015-03-19,SP500,Strong Buy,1.0,2089.27,False,True,-0.010678370914242747,0.009103658215548963,-0.002316598620570891
2015-03-20,SP500,Strong Buy,1.0,2108.1,False,True,-0.013035434751672131,0.0030311655044826494,-0.005602201034106516
2015-03-23,SP500,Strong Buy,1.0,2104.42,False,True,-0.01334809591241299,-0.007108847093260868,-0.0018912574486081761
2015-03-24,SP500,Strong Buy,1.0,2091.5,False,True,-0.0045900071718861625,-0.0054267272292612525,0.014219459717905706
2015-03-25,SP500,Strong Buy,1.0,2061.05,False,True,0.014618762281361273,0.013075859392057358,0.02374517842847073
2015-03-26,SP500,Strong Buy,1.0,2056.15,False,True,0.02232813753860363,0.029156433139605482,0.03243926756316408
2015-03-27,SP500,Strong Buy,1.0,2061.02,False,True,0.01524002678285502,0.021499063570465084,0.03065472435978294
2015-03-30,SP500,Strong Buy,1.0,2086.24,False,True,0.004601579875757518,0.006173786333307822,0.010708259835877055
2015-03-31,SP500,Strong Buy,1.0,2067.89,False,True,0.01873407192839089,0.01479285648656367,0.016644985951864012
2015-04-01,SP500,Strong Buy,1.0,2059.69,False,True,0.021993600978787938,0.02981516635998614,0.020294316134952216
2015-04-02,SP500,Strong Buy,1.0,2066.96,False,True,0.006879668692185529,0.02698165421682083,-0.004509037426945932
2015-04-06,SP500,Strong Buy,0.9999999999999999,2080.62,False,True,0.009506781632398133,0.023348809489479063,-0.008415760686718269
2015-04-07,SP500,Strong Buy,1.0,2076.33,False,True,0.010094734459358597,0.024803379038977426,0.0005249647214075535
2015-04-08,SP500,Strong Buy,0.9999999999999999,2081.9,False,True,0.012517411979441829,0.021110524040539803,-0.0024592919928910564
2015-04-09,SP500,Strong Buy,1.0,2091.18,False,True,0.010400826327719279,0.018955804856588303,-0.010721219598504013
2015-04-10,SP500,Strong Buy,1.0,2102.06,False,True,0.00743556320942319,0.011417371530784088,-0.009856997421576835
2015-04-13,SP500,Strong Buy,1.0,2092.43,False,True,0.007880789321506687,0.005625038830450711,-0.021864530713094237
2015-04-14,SP500,Strong Buy,1.0,2095.84,False,True,0.009027406672265093,0.013188029620581663,-0.021246850904649305
2015-04-15,SP500,Strong Buy,1.0,2106.63,False,True,0.00010443219739574576,0.006721635977841317,-0.014245501108405471
2015-04-16,SP500,Strong Buy,1.0,2104.99,False,True,-0.009254200732544841,0.001140147934194505,-0.002560582235545002
2015-04-17,SP500,Strong Buy,1.0,2081.18,False,True,0.013026263946415076,0.014679172392585064,0.013343391729691801
2015-04-20,SP500,Strong Buy,1.0,2100.4,False,True,0.006708246048371592,0.004380118072747961,0.003332698533612645
2015-04-21,SP500,Strong Buy,1.0,2097.29,False,True,-0.0037333892785451355,0.008000801033715033,0.012873756132914381
2015-04-22,SP500,Strong Buy,1.0,2107.96,False,True,-0.013192849959202236,-0.005749634717926284,0.008861648228619061
2015-04-23,SP500,Strong Buy,1.0,2112.93,False,True,-0.011798781786429194,-0.00951285655464209,0.007264793438495532
2015-04-24,SP500,Strong Buy,1.0,2117.69,False,True,-0.0007508181084106482,-0.018137687763553616,0.0007177632231346333
2015-04-27,SP500,Strong Buy,1.0,2108.92,False,True,-0.00170229311685609,-0.01364205375263167,0.002479942340155159
2015-04-28,SP500,Strong Buy,1.0,2114.76,False,True,-0.007395638275738299,-0.004520607539390002,-0.005962851576538295
2015-04-29,SP500,Strong Buy,1.0,2106.85,False,True,-0.003972755535515054,0.0009540308992098244,-0.012910268884827976
2015-04-30,SP500,Strong Buy,1.0,2085.51,False,True,0.017065370101317992,0.004123691567050701,-0.008568647477116074
2015-05-01,SP500,Strong Buy,1.0,2108.29,False,True,0.006849152630805086,-0.01131722865450205,-0.00713374346033988
2015-05-04,SP500,Strong Buy,1.0,2114.49,False,True,0.006956760258974995,-0.0086072764590988,-0.002799729485596819
2015-05-05,SP500,Strong Buy,1.0,2089.46,False,True,0.018363596335895346,0.005254946254056081,0.009174619279622521
2015-05-06,SP500,Strong Buy,1.0,2080.15,False,True,0.021969569502199273,0.01975338316948282,0.011388601783525252
2015-05-07,SP500,Strong Buy,1.0,2088.0,False,True,0.02050766283524912,0.010531609195402193,0.0048084291187739285
2015-05-08,SP500,Strong Buy,1.0,2116.1,False,True,0.004706771891687556,0.0031898303482822176,-0.010765086716128608
2015-05-11,SP500,Strong Buy,1.0,2105.33,False,True,-0.0005367329587286122,0.008962965425847678,-0.0026076672065660877
2015-05-12,SP500,Strong Buy,0.9999999999999999,2099.12,False,True,0.01160486299020548,0.004506650405884388,-0.0074126300544990024
2015-05-13,SP500,Strong Buy,1.0,2098.48,False,True,0.010631504708169696,0.0018251305706987568,-0.009964355152300644
2015-05-14,SP500,Strong Buy,0.9999999999999999,2121.1,False,True,-0.006463627363160642,-0.009245202960727984,-0.007976993069633715
2015-05-15,SP500,Strong Buy,1.0,2122.73,False,True,-0.00518200619014194,-0.03066334390148542,-0.018212396300989694
2015-05-18,SP500,Strong Buy,1.0,2129.2,False,True,-0.009205335337215815,-0.031039827165132303,-0.02026582754086025
2015-05-19,SP500,Strong Buy,1.0,2127.83,False,True,-0.0064666820187701856,-0.02369080236673036,-0.02088512710131921
2015-05-20,SP500,Strong Buy,0.9999999999999999,2125.85,False,True,-0.01411670625867289,-0.023082531693204934,-0.016139426582308228
2015-05-21,SP500,Strong Buy,0.9999999999999999,2130.82,False,True,-0.017828817075116733,-0.029124937817366057,-0.013318816230371457
2015-05-22,SP500,Strong Buy,0.9999999999999999,2126.06,False,True,-0.022003141962127007,-0.02103421352172554,-0.01370610424917447
2015-05-26,SP500,Strong Buy,1.0,2104.2,False,True,-0.011429521908563696,-0.02733580458131345,-0.011686151506510641
2015-05-27,SP500,Strong Buy,0.9999999999999999,2123.48,False,True,-0.008608510558140506,-0.03398666340158611,-0.041323676229585396
2015-05-28,SP500,Strong Buy,0.9999999999999999,2120.79,False,True,-0.005625262284337363,-0.020827144601775788,-0.0706812084176179
2015-05-29,SP500,Strong Buy,0.9999999999999999,2107.39,False,True,-0.006301633774479212,-0.0036965155951200128,-0.1016328254381011
2015-06-01,SP500,Strong Buy,0.9999999999999999,2111.73,False,True,-0.012927789063942919,-0.0013164561757422588,-0.11560189986409253
2015-06-02,SP500,Strong Buy,1.0,2109.6,False,True,-0.006309252938945746,-0.001042851725445496,-0.08015263557072427
2015-06-03,SP500,Strong Buy,0.9999999999999999,2114.07,False,True,-0.006447279418373142,0.004834277010694915,-0.05979461418023058
2015-06-04,SP500,Strong Buy,0.9999999999999999,2095.84,False,True,0.012119245743949746,0.014695778303687174,-0.05103920146576086
2015-06-05,SP500,Strong Buy,0.9999999999999999,2092.83,False,True,0.00819942374679255,0.01693878623681822,-0.057649211832781384
2015-06-08,SP500,Strong Buy,1.0,2079.28,False,True,0.020954368819976005,0.019203762840983338,-0.07956119425955152
2015-06-09,SP500,Strong Buy,1.0,2080.15,False,True,0.02117635747422048,0.016344975121986394,-0.06311564069898815
2015-06-10,SP500,Strong Buy,0.9999999999999999,2105.2,False,True,0.0016055481664450453,-0.0014487934638037847,-0.07318544556336677
2015-06-11,SP500,Strong Buy,0.9999999999999999,2108.86,False,True,-0.0031059434955379595,-0.013851085420558991,-0.0889769828248438
2015-06-12,SP500,Strong Buy,1.0,2094.11,False,True,0.003524170172531364,-0.012640214697413341,-0.059547970259441974
2015-06-15,SP500,Strong Buy,1.0,2084.43,False,True,-0.012852434478490505,0.004231372605460564,-0.06831124096275715
2015-06-16,SP500,Strong Buy,1.0,2096.29,False,True,-0.015827962734163613,0.0058579681246393395,-0.06869278582638852
2015-06-17,SP500,Strong Buy,1.0,2100.44,False,True,-0.010959608462988699,0.003899183028317902,-0.06636228599721967
2015-06-18,SP500,Strong Buy,1.0,2121.24,False,True,-0.0209594388188039,-0.008202749335294279,-0.07929795779826886
2015-06-19,SP500,Strong Buy,1.0,2109.99,False,True,-0.01954037696861102,-0.005663533950397783,-0.06251214460732035
2015-06-22,SP500,Strong Buy,1.0,2122.85,False,True,-0.01955390159455438,-0.013910544786489742,-0.06007960995831075
2015-06-23,SP500,Strong Buy,1.0,2124.2,False,True,-0.0364937388193201,-0.011467846718764559,-0.06308257226249872
2015-06-24,SP500,Strong Buy,1.0,2108.58,False,True,-0.02716045869732236,-0.01186580542355518,-0.07139876125164801
2015-06-25,SP500,Strong Buy,1.0,2102.31,False,True,-0.012219891452735351,-0.011768007572622393,-0.06437680456260016
2015-06-26,SP500,Strong Buy,1.0,2101.49,False,True,-0.0008993618813317565,0.0012800441591442524,-0.07554163950339987
2015-06-29,SP500,Mild Buy,0.5844353174442641,2057.64,False,True,0.02493633483019379,0.012844812503645095,-0.05777492661495689
2015-06-30,SP500,Strong Buy,1.0,2063.11,False,True,0.02146759019150698,0.011119135673812862,-0.06343336031525226
2015-07-01,SP500,Strong Buy,1.0,2077.42,False,True,0.022561638956012695,0.002873756871503981,-0.07031799058447505
2015-07-02,SP500,Strong Buy,1.0,2076.78,False,True,0.024008320573194884,0.007107156270765204,-0.09390017238224568
2015-07-06,SP500,Strong Buy,1.0,2068.76,False,True,0.028770857905218574,0.016280283841528177,-0.08926603375935356
2015-07-07,SP500,Strong Buy,1.0,2081.34,False,True,0.018195008984596407,0.007485562185899433,-0.07750295482717873
2015-07-08,SP500,Hold,-0.3117991246256657,2046.68,True,False,0.032965583286102385,0.016089471729825895,-0.0600289248929975
2015-07-09,SP500,Hold,0.03934416562928822,2051.31,True,False,0.02478416231578852,-0.007595146516128683,-0.04872496112240473
2015-07-10,SP500,Strong Buy,1.0,2076.62,False,True,0.001459101809671582,-0.050914466777744506,-0.043132590459496654
2015-07-13,SP500,Strong Buy,1.0,2099.6,False,True,-0.015221947037530976,-0.09829967612878637,-0.0570013335873499
2015-07-14,SP500,Strong Buy,1.0,2108.95,False,True,-0.007444462884373655,-0.11443609379074893,-0.053638066336328456
2015-07-15,SP500,Strong Buy,1.0,2107.4,False,True,0.0005551864857170317,-0.07919236974470917,-0.044590490651988245
2015-07-16,SP500,Strong Buy,1.0,2124.29,False,True,-0.0073718748381811595,-0.06431796035381228,-0.05149955985293904
2015-07-17,SP500,Strong Buy,1.0,2126.64,False,True,-0.010721137569122996,-0.06478294398675845,-0.051339201745476355
2015-07-20,SP500,Strong Buy,1.0,2128.28,False,True,-0.014208656755690151,-0.07334561241941856,-0.058540229669028575
2015-07-21,SP500,Strong Buy,1.0,2119.21,False,True,-0.01221681664393801,-0.09690403499417241,-0.05897008791011746
2015-07-22,SP500,Strong Buy,1.0,2114.15,False,True,-0.006768677719177894,-0.07818272118818446,-0.042707471087671256
2015-07-23,SP500,Strong Buy,1.0,2102.15,False,True,-0.00884332706990469,-0.07184073448612134,-0.032842565944390355
2015-07-24,SP500,Strong Buy,1.0,2079.65,False,True,-0.0010001682975500335,-0.07618108816387376,-0.022114298079003683
2015-07-27,SP500,Mild Buy,0.5356626176755996,2067.64,False,True,0.017672322067671338,-0.047508270298504476,-0.017831924319513984
2015-07-28,SP500,Strong Buy,1.0,2093.25,False,True,-0.004385524901468929,-0.0722369521079661,-0.03549982085274093
2015-07-29,SP500,Strong Buy,1.0,2108.57,False,True,-0.010680224038092156,-0.07411658137979778,-0.026586738879904363
2015-07-30,SP500,Strong Buy,1.0,2108.63,False,True,-0.011969857205863634,-0.06998857077818306,-0.015877607735828483
2015-07-31,SP500,Strong Buy,1.0,2103.84,False,True,-0.0058464522016884275,-0.07168320784850567,-0.01552399422009293
2015-08-03,SP500,Strong Buy,1.0,2098.04,False,True,0.002097195477683977,-0.057172408533679074,-0.015323826047167876
2015-08-04,SP500,Strong Buy,0.9999999999999999,2093.32,False,True,0.0017197561767908914,-0.0468203619131333,-0.001418798845852643
2015-08-05,SP500,Strong Buy,1.0,2099.84,False,True,-0.009634067357512962,-0.05221350198110337,-0.0049670451081988585
2015-08-06,SP500,Strong Buy,0.9583556630285789,2083.56,False,True,-0.022955902397819083,-0.06024784503446024,-0.0020157806830615956
2015-08-07,SP500,Hold,0.3673578806276059,2077.57,False,True,-0.05134845035305672,-0.05323527005106934,0.012745659592697245
2015-08-10,SP500,Strong Buy,0.9999999999999999,2104.18,False,True,-0.10026233497134267,-0.07672347422748997,0.0026661217196248077
2015-08-11,SP500,Strong Buy,0.9464575639818933,2084.07,False,True,-0.10386407366355269,-0.06972414554213638,0.00875210525558152
2015-08-12,SP500,Strong Buy,1.0,2086.05,False,True,-0.06976822223820148,-0.07373265262098232,0.006653723544497808
2015-08-13,SP500,Strong Buy,0.7955520553045287,2083.39,False,True,-0.04594915018311492,-0.072982014889195,0.00758859359025432
2015-08-14,SP500,Strong Buy,1.0,2091.54,False,True,-0.0490882316379319,-0.10029451982749553,-0.006196391175879991
2015-08-17,SP500,Strong Buy,1.0,2102.44,False,True,-0.06195658377884743,-0.10385552025265887,-0.009855215844447525
2015-08-18,SP500,Strong Buy,1.0,2096.92,False,True,-0.08730423669000255,-0.08435705701695825,-0.010453426930927299
2015-08-19,SP500,Hold,0.37420696400520526,2079.61,False,True,-0.0628723654916067,-0.07491308466491323,-0.01617610994369141
2015-08-20,SP500,Strong Sell,-0.9,2035.73,True,False,-0.04155757394153444,-0.041444592357532735,-0.0062336360912301995
2015-08-21,SP500,Strong Sell,-0.75,1970.89,True,False,-0.025201812379178984,0.008199341414284843,0.041757784554186154
2015-08-24,SP500,Strong Sell,-0.75,1893.21,True,False,0.040249100733674575,0.04580051869576013,0.08304942399416865
2015-08-25,SP500,Strong Sell,-0.75,1867.61,True,False,0.03985307424997728,0.06865459062652268,0.11563977489947047
2015-08-26,SP500,Strong Sell,-0.75,1940.51,True,False,0.00607056907720134,0.03757775017907667,0.07252217200632813
2015-08-27,SP500,Mild Sell,-0.6,1987.66,True,False,-0.013387601501262855,0.013699526075888238,0.051070102532626296
2015-08-28,SP500,Strong Sell,-1.0,1988.87,True,False,-0.018020282874194854,0.014374996857512128,0.04913342752417215
2015-08-31,SP500,Strong Sell,-1.0,1972.18,True,False,0.0029966838726687493,0.015977243456479627,0.05930493159853553
2015-09-01,SP500,Strong Sell,-1.0,1913.85,True,False,0.04256341928573297,0.04200433680800486,0.09144917313269064
2015-09-02,SP500,Strong Sell,-1.0,1948.86,True,False,0.021212401096025443,0.03848403682152643,0.07247826934720823
2015-09-03,SP500,Strong Sell,-1.0,1951.13,True,False,0.0035364122329111145,0.0420166775150809,0.06625903963344305
2015-09-04,SP500,Strong Sell,-1.0,1921.22,True,False,0.023812993826839195,0.05852531204130711,0.09442437617763717
2015-09-08,SP500,Strong Sell,-1.0,1969.41,True,False,-0.013542126829862788,0.031156539268105625,0.05590506801529399
2015-09-09,SP500,Strong Sell,-1.0,1942.04,True,False,-0.0016889456447858812,0.03959753661098643,0.055395357459166614
2015-09-10,SP500,Strong Sell,-1.0,1952.29,True,False,-0.010269990626392573,0.051334586562447306,0.07140332635008123
2015-09-11,SP500,Strong Sell,-1.0,1961.05,True,False,-0.015150047168608672,0.05818311618775663,0.059162183524132585
2015-09-14,SP500,Strong Sell,-1.0,1953.03,True,False,-0.0364868947225593,0.06049574251291576,0.05660947348479039
2015-09-15,SP500,Strong Sell,-1.0,1978.09,False,False,-0.047520588042000114,0.044386251383910724,0.03515006900596028
2015-09-16,SP500,Strong Sell,-1.0,1995.31,False,False,-0.03772847326981771,0.047631696327888884,0.02852689557011195
2015-09-17,SP500,Strong Sell,-1.0,1990.2,False,False,-0.033353431815897956,0.049849261380765654,0.011139583961410836
2015-09-18,SP500,Strong Sell,-1.0,1958.03,False,False,-0.003406485089605406,0.06196534271691453,0.03263994933683349
2015-09-21,SP500,Strong Sell,-1.0,1966.97,False,False,0.010208594945525314,0.06969094597273988,0.038861802671113464
2015-09-22,SP500,Strong Sell,-1.0,1942.74,False,False,0.019137918609798566,0.08598680214542345,0.06708566251788718
2015-09-23,SP500,Strong Sell,-1.0,1938.76,False,False,0.029436340753883895,0.08435804328539889,0.05319379397140446
2015-09-24,SP500,Strong Sell,-1.0,1932.24,True,False,0.0420185898232104,0.08678528547178395,0.03794042147973334
2015-09-25,SP500,Strong Sell,-1.0,1931.34,True,False,0.04326011991674184,0.08691374900328265,0.046501392815351095
2015-09-28,SP500,Strong Sell,-1.0,1881.77,True,False,0.07210764333579558,0.10458770200396432,0.0835383707892038
2015-09-29,SP500,Strong Sell,-1.0,1884.09,True,False,0.06347892085834549,0.10489413987654511,0.0956429894537947
2015-09-30,SP500,Strong Sell,-1.0,1920.03,True,False,0.03865043775357679,0.08071228053728328,0.07341551954917361
2015-10-01,SP500,Strong Sell,-1.0,1923.82,False,False,0.05200070692684345,0.06349346612468947,0.06896695117006792
2015-10-02,SP500,Strong Sell,-1.0,1951.36,False,False,0.04189385864217777,0.03673335519842575,0.06508281403738943
2015-10-05,SP500,Strong Sell,-1.0,1987.05,False,False,0.023456883319493787,0.03328552376638741,0.038403663722603947
2015-10-06,SP500,Strong Sell,-1.0,1979.92,False,False,0.025682855872964518,0.035617600711139834,0.03233463978342558
2015-10-07,SP500,Strong Sell,-1.0,1995.83,False,False,0.011579142512137871,0.043966670508009204,0.008432581933331074
2015-10-08,SP500,Strong Sell,-1.0,2013.43,False,False,0.019409664105531434,0.03367884654544718,0.0016290608563495988
2015-10-09,SP500,Strong Sell,-1.0,2014.89,False,False,0.029907339854781147,0.03686553608385568,-0.012223992376755113
2015-10-12,SP500,Strong Sell,-1.0,2017.46,False,False,0.026627541562162224,0.03426585905048928,-0.03686318440018643
2015-10-13,SP500,Strong Sell,-1.0,2003.69,False,False,0.03104272617021586,0.042646317544130986,-0.040754807380383236
2015-10-14,SP500,Strong Sell,-1.0,1994.24,False,False,0.04819379813863923,0.04745166078305514,-0.03538691431322205
2015-10-15,SP500,Strong Sell,-1.0,2023.86,False,False,0.03238860395481899,0.032734477681262655,-0.042087891454942454
2015-10-16,SP500,Strong Sell,-1.0,2033.11,False,False,0.022748400234124187,0.023264850401601467,-0.07025197849599871
2015-10-19,SP500,Strong Sell,-1.0,2033.66,False,False,0.034612472094647136,0.03391422361653375,-0.054984609030024764
2015-10-20,SP500,Strong Sell,-1.0,2030.77,False,False,0.03891134889721632,0.024000748484565085,-0.07408027496959284
2015-10-21,SP500,Strong Sell,-1.0,2018.94,False,False,0.041293946328271214,0.015196092999296579,-0.0681595292579275
2015-10-22,SP500,Hold,-0.35187407591556097,2052.51,False,False,0.023103419715372695,0.019088822953359463,-0.09411890806865753
2015-10-23,SP500,Strong Buy,1.0,2075.15,False,True,0.01158952364889272,0.0009252343204106077,-0.09934703515408529
2015-10-26,SP500,Strong Buy,0.9152473536156879,2071.18,False,True,0.0035728425342075975,-0.0036645776803559764,-0.07931710425940756
2015-10-27,SP500,Mild Buy,0.49940551561642055,2065.89,False,True,0.007662557057732952,-0.00884364607989776,-0.09139402388316897
2015-10-28,SP500,Strong Buy,1.0,2090.35,False,True,-0.007343267873800995,-0.018236180543927998,-0.0893247542277608
2015-10-29,SP500,Strong Buy,1.0,2089.41,False,True,-0.02079055810013345,-0.03687165276322022,-0.09881258345657377
2015-10-30,SP500,Strong Buy,1.0,2079.36,False,True,-0.027085257002154587,-0.027614265927977874,-0.08945060018467231
2015-11-02,SP500,Strong Buy,1.0,2104.05,False,True,-0.02417242936242015,-0.02882060787528818,-0.07785461372115689
2015-11-03,SP500,Strong Buy,1.0,2109.79,False,True,-0.02813076182937634,-0.017404575810862598,-0.08077107200242671
2015-11-04,SP500,Strong Buy,1.0,2102.31,False,True,-0.008909247446856085,-0.028739814775175804,-0.09479096803040464
2015-11-05,SP500,Strong Buy,1.0,2099.93,False,True,-0.008900296676555912,-0.04494435528803336,-0.08924106994042653
2015-11-06,SP500,Strong Buy,0.9999999999999999,2099.2,False,True,-0.004778010670731587,-0.0371808307926828,-0.08753334603658526
2015-11-09,SP500,Strong Buy,0.9999999999999999,2078.58,False,True,0.003853592356320285,-0.019056278805723092,-0.09551232091139142
2015-11-10,SP500,Strong Buy,0.9999999999999999,2081.72,False,True,0.003564360240570333,-0.008372883961339584,-0.10965932017754539
2015-11-11,SP500,Strong Buy,0.9257173293116859,2075.0,False,True,0.006684337349397538,-0.006751807228915768,-0.10736867469879516
2015-11-12,SP500,Strong Sell,-1.0,2045.97,False,False,0.02157411887759845,0.005146703030836216,-0.09487431389512072
2015-11-13,SP500,Strong Sell,-0.75,2023.04,False,False,0.028358312242961033,0.027344985763998814,-0.09587551407782349
2015-11-16,SP500,Strong Sell,-0.8140046777546672,2053.19,False,False,0.024079602959297508,0.004953267841748729,-0.09176452252348788
2015-11-17,SP500,Strong Sell,-1.0,2050.44,False,False,0.014177444841107355,-0.003170051306061138,-0.07552525311640435
2015-11-18,SP500,Strong Buy,0.9999999999999999,2083.58,False,True,-0.01629887021376671,-0.034037569951717646,-0.07523589207037887
2015-11-19,SP500,Strong Buy,0.9999999999999999,2081.24,False,True,0.005021045146162996,-0.031005554381041953,-0.07851569256789216
2015-11-20,SP500,Strong Buy,0.9999999999999999,2089.17,False,True,-0.005791773766615407,-0.047344160599664016,-0.08203736412067955
2015-11-23,SP500,Strong Buy,0.9999999999999999,2086.59,False,True,-0.011022769207175343,-0.06877249483607235,-0.06761750032349438
2015-11-24,SP500,Strong Buy,0.9999999999999999,2089.14,False,True,-0.019874206611332886,-0.07998985228371479,-0.08035363833922088
2015-11-25,SP500,Strong Buy,1.0,2088.87,False,True,-0.017540584143579962,-0.07908582152072643,-0.0761512205163557
2015-11-27,SP500,Strong Buy,0.9999999999999999,2090.11,False,True,-0.03719421465855875,-0.07245073225811084,-0.06622139504619377
2015-11-30,SP500,Strong Buy,0.9999999999999999,2080.41,False,True,-0.02810503698790133,-0.09139063934512903,-0.06362207449493125
2015-12-01,SP500,Strong Buy,1.0,2102.63,False,True,-0.028164727032335704,-0.08598279297831772,-0.08104136248412706
2015-12-02,SP500,Strong Buy,1.0,2079.51,False,True,-0.0030968834004164703,-0.0957821794557373,-0.048646075277349134
2015-12-03,SP500,Strong Sell,-0.9,2049.62,False,False,-0.0037714308018070622,-0.08210790292834769,-0.03082034718630763
2015-12-04,SP500,Strong Buy,1.0,2091.69,False,True,-0.041182010718605576,-0.1110872069953005,-0.04699071086059596
2015-12-07,SP500,Strong Buy,1.0,2077.07,False,True,-0.02692253992402763,-0.10017957988897828,-0.0371099674060095
2015-12-08,SP500,Hold,0.04859098614978993,2063.59,False,False,-0.011930664521537765,-0.07593078082371016,-0.029962347171676618
2015-12-09,SP500,Strong Sell,-0.75,2047.62,False,False,0.008141159004112128,-0.08328693800607534,-0.033385100751115886
2015-12-10,SP500,Mild Sell,-0.687019631935591,2052.23,False,False,0.00426852740677203,-0.07240903797332653,-0.030683695297310742
2015-12-11,SP500,Strong Sell,-0.95,2012.37,True,False,0.021929366865934254,-0.06431222886447316,-0.011329924417477877
2015-12-14,SP500,Strong Sell,-0.95,2021.94,False,False,0.027903894279751165,-0.0635923914656222,0.00012364362938563952
2015-12-15,SP500,Strong Sell,-0.7999999999999999,2043.41,False,False,0.009763092086267584,-0.05048913336041229,-0.011632516235116781
2015-12-16,SP500,Mild Buy,0.5085859373549688,2073.07,False,True,-0.014051623920079933,-0.06448889810763749,-0.02756298629568712
2015-12-17,SP500,Strong Sell,-1.0,2041.89,False,False,-0.014315168789699748,-0.06800562224213846,-0.0071845202239102365
2015-12-18,SP500,Strong Sell,-0.95,2005.55,False,False,0.0055645583505771895,-0.04638129191493604,0.01747151654159705
2015-12-21,SP500,Strong Sell,-0.95,2021.15,False,False,-0.015283378274744625,-0.05229695965168347,0.01406624941246312
2015-12-22,SP500,Strong Sell,-0.95,2038.97,False,False,-0.047023742379731,-0.07794131350632921,0.006194303986816815
2015-12-23,SP500,Hold,0.18775517411881334,2064.29,False,True,-0.06891473581715747,-0.10214165645330836,-0.007019362589558532
2015-12-24,SP500,Hold,0.023659120060460948,2060.99,False,False,-0.06662817383878608,-0.10130083115395988,-0.011780746146269389
2015-12-28,SP500,Hold,-0.22451109710928607,2056.5,False,False,-0.057291514709457786,-0.09950887430099689,-0.009997568684658373
2015-12-29,SP500,Strong Buy,0.9769693641391962,2078.36,False,True,-0.090494428299236,-0.11994072249273474,-0.019876248580611718
2015-12-30,SP500,Hold,0.16419299196378176,2063.36,False,True,-0.0685871588089331,-0.09624108250620354,-0.004046797456575638
2015-12-31,SP500,Strong Sell,-0.95,2043.94,False,False,-0.08004638100922734,-0.07258530093838376,0.009789915555251017
2016-01-04,SP500,Strong Sell,-0.95,2012.66,False,False,-0.06525195512406474,-0.0426500253396004,0.02339192908886732
2016-01-05,SP500,Strong Sell,-0.95,2016.71,False,False,-0.07803799257206048,-0.049030351413936614,0.027802708371555733
2016-01-06,SP500,Strong Sell,-0.95,1990.26,False,False,-0.060931737561926574,-0.036417352506707676,0.038120647553586025
2016-01-07,SP500,Strong Sell,-0.95,1943.09,True,False,-0.018624973624484623,0.0012402925237637382,0.05253488001070468
2016-01-08,SP500,Strong Sell,-0.95,1922.03,True,False,-0.023386731736757514,-0.00039541526406975487,0.07524856531895958
2016-01-11,SP500,Strong Sell,-0.95,1923.67,True,False,-0.010417587216102534,0.0031866172472408893,0.06146584393373084
2016-01-12,SP500,Strong Sell,-1.0,1938.68,False,False,-0.02874636350506531,0.006715909794293014,0.056182557203870595
2016-01-13,SP500,Strong Sell,-1.0,1890.28,True,False,0.0016293882387794017,0.03056160992022345,0.0802579512029964
2016-01-14,SP500,Strong Sell,-1.0,1921.84,False,False,0.009574158098488996,0.005406277317570714,0.07278441493568658
2016-01-15,SP500,Strong Sell,-1.0,1880.33,True,False,0.031404062052937616,0.052129147543250376,0.1074758154153793
2016-01-19,SP500,Strong Sell,-1.0,1881.33,True,False,0.011534393221816505,0.05587536476854147,0.10707850297396006
2016-01-20,SP500,Strong Sell,-1.0,1859.33,True,False,0.02861245717543419,0.07210661905094855,0.11907515072633695
2016-01-21,SP500,Strong Sell,-1.0,1868.99,True,False,0.024858345951556744,0.07009133275191413,0.12057314378354092
2016-01-22,SP500,Strong Sell,-1.0,1906.9,False,False,-0.014080444700823397,0.04974566049609308,0.1016833604279197
2016-01-25,SP500,Strong Sell,-1.0,1877.08,False,False,-0.01259402902380286,0.054435612760244674,0.12003750506105236
2016-01-26,SP500,Strong Sell,-1.0,1903.63,False,False,-0.02701155161454698,0.044982480839238656,0.0986798905249444
2016-01-27,SP500,Strong Sell,-1.0,1882.95,False,False,-0.016511325314002043,0.05662391460208709,0.11079954326986902
2016-01-28,SP500,Strong Sell,-1.0,1893.36,False,False,-0.03395022605315417,0.0680430557316095,0.10269045506401323
2016-01-29,SP500,Strong Sell,-1.0,1940.24,False,False,-0.03889209582319715,0.04092277244052287,0.07806250773100225
2016-02-01,SP500,Strong Sell,-1.0,1939.38,False,False,-0.022584537326362127,0.0394713774505254,0.08031948354628797
2016-02-02,SP500,Strong Sell,-1.0,1903.03,False,False,0.012501116640305178,0.06525908682469539,0.09079205267389373
2016-02-03,SP500,Strong Sell,-1.0,1912.53,False,False,0.002771198360287135,0.06695842679591951,0.0798784855662396
2016-02-04,SP500,Strong Sell,-1.0,1915.45,False,False,0.0012164243389281512,0.07002532042078878,0.08665326685635218
2016-02-05,SP500,Strong Sell,-1.0,1880.05,False,False,0.034812903912130023,0.09124757320284033,0.0975080449988032
2016-02-08,SP500,Strong Sell,-1.0,1853.44,True,False,0.036596814571823164,0.10594354281767962,0.1066557320441988
2016-02-09,SP500,Strong Sell,-1.0,1852.21,True,False,0.04189049837761372,0.09961073528379612,0.10712608181577686
2016-02-10,SP500,Strong Sell,-1.0,1851.86,True,False,0.053913362781203844,0.09940276262784453,0.11085071225686606
2016-02-11,SP500,Strong Sell,-1.0,1829.08,True,False,0.06504362849082601,0.11370197038948544,0.1255330548691146
2016-02-12,SP500,Strong Sell,-1.0,1864.78,False,False,0.0361704865989554,0.102012033591094,0.11776724332092789
2016-02-16,SP500,Strong Sell,-1.0,1895.58,False,False,0.04366473585920931,0.08882241846822603,0.08909146540900416
2016-02-17,SP500,Strong Sell,-1.0,1926.82,False,False,0.030947364050611947,0.0689841292907484,0.07125211488359068
2016-02-18,SP500,Strong Sell,-1.0,1917.83,False,False,0.039403909627026466,0.08079443954886527,0.06714880880995708
2016-02-19,SP500,Strong Sell,-1.0,1917.78,False,False,0.042867273618454695,0.07735506679598293,0.07763142800529774
2016-02-22,SP500,Strong Sell,-1.0,1945.5,False,False,0.02891801593420714,0.05123104600359808,0.05227961963505527
2016-02-23,SP500,Strong Sell,-1.0,1921.27,False,False,0.03018316009722736,0.07567390319944614,0.06576899654915766
2016-02-24,SP500,Strong Sell,-1.0,1929.8,False,False,0.030811483055238904,0.05809410301585663,0.057125090682972335
2016-02-25,SP500,Strong Sell,-1.0,1951.7,False,False,0.019403596864272118,0.049136650099912825,0.05155505456781274
2016-02-26,SP500,Strong Sell,-1.0,1948.05,False,False,0.03805857139190478,0.04822258155591492,0.051328251328251334
2016-02-29,SP500,Strong Sell,-1.0,1932.23,False,False,0.04523788575894178,0.06701583144863696,0.0744373081879486
2016-03-01,SP500,Strong Sell,-1.0,1978.35,False,False,0.01899562766952266,0.05260444309651991,0.056708873556246396
2016-03-02,SP500,Strong Sell,-1.0,1986.45,False,False,0.020524050441742797,0.04849354375896708,0.052178509401193014
2016-03-03,SP500,Strong Sell,-1.0,1993.4,False,False,0.023673121300290874,0.04380957158623454,0.0530049162235376
2016-03-04,SP500,Strong Sell,-1.0,1999.99,False,False,0.024795123975619837,0.04717523587617945,0.04848024240121191
2016-03-07,SP500,Strong Sell,-1.0,2001.76,False,False,0.024898089681080607,0.04947646071457127,0.048742106945887584
2016-03-08,SP500,Strong Sell,-1.0,1979.26,False,False,0.03563958247021624,0.062215171326657485,0.06366015581581007
2016-03-09,SP500,Strong Sell,-1.0,1989.26,False,False,0.023853091099202743,0.051385942511285615,0.055231593657943216
2016-03-10,SP500,Strong Sell,-1.0,1989.57,False,False,0.023306543625004457,0.05127238549033208,0.060234120940705745
2016-03-11,SP500,Hold,0.18500419765440398,2022.19,False,True,0.007348468739337006,0.032440077341891665,0.04447653286783144
2016-03-14,SP500,Hold,0.06418529366425893,2019.64,False,True,0.017513022122754608,0.03567962607197308,0.049256303103523295
2016-03-15,SP500,Hold,-0.15178914164593596,2015.93,False,False,0.02382027153720603,0.039296999399780756,0.049381674958951925
2016-03-16,SP500,Mild Buy,0.6382242588487185,2027.22,False,True,0.0160416728327462,0.023968784838350014,0.03396276674460598
2016-03-17,SP500,Strong Buy,1.0,2040.59,False,True,0.015774849430802016,0.012109242915039408,0.018852390730131986
2016-03-18,SP500,Strong Buy,1.0,2049.58,False,True,0.008074825086115293,0.015539769123430122,0.0125586705568947
2016-03-21,SP500,Strong Buy,1.0,2051.6,False,True,-0.003134139208422615,0.005736985767206075,0.009699746539286456
2016-03-22,SP500,Strong Buy,1.0,2049.8,False,True,0.008225192701726837,0.000643965264903751,0.013752561225485217
2016-03-23,SP500,Strong Buy,1.0,2036.71,False,True,0.002553137167294335,0.0068345518016801965,0.016943993008331947
2016-03-24,SP500,Strong Buy,1.0,2035.94,False,True,0.005727084295214915,0.010412880536754432,0.02323742349971018
2016-03-28,SP500,Strong Buy,1.0,2037.05,False,True,0.002425075476792447,0.010623205125058344,0.025453474386981242
2016-03-29,SP500,Strong Buy,1.0,2055.01,False,True,0.0032651909236449364,0.014296767412323858,0.01481257998744512
2016-03-30,SP500,Strong Buy,1.0,2063.95,False,True,0.008948860195256793,0.00024709900918152975,0.02392015310448429
2016-03-31,SP500,Strong Buy,1.0,2059.74,False,True,0.011185877829240787,0.0021216270014663727,-0.01084117412877339
2016-04-01,SP500,Strong Buy,1.0,2072.78,False,True,0.0038354287478650976,-0.012625556016557618,-0.03485174499946942
2016-04-04,SP500,Strong Buy,1.0,2066.13,False,True,0.013653545517465036,0.0002565182248937605,-0.014539259388325124
2016-04-05,SP500,Strong Buy,1.0,2045.17,False,True,0.027200672804705773,0.0009974720927844452,0.01251729685062851
2016-04-06,SP500,Strong Buy,1.0,2066.66,False,True,0.017293604172916803,-0.00920809421965865,0.015580695421598267
2016-04-07,SP500,Strong Buy,1.0,2041.91,False,True,0.0242762903360089,-0.0009158092178402173,0.029893580030461546
2016-04-08,SP500,Strong Buy,1.0,2047.6,False,True,0.02147880445399493,0.002305137722211494,0.01999902324672801
2016-04-11,SP500,Strong Buy,1.0,2041.99,False,True,0.022429101024001075,0.0029627960959651882,0.02827633827785641
2016-04-12,SP500,Strong Buy,1.0,2061.72,False,True,0.014541256814698417,0.006955357662534266,0.017548454688318633
2016-04-13,SP500,Strong Buy,1.0,2082.42,False,True,0.006113079974260725,0.003899309457266013,0.022800395693472027
2016-04-14,SP500,Strong Buy,1.0,2082.78,False,True,-0.0033464888274326882,0.003514533460086859,0.026109334639280023
2016-04-15,SP500,Strong Buy,1.0,2080.73,False,True,-0.00741566661700453,0.008809408236532337,0.03431968587947492
2016-04-18,SP500,Strong Buy,1.0,2094.34,False,True,-0.006164233123561747,0.0012462159916726378,0.02773666166906982
2016-04-19,SP500,Strong Buy,1.0,2100.8,False,True,-0.017817022086824202,-0.0006997334348820709,0.029964775323686126
2016-04-20,SP500,Strong Buy,1.0,2102.4,False,True,-0.024391171993911814,0.0013603500761035614,0.02822488584474871
2016-04-21,SP500,Strong Buy,1.0,2091.48,False,True,-0.019531623539311833,0.003657696941878522,0.03605580737085693
2016-04-22,SP500,Strong Buy,1.0,2091.58,False,True,-0.016466020902858154,0.008524656001682904,0.034519358571032555
2016-04-25,SP500,Strong Buy,1.0,2087.79,False,True,-0.01393818343798941,0.011658260648820114,0.0408230712859052
2016-04-26,SP500,Strong Buy,1.0,2091.7,False,True,-0.003494765023664936,0.01310895443897312,0.035124539847970676
2016-04-27,SP500,Strong Buy,1.0,2095.15,False,True,-0.014648115886690715,0.009703362527742608,0.03812614848578866
2016-04-28,SP500,Strong Buy,1.0,2075.81,False,True,-0.005636354001570384,0.009760045476223845,0.04464281413038769
2016-04-29,SP500,Strong Buy,1.0,2065.3,False,True,-0.00904953275553202,0.006662470343291416,0.05029777756258154
2016-05-02,SP500,Strong Buy,1.0,2081.43,False,True,-0.0070960829814118095,-0.002935481856223689,0.040909374804821735
2016-05-03,SP500,Strong Buy,1.0,2063.37,False,True,-0.007831847899310282,0.003940156152313986,0.0517066740332563
2016-05-04,SP500,Strong Buy,1.0,2051.12,False,True,-0.001701509419244014,0.013100159912633046,0.05971371738367332
2016-05-05,SP500,Strong Buy,1.0,2050.63,False,True,-0.005164266591242762,0.010040816724616186,0.058621009153284616
2016-05-06,SP500,Strong Buy,1.0,2057.14,False,True,-0.0023430588098037612,0.012692378739414978,0.048557706330147846
2016-05-09,SP500,Strong Buy,1.0,2058.69,False,True,-0.0051731926613526515,0.014674380309808681,0.051051882507808316
2016-05-10,SP500,Strong Buy,1.0,2084.39,False,True,-0.003996373039594283,0.0005085420674633565,0.03831336746002434
2016-05-11,SP500,Strong Buy,1.0,2064.46,False,True,0.012632843455431409,0.023667205952161884,0.05735640312720995
2016-05-12,SP500,Strong Buy,1.0,2064.11,False,True,0.012591383211165964,-0.012935357127284905,0.056576442146978476
2016-05-13,SP500,Strong Buy,1.0,2046.61,False,True,0.025627745393602127,-0.022510395238956097,0.06602625805600475
2016-05-16,SP500,Strong Buy,1.0,2066.66,False,True,0.014656498891931893,-0.014791983199945777,0.052659847289829934
2016-05-17,SP500,Strong Buy,1.0,2047.21,False,True,0.025459039375540317,0.011508345504369334,0.06769212733427442
2016-05-18,SP500,Strong Buy,1.0,2047.63,False,True,0.02814473317933421,0.025019168502121974,0.06662336457270115
2016-05-19,SP500,Strong Buy,1.0,2040.04,False,True,0.02896511833101319,0.030837630634693365,0.07358189055116572
2016-05-20,SP500,Strong Buy,1.0,2052.32,False,True,0.02781729944647993,0.017653192484602797,0.06131110158259916
2016-05-23,SP500,Strong Buy,1.0,2048.04,False,True,0.031293334114568146,0.0252387648678737,0.06551629850979465
2016-05-24,SP500,Strong Buy,1.0,2076.06,False,True,0.020741211718351082,0.010519927169735049,0.053447395547334874
2016-05-25,SP500,Strong Buy,1.0,2090.54,False,True,0.011929931979297242,0.01882767131937209,0.0446439675873219
2016-05-26,SP500,Strong Buy,0.7999999999999999,2090.1,False,True,0.002856322663987491,0.022515669106741278,0.044275393521841046
2016-05-27,SP500,Strong Buy,0.7999999999999999,2099.06,False,True,-0.00952807447143007,0.02528750964717537,0.041847303078520935
2016-05-31,SP500,Strong Buy,0.7999999999999999,2096.95,False,True,-0.010314981282338471,0.026457473950261105,0.0374305538997116
2016-06-01,SP500,Strong Buy,0.7999999999999999,2099.33,False,True,-0.013256610442379201,0.030685980765291818,0.03483968694774041
2016-06-02,SP500,Strong Buy,1.0,2105.26,False,True,-0.012953269429904352,0.026828040242060154,0.030295545443318042
2016-06-03,SP500,Strong Buy,1.0,2099.13,False,True,-0.013295984526923205,0.032280039826023045,0.03870651174534211
2016-06-06,SP500,Strong Buy,1.0,2109.41,False,True,-0.012401572003545948,0.02577497973366977,0.03162495674145853
2016-06-07,SP500,Strong Buy,1.0,2112.13,False,True,-0.010998376046928937,0.028828717929294062,0.027848664618181508
2016-06-08,SP500,Strong Buy,1.0,2119.12,False,True,-0.015888670768998487,0.021730718411416147,0.02441579523575835
2016-06-09,SP500,Strong Buy,1.0,2115.48,False,True,-0.0010210448692494632,0.0281496397980601,0.030489534290090194
2016-06-10,SP500,Strong Buy,1.0,2096.07,False,True,-0.027985706584226708,0.03454560200756647,0.04313310147084775
2016-06-13,SP500,Strong Buy,1.0,2079.06,False,True,-0.03776706780949082,0.04334651236616543,0.05151366482929781
2016-06-14,SP500,Strong Buy,0.9999999999999999,2075.32,False,True,-0.018903108918142862,0.04397394136807806,0.05106682342963977
2016-06-15,SP500,Strong Buy,1.0,2071.5,False,True,-0.0003524016413227218,0.04757904899831038,0.027183200579290343
2016-06-16,SP500,Strong Buy,0.9999999999999999,2077.99,False,True,0.010043359207696065,0.04601080852169651,0.039004037555522494
2016-06-17,SP500,Strong Buy,0.9999999999999999,2071.22,False,True,0.015319473546991638,0.048097256689294404,0.02694064367860497
2016-06-20,SP500,Strong Buy,0.9999999999999999,2083.25,False,True,0.00254410176407065,0.0354158166326654,0.020410416416656658
2016-06-21,SP500,Strong Buy,1.0,2088.9,False,True,0.005184546890707993,0.03585140504571778,0.027938149265163543
2016-06-22,SP500,Strong Buy,0.9999999999999999,2085.45,False,True,0.005969934546500887,0.03778560982042254,0.025754633292574762
2016-06-23,SP500,Strong Buy,0.9999999999999999,2113.32,False,True,0.007845475365775144,0.03291030227320033,0.012208278916586095
2016-06-24,SP500,Strong Buy,0.9845300306467442,2037.41,True,True,0.04895921783048074,0.070422742599673,0.05023534781904483
2016-06-27,SP500,Strong Sell,-0.9,2000.54,False,False,0.0757795395243284,0.09057554460295711,0.08126805762444136
2016-06-28,SP500,Strong Buy,1.0,2036.09,False,True,0.0571389280434558,0.06846455706771305,0.06929457931623843
2016-06-29,SP500,Strong Buy,1.0,2070.77,False,True,0.044901172027796435,0.055544555889838074,0.04535510945203961
2016-06-30,SP500,Strong Buy,1.0,2098.86,False,True,0.029959120665503963,0.04058870053267014,0.02250745642872787
2016-07-01,SP500,Strong Buy,1.0,2102.95,False,True,0.030404907391996985,0.041465560284362574,0.027095270928933175
2016-07-05,SP500,Strong Buy,1.0,2088.55,False,True,0.036020205405664224,0.042900576955303873,0.039654305618730554
2016-07-06,SP500,Strong Buy,1.0,2099.73,False,True,0.03490448771984968,0.039286003438537234,0.02447933781962447
2016-07-07,SP500,Strong Buy,1.0,2097.9,False,True,0.03206539873206539,0.04248057581390909,0.03354306687640016
2016-07-08,SP500,Strong Buy,0.9999999999999999,2129.9,False,True,0.02118878820601911,0.02533921780365266,0.01469552561153093
2016-07-11,SP500,Strong Buy,1.0,2137.16,False,True,0.014654962660727399,0.02128057796327838,0.006237249433828037
2016-07-12,SP500,Strong Buy,1.0,2152.14,False,True,0.007917700521341532,0.01615136561747852,0.0035267222392595956
2016-07-13,SP500,Strong Buy,1.0,2152.43,False,True,0.006573965239287731,0.01069024312056616,0.0038746904661244017
2016-07-14,SP500,Strong Buy,1.0,2163.75,False,True,0.002916233391103383,0.004030040439052478,-0.004626227614095999
2016-07-15,SP500,Strong Buy,1.0,2161.74,False,True,0.005486321204215183,0.003376909341549022,0.0008881734158594803
2016-07-18,SP500,Strong Buy,1.0,2166.89,False,True,0.001822889025285212,0.006225512139518036,-0.0139185653171134
2016-07-19,SP500,Strong Buy,1.0,2163.78,False,True,-0.0031195408035937107,0.005702982743162285,-0.011368993150875025
2016-07-20,SP500,Strong Buy,1.0,2173.02,False,True,-0.004247544891441413,-0.0009525913245161865,-0.01862385067785837
2016-07-21,SP500,Strong Buy,1.0,2165.17,False,True,-0.00042490889860845695,0.002627969166393426,-0.014867192876309969
2016-07-22,SP500,Strong Buy,1.0,2175.03,False,True,0.0036045479832460658,0.002275830678197458,-0.022312335921803466
2016-07-25,SP500,Strong Buy,1.0,2168.48,False,True,0.005722902678373725,0.008300745222459972,-0.013318084556924716
2016-07-26,SP500,Strong Buy,1.0,2169.18,False,True,0.005790206437455604,0.007827842779299099,-0.011474382024543778
2016-07-27,SP500,Strong Buy,1.0,2166.58,False,True,0.004112472191195273,0.006794117918563014,-0.011649696757100952
2016-07-28,SP500,Strong Buy,1.0,2170.06,False,True,0.007248647502834032,-0.01946950775554593,-0.01331760412154507
2016-07-29,SP500,Strong Buy,1.0,2173.6,False,True,0.004807692307692434,-0.00669856459330141,-0.010245675377254317
2016-08-01,SP500,Strong Buy,1.0,2170.84,False,True,0.008895174218274928,-0.020185734554366126,-0.012750824565606073
2016-08-02,SP500,Strong Buy,1.0,2157.03,False,True,0.009791240733786684,-0.014492148926996943,-0.00815936727815578
2016-08-03,SP500,Strong Buy,1.0,2163.79,False,True,0.008517462415483868,-0.007639373506671048,-0.0142111757610489
2016-08-04,SP500,Strong Buy,1.0,2164.25,False,True,0.010520965692503168,-0.01159293057641222,-0.017484116899618873
2016-08-05,SP500,Strong Buy,1.0,2182.87,False,True,0.0004581124849395521,-0.020042421216105402,-0.025984140145771304
2016-08-08,SP500,Strong Buy,1.0,2180.89,False,True,0.0008024246981736815,-0.01885927304907614,-0.03171640935581349
2016-08-09,SP500,Strong Buy,1.0,2181.74,False,True,0.00236508474887031,-0.008534472485264006,-0.038409709681263456
2016-08-10,SP500,Strong Buy,1.0,2175.49,False,True,-2.2983327893820314e-05,0.0007768364828153909,-0.03991284722062613
2016-08-11,SP500,Strong Buy,1.0,2185.79,False,True,-0.006093906550949617,-0.009653260377254865,-0.04602912448130888
2016-08-12,SP500,Strong Buy,1.0,2184.05,False,True,-0.006872553284036637,-0.01737597582472941,-0.024051647169249877
2016-08-15,SP500,Strong Buy,1.0,2190.15,False,True,-0.004460881674771126,-0.013798141679793737,-0.023098874506312417
2016-08-16,SP500,Strong Buy,1.0,2178.15,False,True,-0.0009319835640337901,-0.0031127332828318525,-0.006836076486926921
2016-08-17,SP500,Strong Buy,1.0,2182.22,False,True,-0.005164465544262257,-0.014246959518288575,-0.006754589363125525
2016-08-18,SP500,Strong Buy,1.0,2187.02,False,True,-0.007389049940101076,-0.008573309800550521,-0.010319978783916089
2016-08-19,SP500,Strong Buy,1.0,2183.87,False,True,-0.0017812415574186525,-0.010380654526139411,-0.009006946384171252
2016-08-22,SP500,Strong Buy,1.0,2182.64,False,True,0.0017593373162776023,-0.014729868416229929,-0.0010308617087563686
2016-08-23,SP500,Strong Buy,1.0,2186.9,False,True,-0.0003383785266817122,-0.012423979148566496,-0.004554392061822688
2016-08-24,SP500,Strong Buy,1.0,2175.44,False,True,0.0026937079395433234,-0.006743463391313974,0.0053690287941748965
2016-08-25,SP500,Strong Buy,1.0,2172.47,False,True,-0.02055724589982824,-0.008621522966945468,0.004340681344276465
2016-08-26,SP500,Strong Buy,1.0,2169.04,False,True,-0.004610334525873197,-0.0024803599749198308,0.013434514808394438
2016-08-29,SP500,Strong Buy,1.0,2180.38,False,True,-0.024472798319559032,-0.020019446151588297,0.010346820279033905
2016-08-30,SP500,Strong Buy,1.0,2176.12,False,True,-0.023137510799036778,-0.01697516681065385,0.013142657574030802
2016-08-31,SP500,Strong Buy,0.9999999999999999,2170.95,False,True,-0.010912273428683112,-0.0176881088924202,0.019530620235380866
2016-09-01,SP500,Strong Buy,0.9999999999999999,2170.86,False,True,-0.014602507761900939,-0.017449305805072694,0.014215564338556919
2016-09-02,SP500,Strong Buy,1.0,2179.98,False,True,-0.018743291222855313,-0.024532335159038163,0.01132120478169517
2016-09-06,SP500,Strong Buy,0.9999999999999999,2186.48,False,True,-0.021367677728586495,-0.021440854707109193,0.0056392009073945
2016-09-07,SP500,Strong Buy,0.9999999999999999,2186.16,False,True,-0.010539027335602136,-0.019152303582537368,0.002250521462290076
2016-09-08,SP500,Strong Buy,0.9999999999999999,2181.3,False,True,-0.0018887819190392635,-0.0183193508458259,0.004882409572273248
2016-09-09,SP500,Strong Buy,1.0,2127.81,False,True,0.017332374601115752,0.0062740564242107656,0.0361404448705477
2016-09-12,SP500,Strong Buy,1.0,2159.04,False,True,-0.005993404476063461,-0.0035710315695864996,0.024635949310804827
2016-09-13,SP500,Strong Buy,1.0,2127.02,False,True,0.015472350988707136,0.007588080977141669,0.053751257628042955
2016-09-14,SP500,Strong Buy,1.0,2125.77,False,True,0.021451050678107184,0.006425906847871527,0.05664770883021215
2016-09-15,SP500,Strong Buy,1.0,2147.26,False,True,0.001802296880675787,-0.006622393189460174,0.052285237931130824
2016-09-16,SP500,Strong Buy,1.0,2139.16,False,True,0.013608145253277047,-0.0059602834757568396,0.055068344583855434
2016-09-19,SP500,Strong Buy,1.0,2139.12,False,True,0.010322001570739337,-0.006063240958898894,0.06198810725905976
2016-09-20,SP500,Strong Buy,1.0,2139.76,False,True,0.005014581074512825,-0.013104273376453628,0.053052678805099625
2016-09-21,SP500,Strong Buy,1.0,2163.12,False,True,-0.001567180738932594,-0.03013240134620356,0.04572561855098206
2016-09-22,SP500,Strong Buy,0.9999999999999999,2177.18,False,True,-0.007537272986156338,-0.04065809900880955,0.037153565621584034
2016-09-23,SP500,Strong Buy,1.0,2164.69,False,True,-0.005058461026752225,-0.03673043253306488,0.045198157703874524
2016-09-26,SP500,Strong Buy,1.0,2146.1,False,True,0.008182284143329737,-0.00679371883882388,0.05808676203345618
2016-09-27,SP500,Strong Buy,1.0,2159.93,False,True,-0.010741088831582422,-0.009430861185316141,0.04872843101396805
2016-09-28,SP500,Strong Buy,1.0,2171.37,False,True,-0.01482474198317194,-0.003734969166931326,0.041259665556768375
2016-09-29,SP500,Strong Buy,1.0,2151.13,False,True,-0.008637320849971842,0.0076006563991947995,0.05237247400203607
2016-09-30,SP500,Strong Buy,1.0,2168.27,False,True,-0.016275648327929625,-0.001761773210900932,0.046401047839983084
2016-10-03,SP500,Strong Buy,1.0,2161.2,False,True,-0.0160558948732185,0.00138811771238201,0.04105126781417743
2016-10-04,SP500,Strong Buy,1.0,2150.49,False,True,-0.005063962166761935,0.013903807969346565,0.04592906732884154
2016-10-05,SP500,Strong Buy,1.0,2159.73,False,True,-0.00714904177837047,0.00796858866617588,0.03662494848893144
2016-10-06,SP500,Strong Buy,1.0,2160.77,False,True,-0.008992164830129924,0.01219472687976967,0.0449191723320853
2016-10-07,SP500,Strong Buy,0.9999999999999999,2153.74,False,True,-0.0058410021636780335,0.013074930121556135,0.054328749059775194
2016-10-10,SP500,Strong Buy,0.9999999999999999,2163.66,False,True,-0.005698677241341028,0.015954447556455257,0.04868602275773465
2016-10-11,SP500,Strong Buy,0.9999999999999999,2136.73,False,True,0.003009271176049307,0.030986601021186597,0.06563768000636487
2016-10-12,SP500,Strong Buy,1.0,2139.18,False,True,0.00011686721080040016,0.03063790798343289,0.060640058340111755
2016-10-13,SP500,Strong Buy,1.0,2132.55,False,True,0.00022977186935817763,0.037888912334997873,0.06393753956530909
2016-10-14,SP500,Strong Buy,1.0,2132.98,False,True,-0.0030801976577371393,0.032227212632092085,0.06673292764114064
2016-10-17,SP500,Strong Buy,1.0,2126.5,False,True,-0.0001645897013872133,0.0367552316012226,0.06768869033623327
2016-10-18,SP500,Strong Buy,1.0,2139.6,False,True,-0.013030472985604837,0.027673396896616208,0.06311460085997381
2016-10-19,SP500,Strong Buy,1.0,2144.29,False,True,-0.02161554640463739,0.02182074253016148,0.057641457079033113
2016-10-20,SP500,Strong Buy,1.0,2141.34,False,True,-0.024601417803805228,0.023634733391240843,0.06096649761364366
2016-10-21,SP500,Strong Buy,1.0,2141.16,False,True,-0.026144706607633256,0.029680173363971017,0.05722598965046993
2016-10-24,SP500,Strong Buy,1.0,2151.33,False,True,-0.00920825721762814,0.028308069891648465,0.055770151487684376
2016-10-25,SP500,Strong Buy,1.0,2143.16,False,True,-0.0016797625935534022,0.04581552473917023,0.056943951921461754
2016-10-26,SP500,Strong Buy,1.0,2139.43,False,True,0.011138480810309468,0.0499011418929342,0.0657371355921906
2016-10-27,SP500,Strong Buy,1.0,2133.04,False,True,0.016145970070884773,0.05930034129692844,0.07750909500056255
2016-10-28,SP500,Strong Buy,1.0,2126.41,False,True,0.01788930638964262,0.061394557023339895,0.08007392741757234
2016-10-31,SP500,Strong Buy,1.0,2126.15,False,True,0.01789619735202113,0.06846647696540682,0.07927004209486628
2016-11-01,SP500,Strong Buy,1.0,2111.72,False,True,0.03251851571231038,0.06703540242077567,0.08011478794537169
2016-11-02,SP500,Strong Buy,1.0,2097.94,False,True,0.037655986348513304,0.0782148202522475,0.08624174189919627
2016-11-03,SP500,Mild Buy,0.664449811881638,2088.66,True,True,0.04714027175318149,0.08110941943638521,0.09139352503519019
2016-11-04,SP500,Hold,0.377751036966124,2085.18,True,True,0.0463844847926799,0.08505260936705722,0.09383842162307335
2016-11-07,SP500,Strong Buy,1.0,2131.52,False,True,0.031273457438822934,0.06532427563428926,0.07783178201471255
2016-11-08,SP500,Strong Buy,0.9999999999999999,2139.56,False,True,0.02962291312232427,0.05871300641253337,0.07151003009964665
2016-11-09,SP500,Strong Buy,0.9999999999999999,2163.26,False,True,0.01916551870787588,0.045163318325120334,0.06001127927294902
2016-11-10,SP500,Strong Buy,0.9999999999999999,2167.48,False,True,0.021162825031834153,0.04443408935722588,0.0586810489600827
2016-11-11,SP500,Strong Buy,0.9999999999999999,2164.45,False,True,0.01721915498163505,0.04824782277252895,0.06626163690544946
2016-11-14,SP500,Strong Buy,0.9999999999999999,2164.2,False,True,0.0186951298401257,0.03960816930043446,0.07018759818870719
2016-11-15,SP500,Strong Buy,0.9999999999999999,2180.39,False,True,0.008448029939597996,0.03158609239631458,0.06781355629038847
2016-11-16,SP500,Strong Buy,0.9999999999999999,2176.94,False,True,0.006495355866491439,0.028429814326531678,0.07379165250305468
2016-11-17,SP500,Strong Buy,0.9999999999999999,2187.12,False,True,0.0022083836277844507,0.03233018764402504,0.07412944877281545
2016-11-18,SP500,Strong Buy,0.9999999999999999,2181.9,False,True,0.010454191301159514,0.040721389614556076,0.07576882533571644
2016-11-21,SP500,Strong Buy,0.9999999999999999,2198.18,False,True,0.006391651275145886,0.03221756180112646,0.06959393680226371
2016-11-22,SP500,Strong Buy,0.9999999999999999,2202.94,False,True,0.01743579035289198,0.03360963076615794,0.07373782309096029
2016-11-23,SP500,Strong Buy,0.9999999999999999,2204.72,False,True,0.018809644762146784,0.029110272506259433,0.07170978627671558
2016-11-25,SP500,Strong Buy,0.9999999999999999,2213.35,False,True,0.020864300720627237,0.025097702577540914,0.06797840377708
2016-11-28,SP500,Strong Buy,0.9999999999999999,2201.72,False,True,0.025089475500972076,0.03342841051541539,0.07522300746688969
2016-11-29,SP500,Strong Buy,1.0,2204.66,False,True,0.030417388622281872,0.02983680023223545,0.07488229477561173
2016-11-30,SP500,Strong Buy,1.0,2198.81,False,True,0.024772490574447203,0.03448683606132405,0.07496327558997819
2016-12-01,SP500,Strong Buy,1.0,2191.08,False,True,0.03238129141793101,0.03505577158296363,0.0935063986709751
2016-12-02,SP500,Strong Buy,1.0,2191.95,False,True,0.030164921645110677,0.036469809986541694,0.08666712288145272
2016-12-05,SP500,Strong Buy,1.0,2204.71,False,True,0.02622567140349532,0.02675181769937997,0.08092220745585581
2016-12-06,SP500,Strong Buy,1.0,2212.23,False,True,0.026457465995850433,0.026706083906284577,0.07371747060658246
2016-12-07,SP500,Strong Buy,1.0,2241.35,False,True,0.010631985187498574,0.01064090838110956,0.0566801258170299
2016-12-08,SP500,Strong Buy,1.0,2246.19,False,True,0.006575579091706392,0.01508331886438819,0.051994711044034546
2016-12-09,SP500,Strong Buy,1.0,2259.53,False,True,0.0018853478378245754,0.017189415497913144,0.04662031484423738
2016-12-12,SP500,Strong Buy,1.0,2256.96,False,True,0.005281440521763821,0.017598894087622198,0.0512370622430171
2016-12-13,SP500,Strong Buy,1.0,2271.72,False,True,-0.009596253059355787,0.010111281319881085,0.044789850861902
2016-12-14,SP500,Strong Buy,1.0,2253.28,False,True,-0.0017840658950507623,0.012257686572463204,0.049780764041752294
2016-12-15,SP500,Strong Buy,1.0,2262.03,False,True,-0.010256274231553194,0.007444640433592697,0.054477615239408854
2016-12-16,SP500,Strong Buy,1.0,2258.07,False,True,-0.00010628545616399689,0.009512548326668356,0.05460858166487307
2016-12-19,SP500,Strong Buy,1.0,2262.53,False,True,0.003633100997555745,0.008097130203798273,0.05114628314320685
2016-12-20,SP500,Strong Buy,1.0,2270.76,False,True,-0.0007750709013723239,0.01174056263101334,0.04523155243178476
2016-12-21,SP500,Strong Buy,1.0,2265.18,False,True,0.005209299040252953,0.012087339637468154,0.03480518104521502
2016-12-22,SP500,Strong Buy,1.0,2260.96,False,True,0.0035117826056188764,0.01420635482273012,0.038695952161913426
2016-12-23,SP500,Strong Buy,1.0,2263.79,False,True,0.002257276514164356,0.01364084124410838,0.03629753643226628
2016-12-27,SP500,Strong Buy,1.0,2268.88,False,True,0.0028384048517330375,0.017184690243644343,0.033100031733718796
2016-12-28,SP500,Strong Buy,1.0,2249.92,False,True,0.00912032427819655,0.02941437917792625,0.04074367088607598
2016-12-29,SP500,Strong Buy,1.0,2249.26,False,True,0.011283711087201859,0.03511821665792295,0.04859820563207452
2016-12-30,SP500,Strong Buy,1.0,2238.83,False,True,0.012979994014730885,0.044107859908970315,0.05462674700624888
2017-01-03,SP500,Strong Buy,1.0,2257.83,False,True,0.006227218169658454,0.040490205197025494,0.04882121328886587
2017-01-04,SP500,Strong Buy,1.0,2270.75,False,True,-0.003109104921281491,0.03367609820543865,0.040502036771991545
2017-01-05,SP500,Strong Buy,1.0,2269.0,False,True,0.0010180696342000641,0.03620978404583511,0.0395945350374615
2017-01-06,SP500,Strong Buy,1.0,2276.98,False,True,-0.00517351931066597,0.038823353740480855,0.03653084348566954
2017-01-09,SP500,Strong Buy,0.9999999999999999,2268.9,False,True,0.004923090484375721,0.04139450835206491,0.03704438274053494
2017-01-10,SP500,Strong Buy,0.9999999999999999,2268.9,False,True,0.012988672925205958,0.04183084313984744,0.03904535237339666
2017-01-11,SP500,Strong Buy,1.0,2275.32,False,True,0.009387690522651614,0.04044266301003814,0.03525657929434092
2017-01-12,SP500,Strong Buy,1.0,2270.44,False,True,0.010680749105900177,0.04374042035904932,0.03819523968922314
2017-01-13,SP500,Strong Buy,1.0,2274.64,False,True,0.0027520838462351048,0.03912707065733479,0.034792318784511105
2017-01-17,SP500,Strong Buy,0.9999999999999999,2267.89,False,True,0.004841504658515192,0.05647099286120587,0.03396990153843439
2017-01-18,SP500,Strong Buy,1.0,2271.89,False,True,0.0033716421129545487,0.04843104199587137,0.025115652606420184
2017-01-19,SP500,Strong Buy,0.9999999999999999,2263.69,False,True,0.007580543272267782,0.05275899085122072,0.03769067319288426
2017-01-20,SP500,Strong Buy,0.9999999999999999,2271.31,False,True,0.011495568636601842,0.04578855374211358,0.031206660473471304
2017-01-23,SP500,Strong Buy,0.9999999999999999,2265.2,False,True,0.012078403672964916,0.04555447642592268,0.03221349108246524
2017-01-24,SP500,Strong Buy,1.0,2280.07,False,True,0.005705965167735974,0.03636291868232109,0.03323143587696868
2017-01-25,SP500,Strong Buy,1.0,2298.37,False,True,-0.0016098365363278403,0.028933548558326118,0.021893776894059774
2017-01-26,SP500,Strong Buy,1.0,2296.68,False,True,0.004872250378807694,0.0330564118640821,0.03373129909260335
2017-01-27,SP500,Strong Buy,0.9999999999999999,2294.69,False,True,0.009330236328218562,0.034331434747177064,0.040929275849896966
2017-01-30,SP500,Strong Buy,0.9999999999999999,2280.9,False,True,0.020759349379630806,0.03706870095137872,0.04671401639703614
2017-01-31,SP500,Strong Buy,0.9999999999999999,2278.87,False,True,0.025762768389596614,0.04668541865047165,0.04822565569778008
2017-02-01,SP500,Strong Buy,0.9999999999999999,2279.55,False,True,0.030576210216928697,0.04467109736570811,0.04590818363273437
2017-02-02,SP500,Strong Buy,0.9999999999999999,2280.85,False,True,0.029098800885634695,0.04270337812657566,0.04712278317293992
2017-02-03,SP500,Strong Buy,1.0,2297.42,False,True,0.02339145650338196,0.033102349592151074,0.04080664397454536
2017-02-06,SP500,Strong Buy,0.9999999999999999,2292.56,False,True,0.0317636179641973,0.02244652266461948,0.04168702236800789
2017-02-07,SP500,Strong Buy,1.0,2293.08,False,True,0.030413243323390477,0.024146562701693745,0.042056971409632486
2017-02-08,SP500,Strong Buy,1.0,2294.67,False,True,0.03013069417388987,0.022351797862001928,0.04559261244536247
2017-02-09,SP500,Strong Buy,1.0,2307.87,False,True,0.02576834917044732,0.015646461889101262,0.039651280184759205
2017-02-10,SP500,Strong Buy,1.0,2316.1,False,True,0.02316393938085579,0.01100556970769839,0.03489486637019134
2017-02-13,SP500,Strong Buy,1.0,2328.25,False,True,0.015200257704284278,0.01302265650166441,0.03065821969290244
2017-02-14,SP500,Strong Buy,1.0,2337.58,False,True,0.024974546325687297,0.010074521513702283,0.02432430120038678
2017-02-15,SP500,Strong Buy,1.0,2349.25,False,True,0.013906565925295338,0.008006810684260911,0.017729062466744744
2017-02-16,SP500,Strong Buy,1.0,2347.22,False,True,0.015294689036392027,0.006603556547745844,0.023474578437470868
2017-02-17,SP500,Strong Buy,1.0,2351.16,False,True,0.01027152554483748,0.0032664727198490496,0.021057690671838675
2017-02-21,SP500,Strong Buy,1.0,2365.38,False,True,0.0012725228081744851,-0.002206833574309521,-0.003530088188789923
2017-02-22,SP500,Strong Buy,1.0,2362.82,False,True,6.77156956517443e-05,-0.004177211975520922,0.0012273469836888277
2017-02-23,SP500,Strong Buy,1.0,2363.81,False,True,0.00044842859620694786,-0.002673649743422764,0.00758098155097071
2017-02-24,SP500,Strong Buy,1.0,2367.34,False,True,0.0022219030641985366,-0.004984497368354432,0.011270033032855372
2017-02-27,SP500,Strong Buy,1.0,2369.75,False,True,0.001569785842388353,-0.005312796708513617,0.01209832260787006
2017-02-28,SP500,Strong Buy,1.0,2363.64,False,True,0.0007657680526645113,-0.0041715320437967175,0.017240358091756783
2017-03-01,SP500,Strong Buy,1.0,2395.96,False,True,-0.004465850848928954,-0.0212983522262476,0.007975926142339659
2017-03-02,SP500,Strong Buy,1.0,2381.92,False,True,-0.0002267078659232735,-0.02223836232954938,0.0142322160274065
2017-03-03,SP500,Strong Buy,1.0,2383.12,False,True,-0.002043539561583089,-0.01431316929067763,0.012500419617979777
2017-03-06,SP500,Strong Buy,1.0,2375.31,False,True,-0.0007746357317571793,-0.013943443171628078,0.015362205354248598
2017-03-07,SP500,Strong Buy,1.0,2368.39,False,True,-0.010289690464830494,-0.012759722849699501,0.02603878584185885
2017-03-08,SP500,Strong Buy,1.0,2362.98,False,True,-0.006149015226536069,-0.0030216083081532103,0.0322008650094373
2017-03-09,SP500,Strong Buy,1.0,2364.87,False,True,-0.007996211208227029,-0.006841813714918722,0.03012004888217958
2017-03-10,SP500,Strong Buy,1.0,2372.6,False,True,-0.01206271600775516,0.0006532917474501315,0.023910477956672015
2017-03-13,SP500,Strong Buy,1.0,2373.47,False,True,-0.01343181080864711,0.006378846161948678,0.025140406240651905
2017-03-14,SP500,Strong Buy,1.0,2365.45,False,True,-0.0029085374875814983,0.009300555919592467,0.028890908706588662
2017-03-15,SP500,Strong Buy,1.0,2385.26,False,True,-0.01011629759439227,0.0014715376940039086,0.01949892254932366
2017-03-16,SP500,Strong Buy,1.0,2381.38,False,True,-0.005593395426181526,0.0011841873199572135,0.020160579159982768
2017-03-17,SP500,Strong Buy,1.0,2378.25,False,True,-0.00653001156312423,0.00423841059602646,0.026111636707663158
2017-03-20,SP500,Strong Buy,1.0,2373.47,False,True,-0.0061639708949342755,0.007457435737548936,0.02715433521384314
2017-03-21,SP500,Strong Buy,1.0,2344.02,False,True,0.006885606778099108,0.018818098821682464,0.03773005349783707
2017-03-22,SP500,Strong Buy,1.0,2348.45,False,True,0.0019161574655623924,0.017488130469032838,0.03606634162958559
2017-03-23,SP500,Strong Buy,1.0,2345.96,False,True,0.004914832307456114,0.022732697914712923,0.045823458200480824
2017-03-24,SP500,Strong Buy,1.0,2343.98,False,True,0.004931782694391567,0.023635013950631018,0.03969743769144796
2017-03-27,SP500,Strong Buy,1.0,2341.59,False,True,0.006649328020703756,0.02362924337736321,0.04015220427145656
2017-03-28,SP500,Strong Buy,1.0,2358.57,False,True,-0.002030891599570911,0.017408853669808377,0.03219323573182048
2017-03-29,SP500,Strong Buy,1.0,2361.13,False,True,-0.006861121581615698,0.014107651844667573,0.03268350323785648
2017-03-30,SP500,Strong Buy,1.0,2368.06,False,True,-0.016515628826972342,0.009645025886168486,0.029986571286200612
2017-03-31,SP500,Strong Buy,1.0,2362.72,False,True,-0.00580263425204831,0.016760344010293377,0.023980835647050988
2017-04-03,SP500,Strong Buy,1.0,2358.84,False,True,-0.007058554204609083,0.017733292635363114,0.03469925895779277
2017-04-04,SP500,Strong Buy,1.0,2360.16,False,True,-0.009317164937970215,-0.0013261812758455591,0.02522710324723746
2017-04-05,SP500,Strong Buy,1.0,2352.95,False,True,0.0012282453940799115,0.005427229647888813,0.029945387704796125
2017-04-06,SP500,Strong Buy,1.0,2357.49,False,True,-0.0037327835961126995,0.01028212208747449,0.030337350317498884
2017-04-07,SP500,Strong Buy,1.0,2355.54,False,True,0.00790052387138411,0.016335956935564677,0.032688895115345104
2017-04-10,SP500,Strong Buy,1.0,2357.16,False,True,0.013342327207317397,0.01750411512158709,0.0223107468309322
2017-04-11,SP500,Strong Buy,1.0,2353.78,False,True,0.01430465039213504,0.021501584685059635,0.030334185862739775
2017-04-12,SP500,Strong Buy,1.0,2344.93,False,True,0.018695654028052074,0.029911340637034083,0.03518228689129313
2017-04-13,SP500,Strong Buy,1.0,2328.95,False,True,0.02372313703600335,0.03730007084737773,0.04146933167307172
2017-04-17,SP500,Strong Buy,1.0,2349.01,False,True,0.01673896662849443,0.02720294932758891,0.04011902886748025
2017-04-18,SP500,Strong Buy,1.0,2342.19,False,True,0.020912052395407724,0.029720048330835726,0.04510308728156122
2017-04-19,SP500,Strong Buy,1.0,2338.17,False,True,0.02136713754774034,0.039299965357523135,0.05179264125362994
2017-04-20,SP500,Strong Buy,0.9999999999999999,2355.84,False,True,0.014296386851399006,0.035329224395544694,0.043848478674273175
2017-04-21,SP500,Strong Buy,0.9999999999999999,2348.69,False,True,0.021543924485564254,0.03721649089492434,0.04765209542340627
2017-04-24,SP500,Strong Buy,0.9999999999999999,2374.15,False,True,0.010626961228229058,0.023242002400859184,0.04198555272413278
2017-04-25,SP500,Strong Buy,0.9999999999999999,2388.61,False,True,0.0034790108054474967,0.018642641536290874,0.035518565190633754
2017-04-26,SP500,Strong Buy,0.9999999999999999,2387.45,False,True,0.005101677522042469,0.01940983057236807,0.03564053697459639
2017-04-27,SP500,Strong Buy,0.9999999999999999,2388.77,False,True,0.0023736065004165627,0.018000895858538077,0.033967271859576216
2017-04-28,SP500,Strong Buy,0.9999999999999999,2384.2,False,True,0.0028101669323044517,0.01895394681654226,0.03897743477896162
2017-05-01,SP500,Strong Buy,0.9999999999999999,2388.33,False,True,0.0058576494872987555,0.021780909673286348,0.03747388342481985
2017-05-02,SP500,Strong Buy,1.0,2391.17,False,True,0.0039729504803088025,0.019551098416256477,0.03523379768063333
2017-05-03,SP500,Strong Buy,0.9999999999999999,2388.13,False,True,-0.013022741643042844,0.0185626410622537,0.0351614024362157
2017-05-04,SP500,Strong Buy,1.0,2389.52,False,True,-0.009960159362549877,0.018258897184371802,0.03380595265994853
2017-05-05,SP500,Strong Buy,1.0,2399.29,False,True,-0.00731883182108038,0.02257751251411879,0.03211783485947924
2017-05-08,SP500,Strong Buy,1.0,2399.38,False,True,-0.0022339104268603253,0.015691553651359973,0.032587585126157614
2017-05-09,SP500,Strong Buy,1.0,2396.92,False,True,0.0006258031139962952,0.016141548320344465,0.03139028419805408
2017-05-10,SP500,Strong Buy,1.0,2399.63,False,True,0.0019836391443679912,0.014531406925234261,0.032171626459079034
2017-05-11,SP500,Strong Buy,1.0,2394.44,False,True,0.008615793254372676,0.018317435391991498,0.03611282805165291
2017-05-12,SP500,Strong Buy,1.0,2390.9,False,True,0.010422853318833941,0.020147224894391264,0.03514157848508929
2017-05-15,SP500,Strong Buy,1.0,2402.32,False,True,0.0044082387025873694,0.007101468580372284,0.029846148722901117
2017-05-16,SP500,Strong Buy,1.0,2400.67,False,True,0.0046362057259015646,0.016670346195020547,0.015637301253400078
2017-05-17,SP500,Strong Buy,1.0,2357.03,False,True,0.030983907714369242,0.026588545754614754,0.035761106137809
2017-05-18,SP500,Strong Buy,1.0,2365.72,False,True,0.031005359890435204,0.02438581066229311,0.04232115381363828
2017-05-19,SP500,Strong Buy,1.0,2381.73,False,True,0.022827944393361083,0.019851116625310257,0.03479823489648286
2017-05-22,SP500,Strong Buy,1.0,2394.02,False,True,0.014749250215119317,0.016090091143766545,0.03094794529703183
2017-05-23,SP500,Strong Buy,1.0,2398.42,False,True,0.01447619682957939,0.0047239432626478796,0.013171171020922167
2017-05-24,SP500,Strong Buy,1.0,2404.39,False,True,0.012227633620169811,0.008646683774262896,0.008800568959278781
2017-05-25,SP500,Strong Buy,1.0,2415.07,False,True,0.0069149134393619305,0.00511786407847378,0.00550708675110855
2017-05-26,SP500,Strong Buy,1.0,2415.82,False,True,0.005617140349860382,0.004019339189178016,0.015187389788974366
2017-05-30,SP500,Strong Buy,1.0,2412.91,False,True,0.011372160586180196,0.012574028869705106,0.012901434367630832
2017-05-31,SP500,Strong Buy,1.0,2411.8,False,True,0.010830085413384148,0.014939049672443711,0.011265444895928192
2017-06-01,SP500,Strong Buy,1.0,2430.06,False,True,0.0009876299350633692,0.012020279334666649,0.005345547023530381
2017-06-02,SP500,Strong Buy,1.0,2439.07,False,True,-0.0024271546122087814,0.00822854612618732,0.0021196603623510673
2017-06-05,SP500,Strong Buy,1.0,2436.1,False,True,0.007126144246952148,0.010061163334838561,0.004187020237264592
2017-06-06,SP500,Strong Buy,1.0,2429.33,False,True,0.003169598201973496,0.0183178077906254,0.011632837037372534
2017-06-07,SP500,Strong Buy,1.0,2433.14,False,True,0.0010151491488365877,0.016567069712388086,0.01582728490756809
2017-06-08,SP500,Strong Buy,1.0,2433.79,False,True,0.0002917260733259798,0.01592166949490301,0.017569305486504677
2017-06-09,SP500,Strong Buy,1.0,2431.77,False,True,0.0026852868486740935,0.015684049067140344,0.010724698470661258
2017-06-12,SP500,Strong Buy,1.0,2429.39,False,True,0.003984539328802824,0.019651023507958887,0.014880278588452284
2017-06-13,SP500,Strong Buy,1.0,2440.35,False,True,-0.008593029688364293,0.015358452680967902,0.010141987829614604
2017-06-14,SP500,Strong Buy,1.0,2437.92,False,True,0.0011362144779155927,0.015381964953731049,0.009643466561659021
2017-06-15,SP500,Strong Buy,1.0,2432.46,False,True,-0.005245718326303502,0.01629625975350052,0.022878074048494155
2017-06-16,SP500,Strong Buy,1.0,2433.15,False,True,-0.004003041325031435,0.015268273637054883,0.026027988410085662
2017-06-19,SP500,Strong Buy,1.0,2453.46,False,True,-0.009965518084664032,0.00932968134797383,0.018304761438947385
2017-06-20,SP500,Strong Buy,1.0,2437.03,False,True,-0.0018424065358244404,0.016635002441496394,0.024041558782616417
2017-06-21,SP500,Strong Buy,1.0,2435.61,False,True,-0.010617463386995507,0.01500650761000313,0.026531341224580243
2017-06-22,SP500,Strong Buy,0.9999999999999999,2434.5,False,True,-0.0038283014992812336,0.017387553912507674,0.028494557403984346
2017-06-23,SP500,Strong Buy,0.9999999999999999,2438.3,False,True,-0.004458024033137983,0.017475290161177735,0.02803182545215925
2017-06-26,SP500,Strong Buy,0.9999999999999999,2439.07,False,True,-0.005551296190761217,0.014698225143189783,0.02835916968352676
2017-06-27,SP500,Strong Buy,0.9999999999999999,2419.38,False,True,0.009866164058560412,0.02258429845662933,0.033570584199257576
2017-06-28,SP500,Strong Buy,1.0,2440.69,False,True,0.002925402242808334,-0.0010161061011435366,0.025210084033613342
2017-06-29,SP500,Strong Buy,1.0,2419.7,False,True,0.016353266933917497,0.008934991941149873,0.03180559573500849
2017-06-30,SP500,Strong Buy,1.0,2423.41,False,True,0.014743687613734374,0.017508386942366456,0.03030027935842482
2017-07-03,SP500,Strong Buy,1.0,2429.01,False,True,0.013009415358520512,0.014656176796307922,0.03212419874763782
2017-07-05,SP500,Strong Buy,1.0,2432.54,False,True,0.01697402714857719,0.014622575579435554,0.03186792406291365
2017-07-06,SP500,Strong Buy,1.0,2409.75,False,True,0.026434277414669496,0.008407511152609282,0.04548604627036005
2017-07-07,SP500,Strong Buy,1.0,2425.18,False,True,0.019528447372978555,0.00015256599510153705,0.04285867440767286
2017-07-10,SP500,Strong Buy,1.0,2427.43,False,True,0.01749998970104185,0.0003872408267179917,0.044141334662585574
2017-07-11,SP500,Strong Buy,1.0,2425.53,False,True,0.021273701005553387,0.01112334211491922,0.046262054066533734
2017-07-12,SP500,Strong Buy,1.0,2443.25,False,True,0.014153279443364341,0.000323339813772624,0.0445390361199223
2017-07-13,SP500,Strong Buy,1.0,2447.83,False,True,0.011271207559348543,-0.0036195324021685033,0.041465297835225484
2017-07-14,SP500,Strong Buy,1.0,2459.27,False,True,0.0052169952872193484,-0.006595453122267909,0.034750149434588325
2017-07-17,SP500,Strong Buy,1.0,2459.14,False,True,0.004538171881226897,-0.006059028766154059,0.037208129671348525
2017-07-18,SP500,Strong Buy,1.0,2460.61,False,True,0.006396787788393846,-0.0058156310833492285,0.03845794335550926
2017-07-19,SP500,Strong Buy,1.0,2473.83,False,True,0.0015118257923948844,-0.006564719483553754,0.031166248287069005
2017-07-20,SP500,Strong Buy,1.0,2473.45,False,True,-0.0005215387414340148,-0.0007277284764194656,0.0322302856334271
2017-07-21,SP500,Strong Buy,1.0,2472.54,False,True,0.0017350578757067484,0.0016218140050313517,0.034418047837446474
2017-07-24,SP500,Strong Buy,1.0,2469.91,False,True,0.004453603572599812,-0.00488276900777759,0.03621589450627767
2017-07-25,SP500,Strong Buy,1.0,2477.13,False,True,-0.0008921614933410989,-0.004678801677748098,0.03396269069447308
2017-07-26,SP500,Strong Buy,1.0,2477.83,False,True,-0.0015376357538652552,-0.005137559881024937,0.03400959710714616
2017-07-27,SP500,Strong Buy,1.0,2475.42,False,True,-0.015031792584692713,-0.005651566198867359,0.04031235103537984
2017-07-28,SP500,Strong Buy,1.0,2472.1,False,True,-0.012450952631365942,0.006476275231584571,0.037571295659560744
2017-07-31,SP500,Strong Buy,1.0,2470.3,False,True,-0.0018054487309233842,0.010597903088693614,0.04000728656438486
2017-08-01,SP500,Strong Buy,1.0,2476.35,False,True,-0.004740848426110922,0.008892119449996964,0.03262866719163292
2017-08-02,SP500,Strong Buy,1.0,2477.57,False,True,-0.0038182574054416367,0.0072853642883953735,0.033431951468576034
2017-08-03,SP500,Strong Buy,1.0,2472.16,False,True,-0.017049867322503253,0.011354443078117988,0.044054591935797166
2017-08-04,SP500,Strong Buy,1.0,2476.83,False,True,-0.02070388359314113,0.010917180428208623,0.03875922045517859
2017-08-07,SP500,Strong Buy,1.0,2480.91,False,True,-0.021177713016594706,0.010375225219778322,0.03803040013543432
2017-08-08,SP500,Strong Buy,1.0,2474.92,False,True,-0.00905483813618212,0.013463061432288603,0.04219934381717391
2017-08-09,SP500,Strong Buy,0.9999999999999999,2474.02,False,True,-0.012117929523609355,0.010743647989911127,0.04277653373861162
2017-08-10,SP500,Strong Buy,1.0,2438.21,True,True,0.0003117040779915444,0.026252865831901173,0.061368791039328074
2017-08-11,SP500,Strong Buy,1.0,2441.32,True,True,0.0007086330345878533,0.02266806481739374,0.06136434387954055
2017-08-14,SP500,Strong Buy,0.9999999999999999,2465.84,False,True,-0.008759692437465676,0.01257178081302923,0.05061155630535628
2017-08-15,SP500,Strong Buy,0.9999999999999999,2464.61,False,True,-0.007429167292188194,0.017215705527446466,0.052653360978004625
2017-08-16,SP500,Strong Buy,1.0,2468.11,False,True,-0.004262370801949663,0.016996811325265006,0.047206161799919676
2017-08-17,SP500,Strong Buy,1.0,2430.01,True,True,0.017135731951720308,0.036769396010715966,0.06267052398961319
2017-08-18,SP500,Strong Buy,1.0,2425.55,False,True,0.021026159015481022,0.04269959390653654,0.06567170332501905
2017-08-21,SP500,Strong Buy,1.0,2428.37,False,True,0.012139830421229063,0.04373715702302369,0.06197572857513477
2017-08-22,SP500,Strong Buy,1.0,2452.51,False,True,0.005312924310196389,0.03475215187705639,0.04571235183546638
2017-08-23,SP500,Strong Buy,1.0,2444.04,False,True,0.008616880247459102,0.044201404232336705,0.05793685864388468
2017-08-24,SP500,Strong Buy,1.0,2438.97,False,True,0.009208805356359463,0.04524860904398174,0.057352078951360665
2017-08-25,SP500,Strong Buy,1.0,2443.05,False,True,0.018444157917357377,0.04162010601502213,0.056932932195411345
2017-08-28,SP500,Strong Buy,1.0,2444.24,False,True,0.021372696625536054,0.043530913494583226,0.06332847838182848
2017-08-29,SP500,Strong Buy,1.0,2446.3,False,True,0.021285206229816337,0.044532559375383064,0.061635939991006715
2017-08-30,SP500,Strong Buy,1.0,2457.59,False,True,0.015474509580523904,0.0379802977713938,0.05893171765835632
2017-08-31,SP500,Strong Buy,1.0,2471.65,False,True,0.011563125847106155,0.032982016062144716,0.0525033884247365
2017-09-01,SP500,Strong Buy,1.0,2476.55,False,True,0.011031475237729788,0.03274313056469673,0.06076598493872515
2017-09-05,SP500,Strong Buy,1.0,2457.85,False,True,0.019854751103606887,0.04130032345342483,0.06844193095591686
2017-09-06,SP500,Strong Buy,1.0,2465.54,False,True,0.01731872125376178,0.03882313813606766,0.0738337240523374
2017-09-07,SP500,Strong Buy,1.0,2465.1,False,True,0.014401038497424041,0.039349316457750194,0.07185104052573928
2017-09-08,SP500,Strong Buy,1.0,2461.43,False,True,0.016571667689107537,0.04622516179619173,0.07231974908894433
2017-09-11,SP500,Strong Buy,1.0,2488.11,False,True,0.0034363432484897077,0.030894936317124196,0.0568543995241368
2017-09-12,SP500,Strong Buy,1.0,2496.48,False,True,0.00014420303787738228,0.029100974171633695,0.05319089277703004
2017-09-13,SP500,Strong Buy,1.0,2498.37,False,True,0.0034702626112225465,0.02352733982556635,0.055480173072843544
2017-09-14,SP500,Strong Buy,1.0,2495.62,False,True,0.005786137312571648,0.0259574775005811,0.062461432429616735
2017-09-15,SP500,Strong Buy,1.0,2500.23,False,True,0.007651296080760614,0.03233302536166678,0.0638981213728336
2017-09-18,SP500,Strong Buy,1.0,2503.87,False,True,0.010084389365262575,0.027541365965485443,0.06399693274810603
2017-09-19,SP500,Strong Buy,1.0,2506.65,False,True,0.011142361318891682,0.027371192627610605,0.06231424411066556
2017-09-20,SP500,Strong Buy,1.0,2508.24,False,True,0.011761234969540397,0.028354543424871762,0.057319076324434844
2017-09-21,SP500,Strong Buy,1.0,2500.6,False,True,0.02058306006558436,0.031692393825481883,0.07006718387586981
2017-09-22,SP500,Strong Buy,1.0,2502.22,False,True,0.018827281374139818,0.034217614758094955,0.07510930293899021
2017-09-25,SP500,Strong Buy,1.0,2496.66,False,True,0.01925372297389319,0.03783855230588076,0.07402289458716844
2017-09-26,SP500,Strong Buy,1.0,2496.84,False,True,0.02154723570593219,0.037567485301420886,0.07305634321782727
2017-09-27,SP500,Strong Buy,1.0,2507.04,False,True,0.019225859978301032,0.034837896483502516,0.07081259174165558
2017-09-28,SP500,Strong Buy,1.0,2510.06,False,True,0.016282479303283543,0.029704469215875298,0.06903420635363307
2017-09-29,SP500,Strong Buy,1.0,2519.36,False,True,0.013420074939667195,0.02498253524704689,0.06396068842880727
2017-10-02,SP500,Strong Buy,1.0,2529.12,False,True,0.011276649585626615,0.02203137850319489,0.06069304738407035
2017-10-03,SP500,Strong Buy,1.0,2534.58,False,True,0.00977676774850279,0.017474295544034894,0.06034924918526937
2017-10-04,SP500,Strong Buy,1.0,2537.74,False,True,0.009268088929520139,0.01059210163373715,0.05353976372678066
2017-10-05,SP500,Strong Buy,1.0,2552.07,False,True,0.003930142981971398,0.013154027906757928,0.056322906503348175
2017-10-06,SP500,Strong Buy,1.0,2549.33,False,True,0.010151686913816614,0.011579513048526469,0.06422471786704743
2017-10-09,SP500,Strong Buy,1.0,2544.73,False,True,0.007957622223182814,0.014700970240457674,0.0704436227026049
2017-10-10,SP500,Strong Buy,1.0,2550.64,False,True,0.007249160994887651,0.018971709061255344,0.07547517485807492
2017-10-11,SP500,Strong Buy,1.0,2555.24,False,True,0.0007474836023231905,0.016374195770260388,0.07532364865922585
2017-10-12,SP500,Strong Buy,1.0,2550.93,False,True,0.003712371566448415,0.02018479534914727,0.0785439035959435
2017-10-13,SP500,Strong Buy,1.0,2553.17,False,True,0.01092759197389915,0.018898075725470687,0.07639914302612044
2017-10-16,SP500,Strong Buy,1.0,2557.64,False,True,0.005939068829076827,0.027134389515334485,0.0820756635022912
2017-10-17,SP500,Strong Buy,1.0,2559.36,False,True,0.006212490622655699,0.026065110027506888,0.08864716179044747
2017-10-18,SP500,Strong Buy,1.0,2561.26,False,True,0.007066834292496626,0.03370216221703369,0.0840055285289271
2017-10-19,SP500,Strong Buy,1.0,2562.1,False,True,0.006927910698255338,0.031271222825026306,0.09385269895788613
2017-10-20,SP500,Strong Buy,1.0,2575.21,False,True,0.004904454394010628,0.024941655243650038,0.08652498242861753
2017-10-23,SP500,Strong Buy,1.0,2564.98,False,True,0.010195011267144418,0.025181482896552858,0.09564207128320695
2017-10-24,SP500,Strong Buy,1.0,2569.13,False,True,0.008372484070482912,0.023408702556896643,0.10269624347541763
2017-10-25,SP500,Strong Buy,1.0,2557.15,False,True,0.014559177209002216,0.031218348552098988,0.11027120035977553
2017-10-26,SP500,Strong Buy,1.0,2560.4,False,True,0.00945945945945938,0.03558037806592716,0.10824089985939692
2017-10-27,SP500,Strong Buy,1.0,2581.07,False,True,0.00047654654852445616,0.03057646634922711,0.10002828284393675
2017-10-30,SP500,Strong Buy,1.0,2572.83,False,True,0.004668011489293976,0.03547844202687321,0.11661866504977009
2017-10-31,SP500,Strong Buy,1.0,2575.26,False,True,0.0014018002065809558,0.03401209974915142,0.10805510899870303
2017-11-01,SP500,Strong Buy,1.0,2579.36,False,True,-0.005714595868742726,0.028165901619006298,0.09423655480429242
2017-11-02,SP500,Strong Buy,1.0,2579.85,False,True,0.002244316530030802,0.03719596100548483,0.09456363742078029
2017-11-03,SP500,Strong Buy,1.0,2587.84,False,True,-0.0034739396562384985,0.039538765920613214,0.0904770001236552
2017-11-06,SP500,Strong Buy,1.0,2591.13,False,True,-0.003469528738426955,0.03486509746712812,0.06599437311134523
2017-11-07,SP500,Strong Buy,1.0,2590.64,False,True,0.003238581972022484,0.034203903282586594,0.022504091653027896
2017-11-08,SP500,Strong Buy,1.0,2594.38,False,True,0.0010407110754784641,0.0347636044064478,0.038837795542672915
2017-11-09,SP500,Strong Buy,1.0,2584.62,False,True,0.006886892463882576,0.038195169889577676,0.03754517105028978
2017-11-10,SP500,Strong Buy,1.0,2582.3,False,True,0.007404252023389958,0.038028114471595015,-0.0005034271773226123
2017-11-13,SP500,Strong Buy,1.0,2584.84,False,True,0.0163259621485275,0.037828260163104775,0.013428297302734418
2017-11-14,SP500,Strong Buy,1.0,2578.87,False,True,0.018302589894023457,0.04213861109710845,0.02990844827385642
2017-11-15,SP500,Strong Buy,1.0,2564.62,False,True,0.03234787219939018,0.042497523999656964,0.03833706358056951
2017-11-16,SP500,Strong Buy,1.0,2585.64,False,True,0.02188239662133937,0.04260840642935601,0.0436990454974398
2017-11-17,SP500,Strong Buy,1.0,2578.85,False,True,0.023494968687593366,0.052042577117707524,0.059076720243519364
2017-11-20,SP500,Strong Buy,1.0,2582.14,False,True,0.018368485055031986,0.05493505387004574,0.05812233263881894
2017-11-21,SP500,Strong Buy,1.0,2599.03,False,True,0.011635110021815746,0.055451456889685724,0.04510528928100099
2017-11-22,SP500,Strong Buy,1.0,2597.08,False,True,0.015363408135290439,0.05799975356939336,0.04014123554145425
2017-11-24,SP500,Strong Buy,1.0,2602.42,False,True,0.018859369356214573,0.057204448167474845,0.03901752983761267
2017-11-27,SP500,Strong Buy,1.0,2601.42,False,True,0.022514626626995913,0.05643456266193077,0.056077065602632446
2017-11-28,SP500,Strong Buy,1.0,2627.04,False,True,0.014110938546805592,0.05348985930933674,0.0580729642487362
2017-11-29,SP500,Strong Buy,1.0,2626.07,False,True,0.014005719573354763,0.060992281241550914,0.04501403237537462
2017-11-30,SP500,Strong Buy,1.0,2647.58,False,True,0.0016732261159248412,0.04866330762432113,0.025022851056436445
2017-12-01,SP500,Strong Buy,0.9999999999999999,2642.22,False,True,0.01271279454398201,0.06068381890985616,0.013416748037635123
2017-12-04,SP500,Strong Buy,0.9999999999999999,2639.44,False,True,0.019216197375200725,0.060084714939532685,0.019629163762010102
2017-12-05,SP500,Strong Buy,0.9999999999999999,2629.57,False,True,0.019737067277159244,0.06872986838152245,0.03474712595595473
2017-12-06,SP500,Strong Buy,0.9999999999999999,2629.27,False,True,0.019009078565533407,0.0774739756662495,0.037595986718747
2017-12-07,SP500,Strong Buy,0.9999999999999999,2636.98,False,True,0.018047160008797997,0.07665966370620941,0.03406169178378302
2017-12-08,SP500,Strong Buy,0.9999999999999999,2651.5,False,True,0.012008297190269714,0.07016405808033187,0.03298887422213834
2017-12-11,SP500,Strong Buy,0.9999999999999999,2659.99,False,True,0.007710555302839567,0.06739123079410082,0.047586645062575574
2017-12-12,SP500,Strong Buy,0.9999999999999999,2664.11,False,True,0.006947911309968343,0.0783601277725018,0.044634042888619406
2017-12-13,SP500,Strong Buy,0.9999999999999999,2662.85,False,True,0.009272020579454365,0.07160748821751142,0.03847757102352744
2017-12-14,SP500,Strong Buy,0.9999999999999999,2652.01,False,True,0.008144765668304384,0.06426069283298314,0.03675325507822361
2017-12-15,SP500,Strong Buy,1.0,2675.81,False,True,0.007474372246160976,0.05531035462159122,0.026728355152271642
2017-12-18,SP500,Strong Buy,1.0,2690.16,False,True,0.008512504832426358,0.04900080292622006,0.022991197549588265
2017-12-19,SP500,Strong Buy,1.0,2681.47,False,True,0.015856973973231096,0.030080515538119135,0.011728641379541922
2017-12-20,SP500,Strong Buy,0.9999999999999999,2679.25,False,True,0.02384995801063734,-0.01131286740692356,0.014067369599701429
2017-12-21,SP500,Strong Buy,1.0,2684.57,False,True,0.02351959531694084,0.00393731584574055,0.01019157630458497
2017-12-22,SP500,Strong Buy,0.9999999999999999,2683.34,False,True,0.025322918452376445,-0.000626085401030168,-0.01477636080407257
2017-12-26,SP500,Strong Buy,0.9999999999999999,2680.5,False,True,0.025267673941428846,-0.037119940309643724,-0.034411490393583204
2017-12-27,SP500,Strong Buy,0.9999999999999999,2682.62,False,True,0.03166307564992435,-0.023510597848372006,-0.008972571590459964
2017-12-28,SP500,Strong Buy,1.0,2687.54,False,True,0.0367250347901798,-0.011735639283508325,-0.027876794391897452
2017-12-29,SP500,Strong Buy,0.9999999999999999,2673.61,False,True,0.03845362637033821,-0.003990858801395892,-0.025661932742621445
2018-01-02,SP500,Strong Buy,1.0,2695.81,False,True,0.03959848802400763,0.0010460677866764214,-0.02037977453900685
2018-01-03,SP500,Strong Buy,1.0,2713.06,False,True,0.031318879788873176,0.0066861772316129655,-0.048351308117033844
2018-01-04,SP500,Strong Buy,1.0,2723.99,False,True,0.03168513834485457,0.0030213033087493047,-0.04021306979834727
2018-01-05,SP500,Strong Buy,1.0,2743.15,False,True,0.03274337896214195,-0.009802599201647694,-0.03589304266992328
2018-01-08,SP500,Strong Buy,1.0,2747.71,False,True,0.033271342317784655,-0.01687951057426006,-0.030887539077995817
2018-01-09,SP500,Strong Buy,1.0,2751.29,False,True,0.0313489308651578,-0.01720283939533816,-0.053364058314463454
2018-01-10,SP500,Strong Buy,1.0,2748.23,False,True,0.03311949873191108,-0.00033839962448551844,-0.049147997074480726
2018-01-11,SP500,Strong Buy,1.0,2767.56,False,True,0.03805156889100867,0.004350402520631879,-0.039995519518998705
2018-01-12,SP500,Strong Buy,1.0,2786.24,False,True,0.02415082692086842,-0.015059722062708017,-0.05170049959802448
2018-01-16,SP500,Strong Buy,1.0,2776.42,False,True,0.016571700247080687,-0.02254341922331641,-0.04049459375742873
2018-01-17,SP500,Strong Buy,1.0,2802.56,False,True,0.0075823532770038825,-0.04456282827129477,-0.05218799954327464
2018-01-18,SP500,Strong Buy,1.0,2798.03,False,True,0.008559593714148817,-0.03816256437565008,-0.04295522206695427
2018-01-19,SP500,Strong Buy,1.0,2810.3,False,True,-0.01714051880582147,-0.03179731701241865,-0.036974700209942105
2018-01-22,SP500,Strong Buy,1.0,2832.97,False,True,-0.06496009488275546,-0.03701062842176229,-0.043886804307846514
2018-01-23,SP500,Strong Buy,1.0,2839.13,False,True,-0.05071624053847489,-0.03956493714623843,-0.05142420389344623
2018-01-24,SP500,Strong Buy,1.0,2837.54,False,True,-0.05493490840657757,-0.03473783629481881,-0.058994763069419316
2018-01-25,SP500,Strong Buy,1.0,2839.25,False,True,-0.09095711895747116,-0.018554195650259692,-0.05950867306507002
2018-01-26,SP500,Strong Buy,1.0,2872.87,False,True,-0.0881766317306386,-0.03127534486419501,-0.08295189131426063
2018-01-29,SP500,Strong Buy,1.0,2853.53,True,True,-0.06922303252462746,-0.030916093400104518,-0.07504038857134851
2018-01-30,SP500,Strong Buy,1.0,2822.43,True,True,-0.056508044486488516,-0.025846522322962775,-0.05509082599036993
2018-01-31,SP500,Strong Buy,1.0,2823.81,True,True,-0.044330178021892354,-0.02708397519663151,-0.05450083397962331
2018-02-01,SP500,Strong Buy,1.0,2821.98,True,True,-0.03216890268534866,-0.024794647729608217,-0.06163403000729978
2018-02-02,SP500,Strong Buy,1.0,2762.13,True,True,-0.010828599667647905,-0.017815960870777275,-0.038857693157092504
2018-02-05,SP500,Strong Buy,1.0,2648.94,True,True,0.02541393916056995,0.02567064561673726,-0.005009550990207397
2018-02-06,SP500,Strong Buy,1.0,2695.14,True,True,0.0022967267006537896,0.006229732036183636,-0.02426961122613291
2018-02-07,SP500,Strong Buy,1.0,2681.66,True,True,0.00831574472528217,-0.014159140234034069,-0.006801757120589404
2018-02-08,SP500,Strong Buy,1.0,2581.0,True,True,0.06443239054629996,0.00281286323130578,0.03550174351026738
2018-02-09,SP500,Strong Buy,1.0,2619.55,True,True,0.061098280238972236,0.014888053291595883,0.019991983355919868
2018-02-12,SP500,Strong Buy,1.0,2656.0,True,True,0.033237951807228994,-0.016332831325301247,0.015734186746987937
2018-02-13,SP500,Strong Buy,1.0,2662.94,True,True,0.019110456863466647,-0.02175790667457774,0.022580305977603743
2018-02-14,SP500,Strong Buy,1.0,2698.63,True,True,-0.007766903947558589,-0.021403452863119513,0.010779543694392966
2018-02-15,SP500,Strong Buy,1.0,2731.2,True,True,-0.014627270064440473,-0.05467193907439943,-0.0003917691857058103
2018-02-16,SP500,Strong Buy,1.0,2732.22,True,True,-0.004128510881261299,-0.04310414241898529,-0.007601876862038922
2018-02-20,SP500,Strong Buy,1.0,2716.26,True,True,0.004366297777090437,-0.026348729503066774,0.0022825502713288925
2018-02-21,SP500,Strong Buy,1.0,2701.33,True,True,0.009428688831057389,-0.01424853683185682,0.006959534747698424
2018-02-22,SP500,Strong Buy,1.0,2703.96,True,True,0.012947676740780102,-0.03679418334590757,0.0033321498838739345
2018-02-23,SP500,Strong Buy,1.0,2747.3,False,True,0.01429403414261274,-0.04882612019073283,-0.00520147053470679
2018-02-26,SP500,Strong Buy,1.0,2779.6,False,True,0.001230392862282369,-0.04415383508418478,-0.019844581954237966
2018-02-27,SP500,Strong Buy,1.0,2744.28,True,True,0.007663212208666661,-0.03720101447374179,-0.004004693398632879
2018-02-28,SP500,Strong Buy,1.0,2713.83,True,True,0.013136416061433506,-0.018365188681678715,0.00513296706131198
2018-03-01,SP500,Strong Buy,1.0,2677.67,True,True,0.02601515496681811,-0.00798081914500289,0.016305220583567002
2018-03-02,SP500,Strong Buy,1.0,2691.25,True,True,0.022576869484440397,-0.004982814677194558,-0.0005164886205294465
2018-03-05,SP500,Strong Buy,1.0,2720.94,True,True,-0.0029475107867134084,-0.005347416701581138,0.0011282865480312552
2018-03-06,SP500,Strong Buy,1.0,2728.12,False,True,-0.004098060202630323,-0.007140448367373876,-0.008375731272817879
2018-03-07,SP500,Strong Buy,1.0,2726.8,False,True,-0.005453278568285296,-0.012347806953205248,0.002867830423940043
2018-03-08,SP500,Strong Buy,1.0,2738.97,False,True,-0.03478679941729911,-0.02512988459165304,0.00288429592145956
2018-03-09,SP500,Strong Buy,1.0,2786.57,False,True,-0.07116634428706256,-0.04172872025465005,-0.013554297936172419
2018-03-12,SP500,Strong Buy,1.0,2783.02,False,True,-0.044724795366184865,-0.05334492745291088,-0.0038339645421161445
2018-03-13,SP500,Strong Buy,1.0,2765.31,False,True,-0.05521623253812414,-0.04553196567473443,0.0018298129323656102
2018-03-14,SP500,Strong Buy,1.0,2749.48,False,True,-0.052548118189621316,-0.030020222005615594,0.010747486797503593
2018-03-15,SP500,Strong Buy,0.9999999999999999,2747.33,False,True,-0.03875035034014845,-0.02818008757593739,0.01261952513895312
2018-03-16,SP500,Strong Buy,1.0,2752.01,False,True,-0.06182026954843917,-0.03777602552316308,0.012659837718612827
2018-03-19,SP500,Strong Buy,1.0,2712.92,True,True,-0.03629668401574696,-0.02142341093729262,0.023115314863689323
2018-03-20,SP500,Strong Buy,1.0,2716.94,False,True,-0.026592416468527093,-0.02991232783940756,0.02412640691366012
2018-03-21,SP500,Strong Buy,1.0,2711.93,False,True,-0.01810149966997662,-0.030310516864373277,0.024974833421216633
2018-03-22,SP500,Strong Buy,1.0,2643.69,True,True,-0.014835324867893079,0.007463053535021132,0.04919638838139114
2018-03-23,SP500,Hold,0.33730595011170894,2588.26,True,True,0.0096203627147194,0.03259718884501552,0.06735412980148822
2018-03-26,SP500,Strong Buy,1.0,2658.55,True,True,-0.0006319234169002994,0.005029057192830637,0.04091327979537717
2018-03-27,SP500,Strong Buy,0.8521373968167847,2612.62,True,True,0.011318140410775453,0.03259945954635579,0.05249136881750899
2018-03-28,SP500,Mild Buy,0.6362140381849133,2605.0,True,True,0.022644913627639072,0.045324376199616184,0.057535508637236124
2018-03-29,SP500,Strong Buy,1.0,2640.87,True,True,0.005842771510903714,0.032886889547762636,0.0288541276170354
2018-04-02,SP500,Hold,-0.062196835277345236,2581.88,True,False,0.03716671572652487,0.05741939981718747,0.05468108510077921
2018-04-03,SP500,Strong Buy,0.7321403758666237,2614.45,True,True,0.035166096119642776,0.037101493621985504,0.032580466254852954
2018-04-04,SP500,Strong Buy,1.0,2644.69,False,True,0.024180527774521707,0.02940609296363656,0.027080678642865473
2018-04-05,SP500,Strong Buy,1.0,2662.84,False,True,0.011375073230085159,0.02151462348470053,0.020853675023658855
2018-04-06,SP500,Mild Buy,0.4386543826071744,2604.47,True,True,0.025214343033323507,0.04165914754249425,0.04693469304695398
2018-04-09,SP500,Mild Buy,0.5787240067250653,2613.16,True,True,0.0218624194461878,0.0458640113885106,0.038290805002372585
2018-04-10,SP500,Strong Buy,1.0,2656.87,False,True,-0.008397098841870301,0.02543218147670009,0.03001275937475309
2018-04-11,SP500,Strong Buy,1.0,2642.19,False,True,-0.0010559422297412237,0.03447897388151492,0.0445198869119935
2018-04-12,SP500,Strong Buy,1.0,2663.99,False,True,0.0011073615141199004,0.023937777544210167,0.045112781954887334
2018-04-13,SP500,Strong Buy,1.0,2656.3,False,True,0.0051236682603620345,0.02448142152618294,0.05177879004630499
2018-04-16,SP500,Strong Buy,1.0,2677.84,False,True,-0.0111246377677531,0.0044886923789322665,0.03591700773757948
2018-04-17,SP500,Strong Buy,1.0,2706.39,False,True,-0.019062293313232642,0.006510517700701062,0.03395667291114736
2018-04-18,SP500,Strong Buy,1.0,2708.64,False,True,-0.026939718825683665,-0.0012441668143422127,0.034212741449583584
2018-04-19,SP500,Strong Buy,1.0,2693.13,False,True,-0.02354138121813655,0.015405866036916072,0.039099486471132
2018-04-20,SP500,Strong Buy,1.0,2670.14,False,True,-0.002516721969634476,0.02873632094197309,0.052210745503981186
2018-04-23,SP500,Strong Buy,1.0,2670.29,False,True,0.0008763093147186806,0.029401300982290397,0.05442480030258883
2018-04-24,SP500,Strong Buy,1.0,2634.56,False,True,0.014180736062188802,0.05230095347989796,0.06450033402162025
2018-04-25,SP500,Strong Buy,1.0,2639.4,False,True,0.02212245207244066,0.04962112601348784,0.06154050162915808
2018-04-26,SP500,Strong Buy,1.0,2666.94,False,True,0.021046592724245805,0.04202944198219688,0.05250961776417916
2018-04-27,SP500,Strong Buy,1.0,2669.91,False,True,0.021652415249952227,0.041982688555044986,0.05636519583057116
2018-04-30,SP500,Strong Buy,1.0,2648.05,False,True,0.030996393572628886,0.05241592870225249,0.07477955476671512
2018-05-01,SP500,Strong Buy,1.0,2654.8,False,True,0.021338707247250125,0.045513786349254154,0.06879614283561845
2018-05-02,SP500,Strong Buy,1.0,2635.67,False,True,0.032929008563287496,0.055705001005436836,0.06948897244343946
2018-05-03,SP500,Strong Buy,1.0,2629.73,False,True,0.034376152684876427,0.057013457655348584,0.0657367866663117
2018-05-04,SP500,Strong Buy,1.0,2663.42,False,True,0.01860390024855251,0.04142418394395173,0.05739612978801687
2018-05-07,SP500,Strong Buy,1.0,2672.63,False,True,0.02259197868765976,0.0336597284322933,0.0526559980244179
2018-05-08,SP500,Strong Buy,1.0,2671.92,False,True,0.019656277134045923,0.035704661816222075,0.05812299769454165
2018-05-09,SP500,Strong Buy,1.0,2697.79,False,True,0.013158918967006328,0.019263916020149922,0.05284325318130764
2018-05-10,SP500,Strong Buy,1.0,2723.07,False,True,0.0017223207629624116,0.011681668117235306,0.046759723400426695
2018-05-11,SP500,Strong Buy,1.0,2727.72,False,True,-0.0023426158110069484,-0.003904359685011525,0.0479264733916971
2018-05-14,SP500,Strong Buy,1.0,2730.13,False,True,-0.014750213359803373,-0.0025896202744924834,0.046726712647382984
2018-05-15,SP500,Strong Buy,1.0,2711.45,False,True,0.004632207859263641,-0.004359291154179391,0.05241844769403829
2018-05-16,SP500,Strong Buy,1.0,2722.46,False,True,-0.006314142356545203,-0.0022589863579263207,0.040705832225266914
2018-05-17,SP500,Strong Buy,1.0,2720.13,False,True,0.005326951285416426,-0.000647027899401947,0.03742468190858515
2018-05-18,SP500,Strong Buy,1.0,2712.97,False,True,0.012495530728316233,0.005064560242096388,0.04680847926810847
2018-05-21,SP500,Strong Buy,1.0,2733.01,False,True,0.0057775127057712785,-0.00724110047164131,0.0312329629236628
2018-05-22,SP500,Strong Buy,1.0,2724.44,False,True,0.01758526522881761,0.004466973029319813,0.04266931919954192
2018-05-23,SP500,Strong Buy,1.0,2733.29,False,True,0.013566068730357895,0.009706251440571693,0.04274701916005991
2018-05-24,SP500,Strong Buy,1.0,2727.76,False,True,0.01879564184532363,0.0206799718450303,0.04739786491480187
2018-05-25,SP500,Strong Buy,0.9999999999999999,2721.33,False,True,0.022294245828326616,0.026645059584835436,0.052044404757967656
2018-05-29,SP500,Strong Buy,0.9999999999999999,2689.86,False,True,0.03605763868751525,0.031287873718334726,0.06392897771631238
2018-05-30,SP500,Strong Buy,0.9999999999999999,2724.01,False,True,0.018950003854611357,0.027268622361885507,0.04881406455923429
2018-05-31,SP500,Strong Buy,0.9999999999999999,2705.27,False,True,0.028544285782934716,0.035501077526457606,0.06262591164652699
2018-06-01,SP500,Strong Buy,1.0,2734.62,False,True,0.016470295690077585,0.023334137832678743,0.05928428812778371
2018-06-04,SP500,Strong Buy,1.0,2746.87,False,True,0.009785683341403164,0.02281869910115888,0.054844240899642176
2018-06-05,SP500,Strong Buy,1.0,2748.8,False,True,0.005016734575087297,0.024308789289871836,0.06011350407450516
2018-06-06,SP500,Strong Buy,1.0,2772.35,False,True,-0.0018143452305804627,0.011593052825220435,0.04645156636066882
2018-06-07,SP500,Strong Buy,1.0,2770.37,False,True,-0.007439439497251152,0.011355883871107484,0.04734024697062129
2018-06-08,SP500,Strong Buy,1.0,2779.03,False,True,-0.008690082510804161,0.01005746609428463,0.04234930893153352
2018-06-11,SP500,Strong Buy,1.0,2782.0,False,True,-0.023339324227174635,0.01380301941049608,0.03831775700934576
2018-06-12,SP500,Strong Buy,1.0,2786.85,False,True,-0.022889642427830693,0.021249798159212106,0.03272511975886764
2018-06-13,SP500,Strong Buy,1.0,2775.63,False,True,-0.02738117112151115,0.022268818250271088,0.03460475639764656
2018-06-14,SP500,Strong Buy,1.0,2782.49,False,True,-0.023784452055532937,0.013056650697756465,0.03401270085427094
2018-06-15,SP500,Strong Buy,1.0,2779.66,False,True,-0.022049459286387532,0.008252807897368764,0.03893641668405489
2018-06-18,SP500,Strong Buy,1.0,2773.75,False,True,-0.01695899053627759,0.015336638125281646,0.041521406038756224
2018-06-19,SP500,Strong Buy,0.9999999999999999,2762.59,False,True,-0.01787091099294515,0.018377681813081196,0.051252628873629344
2018-06-20,SP500,Strong Buy,1.0,2767.32,False,True,-0.011097379414017908,0.021645490944306994,0.049744879522425976
2018-06-21,SP500,Strong Buy,0.9999999999999999,2749.76,False,True,0.00365850110555101,0.03294469335505633,0.050564412894216204
2018-06-22,SP500,Strong Buy,1.0,2754.88,False,True,0.010632042049018455,0.03467301661052386,0.05424192705308392
2018-06-25,SP500,Strong Buy,1.0,2717.07,False,True,0.028254700835826818,0.052033992499272985,0.07025214661381549
2018-06-26,SP500,Strong Buy,1.0,2723.06,False,True,0.018714240596975476,0.049444375078037166,0.07627081298245358
2018-06-27,SP500,Strong Buy,1.0,2699.63,False,True,0.036545748861881014,0.05702633323825851,0.08521167715575836
2018-06-28,SP500,Strong Buy,1.0,2716.31,False,True,0.031292451892457045,0.04306209526894952,0.0747558268386156
2018-06-29,SP500,Strong Buy,1.0,2718.37,False,True,0.029451472757571612,0.03809635921526501,0.07253979406776857
2018-07-02,SP500,Strong Buy,1.0,2726.71,False,True,0.030380935266310003,0.04153356975989379,0.06574223148042871
2018-07-03,SP500,Strong Buy,1.0,2713.22,False,True,0.03774113415056652,0.038754689999336615,0.07400063393311276
2018-07-05,SP500,Strong Buy,1.0,2736.61,False,True,0.02480441129718873,0.03803245621407505,0.06481376593668806
2018-07-06,SP500,Strong Buy,1.0,2759.82,False,True,0.015222007232355646,0.032723148611141284,0.05970316904725669
2018-07-09,SP500,Strong Buy,1.0,2784.17,False,True,0.008192746850946581,0.026176562494387955,0.05001849743370547
2018-07-10,SP500,Strong Buy,1.0,2793.84,False,True,0.009506628869226564,0.024740142599433,0.04712868310282624
2018-07-11,SP500,Strong Buy,1.0,2774.02,False,True,0.025973136459001803,0.03165081722554278,0.04599462152399772
2018-07-12,SP500,Strong Buy,1.0,2798.29,False,True,0.013990687169664364,0.020973523115902948,0.03119047704133603
2018-07-13,SP500,Strong Buy,1.0,2801.31,False,True,0.006250647018716322,0.026194887391970224,0.029671832107121272
2018-07-16,SP500,Strong Buy,1.0,2798.43,False,True,0.0014901212465561308,0.03513041240981549,0.02926998352647746
2018-07-17,SP500,Strong Buy,1.0,2809.55,False,True,0.0023989606876545287,0.031311064049402856,-0.00849602249470568
2018-07-18,SP500,Strong Buy,1.0,2815.62,False,True,-0.0008026651323686305,0.03495500102996856,-0.030987846371314312
2018-07-19,SP500,Strong Buy,1.0,2804.49,False,True,0.00810486042025467,0.03445902820120604,-0.013321495173810453
2018-07-20,SP500,Strong Buy,1.0,2801.83,False,True,0.013748157454235261,0.03558031714986279,-0.018216665536452948
2018-07-23,SP500,Strong Buy,1.0,2806.98,False,True,0.015468581892282835,0.031970302602797235,0.0010473890088280125
2018-07-24,SP500,Strong Buy,1.0,2820.4,False,True,0.013490994185221858,0.024180967238689483,-0.003967522337257146
2018-07-25,SP500,Strong Buy,1.0,2846.07,False,True,0.004086336597483426,0.011236547238824068,-0.027156745969002857
2018-07-26,SP500,Strong Buy,1.0,2837.44,False,True,0.005688226006541062,0.012067215518213523,-0.024550298860945025
2018-07-27,SP500,Strong Buy,1.0,2818.82,False,True,0.0051298060890727455,0.020685960792104476,-0.02232849206405519
2018-07-30,SP500,Strong Buy,1.0,2802.6,False,True,0.006897166916434713,0.030432455576964234,-0.022090201955327144
2018-07-31,SP500,Strong Buy,1.0,2816.29,False,True,0.008404674234542633,0.02578924755618211,-0.05687979575966966
2018-08-01,SP500,Strong Buy,1.0,2813.36,False,True,0.0017807888076889426,0.03228168453379578,-0.03831361788039922
2018-08-02,SP500,Strong Buy,1.0,2827.22,False,True,0.00476439753538821,0.02750404991475733,-0.05960979336592121
2018-08-03,SP500,Strong Buy,1.0,2840.35,False,True,0.00344323762916549,0.01705775696657112,-0.07009699508863342
2018-08-06,SP500,Strong Buy,1.0,2850.4,False,True,0.0023330058939096585,0.018913134998596638,-0.05885840583777715
2018-08-07,SP500,Strong Buy,1.0,2858.45,False,True,0.001577778166488908,0.01731707743707254,-0.051325018803897234
2018-08-08,SP500,Strong Buy,1.0,2857.7,False,True,0.001441718864821481,0.02556251530951471,-0.04105749378871118
2018-08-09,SP500,Strong Buy,1.0,2853.58,False,True,0.0011914857827711475,0.026664750944427752,-0.04573903657861353
2018-08-10,SP500,Strong Buy,1.0,2833.28,False,True,0.014615569234244357,0.030385277840523944,-0.033519454483849194
2018-08-13,SP500,Strong Buy,0.9999999999999999,2821.93,False,True,0.02651022527135682,0.03317941975881759,-0.023558344820743257
2018-08-14,SP500,Strong Buy,0.9999999999999999,2839.96,False,True,0.020267891097057684,0.0232432851166917,-0.009179706756433247
2018-08-15,SP500,Strong Buy,0.9999999999999999,2818.37,False,True,0.033945152694642676,0.033930960093955055,-0.004094565298381676
2018-08-16,SP500,Strong Buy,0.9999999999999999,2840.69,False,True,0.021276520845287607,0.025800069701375355,-0.021008980212553933
2018-08-17,SP500,Strong Buy,1.0,2850.13,False,True,0.0180307564918091,0.026125124117145546,-0.0434752099027063
2018-08-20,SP500,Strong Buy,1.0,2857.05,False,True,0.013884951260915846,0.02323375509704053,-0.04720603419611149
2018-08-21,SP500,Strong Buy,1.0,2862.96,False,True,0.008955766060301183,0.02184801743649935,-0.0563682342750161
2018-08-22,SP500,Strong Buy,0.9999999999999999,2861.82,False,True,0.0056712162190494225,0.013903739578310292,-0.045991711568163035
2018-08-23,SP500,Strong Buy,0.9999999999999999,2856.98,False,True,0.005145293281716994,0.010007070403013022,-0.042250908301773214
2018-08-24,SP500,Strong Buy,1.0,2874.69,False,True,0.0008487871735735174,0.0033881914223793806,-0.06399298706991016
2018-08-27,SP500,Strong Buy,1.0,2896.74,False,True,-0.003055158557550871,-0.0056615367620151055,-0.08797820998777935
2018-08-28,SP500,Strong Buy,1.0,2897.52,False,True,-0.0029680554405146155,-0.03859852563571611,-0.08544893564151418
2018-08-29,SP500,Strong Buy,1.0,2914.04,False,True,-0.003383618618824768,-0.06371566622283842,-0.09659441874510989
2018-08-30,SP500,Strong Buy,1.0,2901.13,False,True,0.001327069107554611,-0.04618889880839535,-0.07847976478130946
2018-08-31,SP500,Strong Buy,1.0,2901.52,False,True,-0.004383909123493824,-0.0519486338195153,-0.07559830709421266
2018-09-04,SP500,Strong Buy,1.0,2896.72,False,True,0.0026202049214284246,-0.029964925847164977,-0.05279419481344412
2018-09-05,SP500,Strong Buy,0.9999999999999999,2888.6,False,True,0.006698746797756667,-0.02748390223637744,-0.05220522052205211
2018-09-06,SP500,Strong Buy,0.9999999999999999,2878.05,False,True,0.01831100919025028,-0.03796667882767846,-0.04095828772953913
2018-09-07,SP500,Strong Buy,0.9999999999999999,2871.68,False,True,0.02019375417873866,-0.03618091152217505,-0.02831443614887451
2018-09-10,SP500,Strong Buy,1.0,2877.13,False,True,0.01468129698692787,-0.042142690806463386,-0.06154396916371528
2018-09-11,SP500,Strong Buy,1.0,2887.89,False,True,0.009581389872882996,-0.05097147051999897,-0.06646375035060202
2018-09-12,SP500,Strong Buy,1.0,2888.92,False,True,0.005901859518435861,-0.08059067056200939,-0.08855904628719388
2018-09-13,SP500,Strong Buy,1.0,2904.18,False,True,0.0033813331129613745,-0.06838763437527966,-0.09175051133194226
2018-09-14,SP500,Strong Buy,1.0,2904.98,False,True,0.0030981280421896193,-0.08478199505676458,-0.09232421565725059
2018-09-17,SP500,Strong Buy,1.0,2888.8,False,True,0.012389227360841859,-0.08569302132373309,-0.08229368595956799
2018-09-18,SP500,Strong Buy,1.0,2904.31,False,True,0.006583319273768947,-0.07632794019922111,-0.08737703619792653
2018-09-19,SP500,Strong Buy,1.0,2907.95,False,True,0.0060386182706031405,-0.0674736498220396,-0.10591653914269503
2018-09-20,SP500,Strong Buy,1.0,2930.75,False,True,-0.009942847394011729,-0.06495948136142629,-0.13130086155420964
2018-09-21,SP500,Strong Buy,1.0,2929.67,False,True,-0.015052889915929067,-0.07052330125918622,-0.1309055286090243
2018-09-24,SP500,Strong Buy,1.0,2919.37,False,True,-0.011968335634058053,-0.062020230392173636,-0.14126678016147315
2018-09-25,SP500,Strong Buy,1.0,2915.56,False,True,-0.01208001207315226,-0.05491569372607668,-0.15370632056963324
2018-09-26,SP500,Strong Buy,0.9999999999999999,2905.97,False,True,-0.04139409560318929,-0.031686493666486557,-0.16839471845889667
2018-09-27,SP500,Strong Buy,1.0,2914.0,False,True,-0.06370281400137272,-0.036777625257378196,
2018-09-28,SP500,Strong Buy,0.9999999999999999,2913.98,False,True,-0.050394992415871045,-0.04563174764411554,
2018-10-01,SP500,Strong Buy,0.9999999999999999,2924.59,False,True,-0.05942713337596045,-0.06782831097692338,
2018-10-02,SP500,Strong Buy,0.9999999999999999,2923.43,False,True,-0.03882767844620866,-0.06884036901858434,
2018-10-03,SP500,Strong Buy,1.0,2925.51,False,True,-0.03975375233719938,-0.07654391883808302,
2018-10-04,SP500,Strong Buy,1.0,2901.61,False,True,-0.045778033574463806,-0.059074100240900845,
2018-10-05,SP500,Strong Buy,1.0,2885.57,False,True,-0.040820357849575634,-0.05174021077291494,
2018-10-08,SP500,Strong Buy,0.9999999999999999,2884.43,False,True,-0.0445668641638035,-0.0671536490745138,
2018-10-09,SP500,Strong Buy,1.0,2880.34,False,True,-0.048483859544359374,-0.08278536561655925,
2018-10-10,SP500,Strong Buy,0.9886426665271209,2785.68,True,True,-0.046516469946296754,-0.04873136900146464,
2018-10-11,SP500,Strong Sell,-0.9,2728.37,True,False,-0.008356637846039844,-0.03511620491355643,
2018-10-12,SP500,Hold,0.2925101800828377,2767.13,False,True,-0.0391886178097885,-0.0338545713428716,
2018-10-15,SP500,Mild Sell,-0.4262380105697553,2750.79,False,False,-0.039821287702805366,-0.024945561093358597,
2018-10-16,SP500,Strong Buy,1.0,2809.92,False,True,-0.04530022207037921,-0.02353447784990324,
2018-10-17,SP500,Strong Buy,1.0,2809.21,False,True,-0.0346965872967846,-0.025419957924113844,
2018-10-18,SP500,Hold,0.27777942979368175,2768.78,False,True,-0.01026083690289597,-0.003109672852303226,
2018-10-19,SP500,Hold,0.08366489027175053,2767.78,False,False,-0.016157353546886043,0.008161775863688476,
2018-10-22,SP500,Hold,-0.1802185521307814,2755.88,False,False,-0.006375459018534974,-0.02025487321654069,
2018-10-23,SP500,Mild Sell,-0.6393774648925523,2740.69,False,False,0.005385505110026951,-0.01632435627524464,
2018-10-24,SP500,Strong Sell,-0.75,2656.1,True,False,0.05940664884605247,-0.008666842362862838,
2018-10-25,SP500,Strong Sell,-0.75,2705.57,True,False,0.037426494232268896,-0.025077894861341734,
2018-10-26,SP500,Strong Sell,-0.75,2658.69,True,False,0.046007620294205104,-0.008240900593901453,
2018-10-29,SP500,Strong Sell,-0.75,2641.25,True,False,0.032170373876005603,0.0037179365830573266,
2018-10-30,SP500,Strong Sell,-0.75,2682.63,True,False,0.014742994747691529,-0.011962141629669446,
2018-10-31,SP500,Strong Sell,-1.0,2711.74,False,False,-0.0037466718785723763,-0.04122445367181218,
2018-11-01,SP500,Hold,-0.27805638120233855,2740.37,False,False,-0.0037111776876845365,-0.07095027313829878,
2018-11-02,SP500,Strong Sell,-0.75,2723.06,False,False,0.004851160091955387,-0.06496368056524648,
2018-11-05,SP500,Mild Sell,-0.46616090331688664,2738.31,False,False,-0.017375680620528695,-0.08448641680452539,
2018-11-06,SP500,Hold,-0.1848741745493599,2755.45,False,False,-0.04121286904135439,-0.10453102034150494,
2018-11-07,SP500,Strong Buy,0.7999999999999999,2813.89,False,True,-0.058268091503221535,-0.1411817803823177,
2018-11-08,SP500,Strong Buy,0.7999999999999999,2806.83,False,True,-0.06208783574352561,,
2018-11-09,SP500,Hold,0.3071242008479407,2781.01,False,True,-0.03867659591299578,,
2018-11-12,SP500,Strong Sell,-0.95,2726.22,False,False,-0.01615790361746291,,
2018-11-13,SP500,Strong Sell,-0.95,2722.18,False,False,0.007938490474546183,,
2018-11-14,SP500,Strong Sell,-0.95,2701.58,False,False,0.013406969255028633,,
2018-11-15,SP500,Strong Sell,-0.9074925234458975,2730.2,False,False,0.01097721778624286,,
2018-11-16,SP500,Strong Sell,-0.7982770768982486,2736.27,False,False,0.01977144068385061,,
2018-11-19,SP500,Strong Sell,-0.95,2690.73,False,False,0.0034674605032834686,,
2018-11-20,SP500,Strong Sell,-0.95,2641.89,True,False,0.02046262334919317,,
2018-11-21,SP500,Strong Sell,-0.85,2649.93,False,False,-0.006358658530602661,,
2018-11-23,SP500,Strong Sell,-0.95,2632.56,False,False,0.0019600692861700604,,
2018-11-26,SP500,Strong Sell,-1.0,2673.45,False,False,-0.013716359011763685,,
2018-11-27,SP500,Strong Sell,-1.0,2682.17,False,False,-0.011595089051029543,,
2018-11-28,SP500,Mild Sell,-0.4230297848440542,2743.79,False,False,-0.03398583710852507,,
2018-11-29,SP500,Strong Sell,-0.7753082748063714,2737.8,False,False,-0.05035064650449279,,
2018-11-30,SP500,Hold,0.1396604673679509,2760.17,False,False,-0.07761478459660094,,
2018-12-03,SP500,Strong Buy,1.0,2790.37,False,True,-0.08751885950608702,,
2018-12-04,SP500,Strong Sell,-1.0,2700.06,False,False,-0.07151692925342397,,
2018-12-06,SP500,Strong Sell,-0.95,2695.95,False,False,-0.08476789257961007,,
2018-12-07,SP500,Strong Sell,-0.95,2633.08,True,False,-0.08220790860892949,,
2018-12-10,SP500,Strong Sell,-0.95,2637.72,True,False,,,
2018-12-11,SP500,Strong Sell,-0.95,2636.78,True,False,,,
2018-12-12,SP500,Strong Sell,-1.0,2651.07,False,False,,,
2018-12-13,SP500,Strong Sell,-1.0,2650.54,False,False,,,
2018-12-14,SP500,Strong Sell,-1.0,2599.95,False,False,,,
2018-12-17,SP500,Strong Sell,-1.0,2545.94,True,False,,,
2018-12-18,SP500,Strong Sell,-1.0,2546.16,True,False,,,
2018-12-19,SP500,Strong Sell,-1.0,2506.96,True,False,,,
2018-12-20,SP500,Strong Sell,-1.0,2467.42,True,False,,,
2018-12-21,SP500,Strong Sell,-1.0,2416.62,True,False,,,
